BEGIN TRANSACTION;
CREATE TABLE IF NOT EXISTS "Schools" (
	"School_name"	varchar(5) NOT NULL,
	PRIMARY KEY("School_name")
);
CREATE TABLE IF NOT EXISTS "Student" (
	"student_id"	INTEGER,
	"school"	VARCHAR(15),
	"sex"	VARCHAR(15),
	"age"	INTEGER,
	"traveltime"	INTEGER,
	"studytime"	INTEGER,
	"failures"	INTEGER,
	"schoolsup"	VARCHAR(15),
	"famsup"	VARCHAR(15),
	"paid"	VARCHAR(15),
	"activities"	VARCHAR(15),
	"nursery"	VARCHAR(15),
	"higher"	VARCHAR(15),
	"internet"	VARCHAR(15),
	"romantic"	VARCHAR(15),
	"famrel"	INTEGER,
	"freetime"	INTEGER,
	"goout"	INTEGER,
	"Dalc"	INTEGER,
	"Walc"	INTEGER,
	"health"	INTEGER,
	"absences"	INTEGER,
	"G1"	INTEGER,
	"G2"	INTEGER,
	"G3"	INTEGER,
	"course"	varchar(15),
	PRIMARY KEY("student_id" AUTOINCREMENT),
	FOREIGN KEY("school") REFERENCES "Schools"("School_name")
);
CREATE TABLE IF NOT EXISTS "Reason" (
	"reason"	varchar(15) NOT NULL,
	PRIMARY KEY("reason")
);
CREATE TABLE IF NOT EXISTS "Reason_Map" (
	"reason"	varchar(15),
	"student_id"	INTEGER,
	FOREIGN KEY("reason") REFERENCES "Reason"("reason"),
	FOREIGN KEY("student_id") REFERENCES "Student"("student_id")
);
CREATE TABLE IF NOT EXISTS "Parent_Edu" (
	"edu_level"	INTEGER NOT NULL,
	"edu_description"	varchar(15),
	PRIMARY KEY("edu_level")
);
CREATE TABLE IF NOT EXISTS "Parent_Job" (
	"job"	varchar(15) NOT NULL,
	PRIMARY KEY("job")
);
CREATE TABLE IF NOT EXISTS "Family_Status" (
	"student_id"	INTEGER NOT NULL,
	"Medu"	INTEGER NOT NULL,
	"Fedu"	INTEGER NOT NULL,
	"Mjob"	varchar(15),
	"Fjob"	varchar(15),
	FOREIGN KEY("Medu") REFERENCES "Parent_Edu",
	FOREIGN KEY("Mjob") REFERENCES "Parent_Job",
	FOREIGN KEY("Fedu") REFERENCES "Parent_Edu",
	FOREIGN KEY("Fjob") REFERENCES "Parent_Job",
	FOREIGN KEY("student_id") REFERENCES "Student"("student_id")
);
CREATE TABLE IF NOT EXISTS "Family_Dynamic" (
	"student_id"	INTEGER NOT NULL,
	"address"	varchar(15),
	"famsize"	varchar(15),
	"pstatus"	varchar(15),
	"guardian"	varchar(15),
	FOREIGN KEY("student_id") REFERENCES "Student"("student_id")
);
INSERT INTO "Schools" VALUES ('GP');
INSERT INTO "Schools" VALUES ('MS');
INSERT INTO "Student" VALUES (1,'GP','F',18,2,2,0,'yes','no','no','no','yes','yes','no','no',4,3,4,1,1,3,6,5,6,6,'math');
INSERT INTO "Student" VALUES (2,'GP','F',17,1,2,0,'no','yes','no','no','no','yes','yes','no',5,3,3,1,1,3,4,5,5,6,'math');
INSERT INTO "Student" VALUES (3,'GP','F',15,1,2,3,'yes','no','yes','no','yes','yes','yes','no',4,3,2,2,3,3,10,7,8,10,'math');
INSERT INTO "Student" VALUES (4,'GP','F',15,1,3,0,'no','yes','yes','yes','yes','yes','yes','yes',3,2,2,1,1,5,2,15,14,15,'math');
INSERT INTO "Student" VALUES (5,'GP','F',16,1,2,0,'no','yes','yes','no','yes','yes','no','no',4,3,2,1,2,5,4,6,10,10,'math');
INSERT INTO "Student" VALUES (6,'GP','M',16,1,2,0,'no','yes','yes','yes','yes','yes','yes','no',5,4,2,1,2,5,10,15,15,15,'math');
INSERT INTO "Student" VALUES (7,'GP','M',16,1,2,0,'no','no','no','no','yes','yes','yes','no',4,4,4,1,1,3,0,12,12,11,'math');
INSERT INTO "Student" VALUES (8,'GP','F',17,2,2,0,'yes','yes','no','no','yes','yes','no','no',4,1,4,1,1,1,6,6,5,6,'math');
INSERT INTO "Student" VALUES (9,'GP','M',15,1,2,0,'no','yes','yes','no','yes','yes','yes','no',4,2,2,1,1,1,0,16,18,19,'math');
INSERT INTO "Student" VALUES (10,'GP','M',15,1,2,0,'no','yes','yes','yes','yes','yes','yes','no',5,5,1,1,1,5,0,14,15,15,'math');
INSERT INTO "Student" VALUES (11,'GP','F',15,1,2,0,'no','yes','yes','no','yes','yes','yes','no',3,3,3,1,2,2,0,10,8,9,'math');
INSERT INTO "Student" VALUES (12,'GP','F',15,3,3,0,'no','yes','no','yes','yes','yes','yes','no',5,2,2,1,1,4,4,10,12,12,'math');
INSERT INTO "Student" VALUES (13,'GP','M',15,1,1,0,'no','yes','yes','yes','yes','yes','yes','no',4,3,3,1,3,5,2,14,14,14,'math');
INSERT INTO "Student" VALUES (14,'GP','M',15,2,2,0,'no','yes','yes','no','yes','yes','yes','no',5,4,3,1,2,3,2,10,10,11,'math');
INSERT INTO "Student" VALUES (15,'GP','M',15,1,3,0,'no','yes','no','no','yes','yes','yes','yes',4,5,2,1,1,3,0,14,16,16,'math');
INSERT INTO "Student" VALUES (16,'GP','F',16,1,1,0,'no','yes','no','no','yes','yes','yes','no',4,4,4,1,2,2,4,14,14,14,'math');
INSERT INTO "Student" VALUES (17,'GP','F',16,1,3,0,'no','yes','yes','yes','yes','yes','yes','no',3,2,3,1,2,2,6,13,14,14,'math');
INSERT INTO "Student" VALUES (18,'GP','F',16,3,2,0,'yes','yes','no','yes','yes','yes','no','no',5,3,2,1,1,4,4,8,10,10,'math');
INSERT INTO "Student" VALUES (19,'GP','M',17,1,1,3,'no','yes','no','yes','yes','yes','yes','no',5,5,5,2,4,5,16,6,5,5,'math');
INSERT INTO "Student" VALUES (20,'GP','M',16,1,1,0,'no','no','yes','yes','yes','yes','yes','no',3,1,3,1,3,5,4,8,10,10,'math');
INSERT INTO "Student" VALUES (21,'GP','M',15,1,2,0,'no','no','no','no','yes','yes','yes','no',4,4,1,1,1,1,0,13,14,15,'math');
INSERT INTO "Student" VALUES (22,'GP','M',15,1,1,0,'no','yes','yes','no','yes','yes','yes','no',5,4,2,1,1,5,0,12,15,15,'math');
INSERT INTO "Student" VALUES (23,'GP','M',16,1,2,0,'no','no','no','yes','yes','yes','yes','no',4,5,1,1,3,5,2,15,15,16,'math');
INSERT INTO "Student" VALUES (24,'GP','M',16,2,2,0,'no','yes','no','yes','yes','yes','yes','no',5,4,4,2,4,5,0,13,13,12,'math');
INSERT INTO "Student" VALUES (25,'GP','F',15,1,3,0,'yes','yes','yes','yes','yes','yes','yes','no',4,3,2,1,1,5,2,10,9,8,'math');
INSERT INTO "Student" VALUES (26,'GP','F',16,1,1,2,'no','yes','yes','no','no','yes','yes','no',1,2,2,1,3,5,14,6,9,8,'math');
INSERT INTO "Student" VALUES (27,'GP','M',15,1,1,0,'no','yes','yes','no','yes','yes','yes','no',4,2,2,1,2,5,2,12,12,11,'math');
INSERT INTO "Student" VALUES (28,'GP','M',15,1,1,0,'no','no','yes','no','yes','yes','yes','no',2,2,4,2,4,1,4,15,16,15,'math');
INSERT INTO "Student" VALUES (29,'GP','M',16,1,2,0,'yes','yes','no','yes','yes','yes','yes','no',5,3,3,1,1,5,4,11,11,11,'math');
INSERT INTO "Student" VALUES (30,'GP','M',16,1,2,0,'no','yes','yes','yes','yes','yes','yes','yes',4,4,5,5,5,5,16,10,12,11,'math');
INSERT INTO "Student" VALUES (31,'GP','M',15,1,2,0,'no','yes','yes','no','no','yes','yes','no',5,4,2,3,4,5,0,9,11,12,'math');
INSERT INTO "Student" VALUES (32,'GP','M',15,2,2,0,'no','yes','no','yes','yes','yes','yes','no',4,3,1,1,1,5,0,17,16,17,'math');
INSERT INTO "Student" VALUES (33,'GP','M',15,1,2,0,'no','yes','no','yes','yes','yes','yes','yes',4,5,2,1,1,5,0,17,16,16,'math');
INSERT INTO "Student" VALUES (34,'GP','M',15,1,2,0,'no','no','no','yes','no','yes','yes','no',5,3,2,1,1,2,0,8,10,12,'math');
INSERT INTO "Student" VALUES (35,'GP','M',16,1,1,0,'no','yes','yes','no','no','yes','yes','no',5,4,3,1,1,5,0,12,14,15,'math');
INSERT INTO "Student" VALUES (36,'GP','F',15,2,1,0,'no','yes','no','yes','yes','yes','no','no',3,5,1,1,1,5,0,8,7,6,'math');
INSERT INTO "Student" VALUES (37,'GP','M',15,1,3,0,'no','yes','no','yes','yes','yes','yes','no',5,4,3,1,1,4,2,15,16,18,'math');
INSERT INTO "Student" VALUES (38,'GP','M',16,2,3,0,'no','yes','no','yes','yes','yes','yes','yes',2,4,3,1,1,5,7,15,16,15,'math');
INSERT INTO "Student" VALUES (39,'GP','F',15,1,3,0,'yes','yes','yes','yes','yes','yes','yes','no',4,3,2,1,1,5,2,12,12,11,'math');
INSERT INTO "Student" VALUES (40,'GP','F',15,1,1,0,'yes','yes','yes','yes','yes','yes','no','no',4,3,1,1,1,2,8,14,13,13,'math');
INSERT INTO "Student" VALUES (41,'GP','F',16,2,2,1,'no','yes','no','yes','no','yes','yes','yes',3,3,3,1,2,3,25,7,10,11,'math');
INSERT INTO "Student" VALUES (42,'GP','M',15,1,1,0,'no','yes','no','no','no','yes','yes','yes',5,4,3,2,4,5,8,12,12,12,'math');
INSERT INTO "Student" VALUES (43,'GP','M',15,1,2,0,'no','yes','no','yes','yes','yes','yes','no',4,3,3,1,1,5,2,19,18,18,'math');
INSERT INTO "Student" VALUES (44,'GP','M',15,1,1,0,'yes','yes','no','no','yes','yes','yes','no',5,4,1,1,1,1,0,8,8,11,'math');
INSERT INTO "Student" VALUES (45,'GP','F',16,2,2,1,'yes','no','no','yes','yes','yes','yes','no',4,3,3,2,2,5,14,10,10,9,'math');
INSERT INTO "Student" VALUES (46,'GP','F',15,1,2,0,'yes','yes','yes','yes','yes','yes','yes','yes',5,2,2,1,1,5,8,8,8,6,'math');
INSERT INTO "Student" VALUES (47,'GP','F',16,1,2,0,'no','yes','no','no','yes','yes','yes','no',2,3,5,1,4,3,12,11,12,11,'math');
INSERT INTO "Student" VALUES (48,'GP','M',16,1,4,0,'no','no','no','yes','yes','yes','yes','no',4,2,2,1,1,2,4,19,19,20,'math');
INSERT INTO "Student" VALUES (49,'GP','M',15,1,2,0,'no','yes','yes','no','yes','yes','no','no',4,3,3,2,2,5,2,15,15,14,'math');
INSERT INTO "Student" VALUES (50,'GP','F',15,1,2,1,'yes','yes','no','yes','no','yes','yes','no',4,4,4,1,1,3,2,7,7,7,'math');
INSERT INTO "Student" VALUES (51,'GP','F',16,3,2,0,'no','yes','yes','no','yes','yes','yes','no',4,3,3,2,3,4,2,12,13,13,'math');
INSERT INTO "Student" VALUES (52,'GP','F',15,1,2,0,'no','yes','yes','no','yes','yes','yes','no',4,3,3,1,1,5,2,11,13,13,'math');
INSERT INTO "Student" VALUES (53,'GP','M',15,2,1,1,'no','no','no','no','yes','yes','no','no',5,5,5,3,4,5,6,11,11,10,'math');
INSERT INTO "Student" VALUES (54,'GP','F',15,1,1,0,'yes','yes','yes','no','yes','yes','yes','no',3,3,4,2,3,5,0,8,10,11,'math');
INSERT INTO "Student" VALUES (55,'GP','F',15,1,1,0,'no','no','yes','no','yes','yes','yes','no',5,3,4,4,4,1,6,10,13,13,'math');
INSERT INTO "Student" VALUES (56,'GP','F',16,1,2,0,'no','no','yes','yes','yes','yes','yes','yes',5,3,4,1,1,2,8,8,9,10,'math');
INSERT INTO "Student" VALUES (57,'GP','F',15,1,2,0,'no','yes','yes','yes','yes','yes','yes','no',4,3,2,1,1,1,0,14,15,15,'math');
INSERT INTO "Student" VALUES (58,'GP','M',15,1,2,0,'no','yes','no','yes','yes','yes','no','no',3,2,2,1,1,5,4,14,15,15,'math');
INSERT INTO "Student" VALUES (59,'GP','M',15,1,2,0,'yes','yes','no','yes','yes','yes','yes','no',4,3,2,1,1,5,2,9,10,9,'math');
INSERT INTO "Student" VALUES (60,'GP','F',16,1,2,0,'no','yes','no','no','yes','yes','yes','no',4,2,3,1,1,5,2,15,16,16,'math');
INSERT INTO "Student" VALUES (61,'GP','F',16,1,2,0,'no','yes','no','yes','yes','yes','no','no',2,4,4,2,3,4,6,10,11,11,'math');
INSERT INTO "Student" VALUES (62,'GP','F',16,4,1,0,'yes','yes','no','yes','no','yes','yes','yes',5,5,5,5,5,5,6,10,8,11,'math');
INSERT INTO "Student" VALUES (63,'GP','F',16,1,2,0,'yes','no','no','yes','yes','yes','yes','no',4,4,3,1,1,1,4,8,10,9,'math');
INSERT INTO "Student" VALUES (64,'GP','F',16,1,3,0,'yes','yes','yes','yes','yes','yes','yes','no',3,4,4,2,4,4,2,10,9,9,'math');
INSERT INTO "Student" VALUES (65,'GP','F',15,1,2,0,'yes','no','no','yes','yes','yes','yes','yes',4,4,4,2,4,2,0,10,10,10,'math');
INSERT INTO "Student" VALUES (66,'GP','F',16,3,2,0,'no','yes','no','yes','yes','yes','yes','no',5,4,3,1,2,1,2,16,15,15,'math');
INSERT INTO "Student" VALUES (67,'GP','M',15,1,4,0,'no','yes','no','yes','no','yes','yes','yes',1,3,3,5,5,3,4,13,13,12,'math');
INSERT INTO "Student" VALUES (68,'GP','F',16,1,4,0,'yes','yes','yes','no','yes','yes','yes','no',4,3,3,1,2,5,4,7,7,6,'math');
INSERT INTO "Student" VALUES (69,'GP','F',15,2,2,0,'yes','yes','yes','no','yes','yes','yes','no',4,1,3,1,3,4,2,8,9,8,'math');
INSERT INTO "Student" VALUES (70,'GP','F',15,2,4,0,'no','yes','no','no','no','yes','yes','no',4,4,2,2,3,3,12,16,16,16,'math');
INSERT INTO "Student" VALUES (71,'GP','M',16,2,4,0,'no','yes','yes','no','yes','yes','yes','no',4,3,2,1,1,5,0,13,15,15,'math');
INSERT INTO "Student" VALUES (72,'GP','M',15,1,4,0,'no','no','no','no','yes','yes','yes','no',3,3,3,1,1,3,0,10,10,10,'math');
INSERT INTO "Student" VALUES (73,'GP','F',15,1,2,2,'yes','yes','no','no','no','yes','yes','yes',3,3,4,2,4,5,2,8,6,5,'math');
INSERT INTO "Student" VALUES (74,'GP','M',16,1,1,0,'no','no','no','yes','yes','yes','no','no',5,3,2,2,2,5,2,12,12,14,'math');
INSERT INTO "Student" VALUES (75,'GP','F',16,1,2,0,'yes','yes','yes','yes','yes','yes','yes','no',4,3,3,2,4,5,54,11,12,11,'math');
INSERT INTO "Student" VALUES (76,'GP','M',15,1,2,0,'no','yes','yes','yes','yes','yes','yes','no',4,3,3,2,3,5,6,9,9,10,'math');
INSERT INTO "Student" VALUES (77,'GP','M',15,2,4,0,'no','no','no','yes','yes','yes','yes','no',3,4,3,1,1,1,8,11,11,10,'math');
INSERT INTO "Student" VALUES (78,'GP','F',16,1,4,0,'no','no','yes','no','yes','yes','yes','yes',5,2,3,1,3,3,0,11,11,11,'math');
INSERT INTO "Student" VALUES (79,'GP','M',17,2,1,3,'yes','yes','no','yes','yes','no','yes','no',4,5,1,1,1,3,2,8,8,10,'math');
INSERT INTO "Student" VALUES (80,'GP','F',16,1,2,0,'no','yes','no','no','yes','yes','yes','no',2,4,3,1,2,3,12,5,5,5,'math');
INSERT INTO "Student" VALUES (81,'GP','M',15,1,1,0,'yes','yes','yes','yes','no','yes','yes','yes',3,2,2,1,3,3,2,10,12,12,'math');
INSERT INTO "Student" VALUES (82,'GP','M',15,1,3,0,'yes','no','yes','no','no','yes','yes','no',5,3,2,1,2,5,4,11,10,11,'math');
INSERT INTO "Student" VALUES (83,'GP','F',15,1,2,0,'no','yes','yes','no','yes','yes','yes','no',4,4,4,1,1,5,10,7,6,6,'math');
INSERT INTO "Student" VALUES (84,'GP','M',15,2,2,0,'no','no','yes','yes','yes','yes','yes','no',5,3,3,1,3,4,4,15,15,15,'math');
INSERT INTO "Student" VALUES (85,'GP','F',15,1,2,0,'no','yes','no','yes','no','yes','yes','no',4,3,2,2,3,4,2,9,10,10,'math');
INSERT INTO "Student" VALUES (86,'GP','F',15,2,2,2,'no','no','yes','no','yes','yes','yes','yes',4,4,4,2,3,5,6,7,9,8,'math');
INSERT INTO "Student" VALUES (87,'GP','F',16,1,2,0,'no','yes','no','no','yes','yes','no','no',4,3,4,1,2,2,4,8,7,6,'math');
INSERT INTO "Student" VALUES (88,'GP','F',15,1,3,0,'no','yes','no','yes','yes','yes','yes','no',5,3,3,1,3,1,4,13,14,14,'math');
INSERT INTO "Student" VALUES (89,'GP','M',16,2,2,1,'no','no','yes','yes','no','yes','yes','no',4,4,2,1,1,3,12,11,10,10,'math');
INSERT INTO "Student" VALUES (90,'GP','M',16,1,2,0,'no','yes','no','no','yes','yes','no','no',4,1,3,3,5,5,18,8,6,7,'math');
INSERT INTO "Student" VALUES (91,'GP','F',16,1,3,0,'no','yes','yes','no','yes','yes','yes','yes',4,3,3,1,3,4,0,7,7,8,'math');
INSERT INTO "Student" VALUES (92,'GP','F',15,1,1,0,'no','no','yes','yes','yes','yes','yes','no',4,5,5,1,3,1,4,16,17,18,'math');
INSERT INTO "Student" VALUES (93,'GP','F',16,1,2,0,'yes','yes','no','no','yes','yes','no','no',3,3,3,2,3,2,4,7,6,6,'math');
INSERT INTO "Student" VALUES (94,'GP','F',16,2,2,0,'no','yes','yes','yes','yes','yes','yes','no',5,3,3,1,1,1,0,11,10,10,'math');
INSERT INTO "Student" VALUES (95,'GP','M',15,1,4,0,'no','yes','no','yes','yes','yes','yes','no',4,3,4,1,1,4,6,11,13,14,'math');
INSERT INTO "Student" VALUES (96,'GP','F',15,2,4,1,'yes','yes','yes','yes','yes','yes','yes','no',3,1,2,1,1,1,2,7,10,10,'math');
INSERT INTO "Student" VALUES (97,'GP','M',16,2,1,0,'yes','yes','no','yes','no','yes','yes','no',3,3,3,1,1,4,2,11,15,15,'math');
INSERT INTO "Student" VALUES (98,'GP','F',16,1,2,0,'no','yes','yes','no','yes','yes','no','yes',4,3,5,1,1,5,2,8,9,10,'math');
INSERT INTO "Student" VALUES (99,'GP','F',16,1,1,0,'no','no','no','yes','no','yes','yes','no',5,3,4,1,2,1,6,11,14,14,'math');
INSERT INTO "Student" VALUES (100,'GP','F',16,1,3,0,'yes','yes','yes','no','yes','yes','yes','no',5,3,5,1,1,3,0,7,9,8,'math');
INSERT INTO "Student" VALUES (101,'GP','M',16,1,1,0,'yes','yes','yes','yes','yes','yes','yes','no',4,5,5,5,5,4,14,7,7,5,'math');
INSERT INTO "Student" VALUES (102,'GP','M',16,1,3,0,'no','yes','no','yes','yes','yes','yes','yes',4,4,3,1,1,4,0,16,17,17,'math');
INSERT INTO "Student" VALUES (103,'GP','M',15,1,1,0,'no','yes','no','yes','no','yes','yes','no',5,3,3,1,1,5,4,10,13,14,'math');
INSERT INTO "Student" VALUES (104,'GP','F',15,2,2,0,'yes','yes','yes','no','yes','yes','yes','no',4,3,5,1,1,2,26,7,6,6,'math');
INSERT INTO "Student" VALUES (105,'GP','M',15,1,2,0,'no','yes','yes','yes','yes','yes','yes','no',5,4,4,1,1,1,0,16,18,18,'math');
INSERT INTO "Student" VALUES (106,'GP','F',15,1,4,0,'yes','no','no','no','yes','yes','no','no',4,3,3,1,1,4,10,10,11,11,'math');
INSERT INTO "Student" VALUES (107,'GP','F',15,1,4,0,'yes','yes','yes','no','yes','yes','yes','no',5,1,2,1,1,3,8,7,8,8,'math');
INSERT INTO "Student" VALUES (108,'GP','M',16,1,3,0,'no','yes','no','yes','yes','yes','yes','no',5,3,3,1,1,5,2,16,18,18,'math');
INSERT INTO "Student" VALUES (109,'GP','M',15,4,4,0,'no','yes','yes','yes','yes','yes','yes','yes',1,3,5,3,5,1,6,10,13,13,'math');
INSERT INTO "Student" VALUES (110,'GP','F',16,1,3,0,'no','yes','yes','yes','yes','yes','yes','yes',5,4,5,1,1,4,4,14,15,16,'math');
INSERT INTO "Student" VALUES (111,'GP','M',15,1,1,0,'no','no','no','yes','yes','yes','yes','no',5,5,3,1,1,4,6,18,19,19,'math');
INSERT INTO "Student" VALUES (112,'GP','F',16,1,3,1,'yes','yes','no','yes','yes','yes','yes','no',4,1,2,1,1,2,0,7,10,10,'math');
INSERT INTO "Student" VALUES (113,'GP','F',16,1,2,1,'yes','no','no','yes','yes','yes','yes','no',3,1,2,1,1,5,6,10,13,13,'math');
INSERT INTO "Student" VALUES (114,'GP','M',15,1,1,0,'no','no','no','no','yes','yes','yes','no',3,5,2,1,1,3,10,18,19,19,'math');
INSERT INTO "Student" VALUES (115,'GP','M',15,1,2,0,'no','no','no','yes','yes','yes','yes','yes',5,4,2,1,1,5,8,9,9,9,'math');
INSERT INTO "Student" VALUES (116,'GP','M',16,1,2,0,'no','yes','no','yes','yes','yes','yes','no',5,4,4,1,2,5,2,15,15,16,'math');
INSERT INTO "Student" VALUES (117,'GP','M',15,2,2,0,'no','yes','no','yes','yes','yes','no','no',4,4,3,1,1,2,2,11,13,14,'math');
INSERT INTO "Student" VALUES (118,'GP','M',16,2,1,0,'no','no','no','yes','yes','yes','yes','no',5,4,2,1,1,5,0,13,14,13,'math');
INSERT INTO "Student" VALUES (119,'GP','M',17,3,2,1,'no','yes','no','yes','yes','yes','yes','no',5,2,4,1,4,5,20,9,7,8,'math');
INSERT INTO "Student" VALUES (120,'GP','M',15,1,1,0,'no','no','no','no','yes','yes','yes','no',3,4,3,1,2,4,6,14,13,13,'math');
INSERT INTO "Student" VALUES (121,'GP','F',15,1,2,0,'no','no','no','no','no','yes','yes','no',3,2,3,1,2,1,2,16,15,15,'math');
INSERT INTO "Student" VALUES (122,'GP','M',15,1,4,0,'no','yes','yes','yes','yes','yes','yes','no',5,5,4,1,2,5,6,16,14,15,'math');
INSERT INTO "Student" VALUES (123,'GP','F',16,2,2,0,'no','yes','yes','yes','yes','yes','yes','yes',4,2,2,1,2,5,2,13,13,13,'math');
INSERT INTO "Student" VALUES (124,'GP','M',16,1,1,0,'no','yes','no','yes','yes','yes','yes','no',3,4,4,1,4,5,18,14,11,13,'math');
INSERT INTO "Student" VALUES (125,'GP','F',16,1,2,0,'no','no','yes','no','yes','yes','yes','yes',5,4,4,1,1,5,0,8,7,8,'math');
INSERT INTO "Student" VALUES (126,'GP','M',15,1,1,0,'yes','no','no','no','yes','yes','yes','no',5,5,5,3,2,5,0,13,13,12,'math');
INSERT INTO "Student" VALUES (127,'GP','F',15,1,2,0,'yes','no','no','yes','yes','yes','yes','yes',5,3,2,1,1,1,0,7,10,11,'math');
INSERT INTO "Student" VALUES (128,'GP','F',19,1,2,3,'no','yes','no','no','no','no','no','no',3,4,2,1,1,5,2,7,8,9,'math');
INSERT INTO "Student" VALUES (129,'GP','M',18,1,1,2,'no','yes','no','yes','yes','yes','yes','no',3,3,3,1,2,4,0,7,4,0,'math');
INSERT INTO "Student" VALUES (130,'GP','M',16,1,1,0,'no','no','yes','yes','yes','yes','yes','no',3,5,5,2,5,4,8,18,18,18,'math');
INSERT INTO "Student" VALUES (131,'GP','F',15,2,3,2,'no','yes','no','no','yes','yes','yes','yes',4,2,2,2,2,5,0,12,0,0,'math');
INSERT INTO "Student" VALUES (132,'GP','F',15,3,1,0,'no','yes','no','yes','no','yes','yes','yes',4,3,3,1,2,4,0,8,0,0,'math');
INSERT INTO "Student" VALUES (133,'GP','F',17,1,1,0,'no','yes','no','no','yes','yes','yes','yes',3,4,4,1,3,5,12,10,13,12,'math');
INSERT INTO "Student" VALUES (134,'GP','F',16,1,1,0,'no','no','no','no','yes','yes','yes','no',3,2,1,1,4,5,16,12,11,11,'math');
INSERT INTO "Student" VALUES (135,'GP','M',15,4,2,0,'no','yes','no','no','yes','yes','no','yes',5,3,3,1,1,5,0,9,0,0,'math');
INSERT INTO "Student" VALUES (136,'GP','F',15,1,3,0,'no','yes','no','yes','yes','yes','yes','yes',4,3,3,1,1,5,0,11,0,0,'math');
INSERT INTO "Student" VALUES (137,'GP','M',17,3,2,0,'no','no','no','no','yes','yes','no','no',5,4,5,2,4,5,0,10,0,0,'math');
INSERT INTO "Student" VALUES (138,'GP','F',16,2,1,2,'no','yes','no','yes','no','yes','yes','yes',4,3,2,1,1,5,0,4,0,0,'math');
INSERT INTO "Student" VALUES (139,'GP','M',16,1,2,1,'no','no','no','no','yes','yes','no','yes',4,4,4,1,3,5,0,14,12,12,'math');
INSERT INTO "Student" VALUES (140,'GP','F',15,2,1,0,'no','no','no','yes','yes','yes','yes','no',4,3,2,1,1,5,0,16,16,15,'math');
INSERT INTO "Student" VALUES (141,'GP','M',15,2,4,0,'yes','yes','no','no','yes','yes','yes','no',2,2,2,1,1,3,0,7,9,0,'math');
INSERT INTO "Student" VALUES (142,'GP','M',16,2,1,2,'no','yes','no','yes','yes','yes','yes','no',2,3,3,2,2,2,8,9,9,9,'math');
INSERT INTO "Student" VALUES (143,'GP','F',15,1,3,0,'no','yes','yes','yes','yes','yes','yes','no',4,2,2,1,1,5,2,9,11,11,'math');
INSERT INTO "Student" VALUES (144,'GP','F',16,1,1,0,'no','no','no','no','yes','yes','yes','no',3,4,4,3,3,1,2,14,14,13,'math');
INSERT INTO "Student" VALUES (145,'GP','M',17,1,1,3,'no','yes','no','no','yes','yes','yes','no',5,4,5,1,2,5,0,5,0,0,'math');
INSERT INTO "Student" VALUES (146,'GP','F',15,1,2,0,'no','yes','yes','no','yes','yes','yes','no',4,4,2,1,2,5,0,8,11,11,'math');
INSERT INTO "Student" VALUES (147,'GP','F',15,1,2,3,'no','yes','no','no','yes','yes','yes','no',3,3,2,1,1,3,0,6,7,0,'math');
INSERT INTO "Student" VALUES (148,'GP','F',15,1,2,0,'no','yes','yes','no','no','yes','yes','no',4,3,2,1,1,5,2,10,11,11,'math');
INSERT INTO "Student" VALUES (149,'GP','M',16,1,1,0,'no','yes','no','no','yes','no','yes','yes',3,3,2,2,1,5,0,7,6,0,'math');
INSERT INTO "Student" VALUES (150,'GP','M',15,4,1,3,'no','no','no','no','yes','yes','yes','no',4,5,5,2,5,5,0,8,9,10,'math');
INSERT INTO "Student" VALUES (151,'GP','M',18,1,1,3,'no','no','no','no','yes','no','yes','yes',2,3,5,2,5,4,0,6,5,0,'math');
INSERT INTO "Student" VALUES (152,'GP','M',16,1,1,1,'no','no','no','yes','yes','yes','no','yes',4,4,4,3,5,5,6,12,13,14,'math');
INSERT INTO "Student" VALUES (153,'GP','F',15,2,3,2,'no','yes','yes','yes','yes','yes','yes','yes',4,2,1,2,3,3,8,10,10,10,'math');
INSERT INTO "Student" VALUES (154,'GP','M',19,1,1,3,'no','yes','no','no','yes','no','yes','yes',4,5,4,1,1,4,0,5,0,0,'math');
INSERT INTO "Student" VALUES (155,'GP','F',17,1,1,0,'yes','yes','no','no','yes','yes','no','yes',4,2,1,1,1,4,0,11,11,12,'math');
INSERT INTO "Student" VALUES (156,'GP','M',15,1,2,0,'yes','no','yes','yes','yes','yes','no','no',4,4,4,1,1,1,2,11,8,8,'math');
INSERT INTO "Student" VALUES (157,'GP','M',17,1,1,0,'no','no','no','no','yes','yes','no','no',2,2,2,3,3,5,8,16,12,13,'math');
INSERT INTO "Student" VALUES (158,'GP','F',18,3,1,3,'no','yes','no','yes','no','yes','no','no',5,2,5,1,5,4,6,9,8,10,'math');
INSERT INTO "Student" VALUES (159,'GP','M',16,3,1,0,'no','no','no','no','no','yes','no','no',4,2,2,1,2,3,2,17,15,15,'math');
INSERT INTO "Student" VALUES (160,'GP','M',16,1,2,1,'no','yes','yes','no','yes','yes','yes','yes',4,5,5,4,4,5,4,10,12,12,'math');
INSERT INTO "Student" VALUES (161,'GP','M',17,2,1,2,'no','no','no','yes','yes','no','yes','yes',3,3,2,2,2,5,0,7,6,0,'math');
INSERT INTO "Student" VALUES (162,'GP','M',15,2,2,2,'yes','yes','no','no','yes','yes','yes','yes',4,4,4,1,4,3,6,5,9,7,'math');
INSERT INTO "Student" VALUES (163,'GP','M',16,2,1,1,'no','no','no','yes','yes','yes','no','no',4,4,4,2,4,5,0,7,0,0,'math');
INSERT INTO "Student" VALUES (164,'GP','M',17,1,1,0,'no','no','no','no','yes','no','yes','no',5,3,3,1,4,2,2,10,10,10,'math');
INSERT INTO "Student" VALUES (165,'GP','M',17,4,2,3,'no','no','no','yes','yes','no','no','yes',5,3,5,1,5,5,0,5,8,7,'math');
INSERT INTO "Student" VALUES (166,'GP','M',16,2,1,1,'no','yes','no','yes','no','no','no','no',4,5,2,1,1,2,16,12,11,12,'math');
INSERT INTO "Student" VALUES (167,'GP','M',16,1,2,0,'no','no','no','no','yes','no','yes','no',4,3,5,2,4,4,4,10,10,10,'math');
INSERT INTO "Student" VALUES (168,'GP','F',16,1,2,0,'no','no','yes','no','yes','yes','yes','yes',4,2,3,1,1,3,0,14,15,16,'math');
INSERT INTO "Student" VALUES (169,'GP','F',16,1,2,0,'no','yes','yes','no','no','yes','yes','no',5,1,5,1,1,4,0,6,7,0,'math');
INSERT INTO "Student" VALUES (170,'GP','F',16,1,2,0,'no','yes','yes','no','yes','yes','yes','yes',4,4,2,1,1,3,0,14,14,14,'math');
INSERT INTO "Student" VALUES (171,'GP','M',16,3,1,2,'no','yes','no','yes','no','yes','yes','no',3,4,5,2,4,2,0,6,5,0,'math');
INSERT INTO "Student" VALUES (172,'GP','M',16,2,2,0,'no','yes','yes','yes','yes','yes','yes','yes',4,3,2,1,1,3,2,13,15,16,'math');
INSERT INTO "Student" VALUES (173,'GP','M',17,1,2,0,'no','yes','yes','yes','yes','yes','yes','no',4,4,4,1,3,5,0,13,11,10,'math');
INSERT INTO "Student" VALUES (174,'GP','F',16,1,2,3,'no','no','no','yes','no','yes','yes','yes',4,3,5,1,1,3,0,8,7,0,'math');
INSERT INTO "Student" VALUES (175,'GP','F',16,2,2,0,'no','yes','yes','yes','yes','yes','yes','no',4,4,5,1,1,4,4,10,11,9,'math');
INSERT INTO "Student" VALUES (176,'GP','M',17,2,2,0,'no','no','yes','yes','yes','yes','yes','no',4,4,4,4,4,4,4,10,9,9,'math');
INSERT INTO "Student" VALUES (177,'GP','F',16,2,2,0,'no','no','yes','yes','no','yes','yes','no',3,4,4,1,4,5,2,13,13,11,'math');
INSERT INTO "Student" VALUES (178,'GP','M',17,1,2,0,'no','no','no','yes','no','yes','yes','no',4,3,4,1,4,4,4,6,5,6,'math');
INSERT INTO "Student" VALUES (179,'GP','M',16,1,1,0,'no','yes','no','yes','yes','yes','yes','yes',4,3,3,3,4,3,10,10,8,9,'math');
INSERT INTO "Student" VALUES (180,'GP','M',17,1,2,0,'no','yes','no','yes','yes','yes','yes','yes',5,2,3,1,1,2,4,10,10,11,'math');
INSERT INTO "Student" VALUES (181,'GP','M',16,1,2,0,'no','yes','yes','yes','yes','yes','yes','no',3,4,3,2,3,3,10,9,8,8,'math');
INSERT INTO "Student" VALUES (182,'GP','M',16,1,2,0,'no','no','yes','yes','yes','yes','yes','yes',4,2,3,1,2,3,2,12,13,12,'math');
INSERT INTO "Student" VALUES (183,'GP','F',17,1,2,0,'no','yes','no','yes','yes','yes','no','no',5,4,2,2,3,5,0,16,17,17,'math');
INSERT INTO "Student" VALUES (184,'GP','F',17,1,2,0,'no','yes','no','yes','yes','yes','yes','yes',5,3,3,2,3,1,56,9,9,8,'math');
INSERT INTO "Student" VALUES (185,'GP','F',16,1,2,0,'no','yes','yes','no','yes','yes','yes','no',1,2,2,1,2,1,14,12,13,12,'math');
INSERT INTO "Student" VALUES (186,'GP','M',17,1,2,0,'no','yes','no','yes','yes','yes','yes','yes',4,3,4,2,3,4,12,12,12,11,'math');
INSERT INTO "Student" VALUES (187,'GP','M',16,1,1,0,'no','yes','yes','yes','yes','yes','yes','yes',3,3,3,1,2,3,2,11,12,11,'math');
INSERT INTO "Student" VALUES (188,'GP','M',16,1,2,0,'no','no','yes','yes','yes','yes','yes','yes',4,2,3,1,2,5,0,15,15,15,'math');
INSERT INTO "Student" VALUES (189,'GP','F',17,1,2,0,'no','yes','no','no','no','yes','yes','yes',3,3,3,1,3,3,6,8,7,9,'math');
INSERT INTO "Student" VALUES (190,'GP','M',17,1,2,0,'no','no','no','no','yes','yes','no','no',3,1,3,1,5,3,4,8,9,10,'math');
INSERT INTO "Student" VALUES (191,'GP','F',16,1,2,0,'no','no','no','no','yes','yes','yes','no',4,3,3,1,1,2,10,11,12,13,'math');
INSERT INTO "Student" VALUES (192,'GP','F',17,1,2,0,'no','no','no','yes','yes','yes','yes','no',5,3,3,1,1,3,0,8,8,9,'math');
INSERT INTO "Student" VALUES (193,'GP','M',17,2,2,0,'no','no','yes','yes','no','yes','yes','no',4,4,4,4,5,5,12,7,8,8,'math');
INSERT INTO "Student" VALUES (194,'GP','M',16,1,1,0,'no','yes','no','yes','yes','yes','yes','no',4,3,2,3,4,5,8,8,9,10,'math');
INSERT INTO "Student" VALUES (195,'GP','M',16,2,1,0,'no','no','no','no','yes','yes','yes','no',5,3,3,1,1,3,0,13,14,14,'math');
INSERT INTO "Student" VALUES (196,'GP','F',17,1,2,0,'no','no','no','yes','yes','yes','yes','yes',4,3,2,1,1,5,0,14,15,15,'math');
INSERT INTO "Student" VALUES (197,'GP','M',17,1,1,0,'no','no','no','no','yes','yes','yes','no',5,2,3,1,2,5,4,17,15,16,'math');
INSERT INTO "Student" VALUES (198,'GP','M',16,3,1,0,'no','yes','yes','yes','yes','yes','yes','no',3,3,4,3,5,3,8,9,9,10,'math');
INSERT INTO "Student" VALUES (199,'GP','F',17,2,1,1,'no','yes','no','no','yes','yes','yes','no',4,2,4,2,3,2,24,18,18,18,'math');
INSERT INTO "Student" VALUES (200,'GP','F',16,1,2,0,'no','yes','yes','no','yes','yes','yes','no',4,5,2,1,2,3,0,9,9,10,'math');
INSERT INTO "Student" VALUES (201,'GP','F',16,1,2,0,'no','yes','no','yes','yes','yes','yes','no',4,3,5,1,5,2,2,16,16,16,'math');
INSERT INTO "Student" VALUES (202,'GP','F',16,1,2,0,'yes','yes','yes','yes','yes','yes','no','no',4,4,3,1,3,4,6,8,10,10,'math');
INSERT INTO "Student" VALUES (203,'GP','F',17,1,2,0,'no','yes','yes','no','no','yes','no','no',4,4,4,1,3,1,4,9,9,10,'math');
INSERT INTO "Student" VALUES (204,'GP','F',17,1,1,0,'no','yes','no','no','yes','yes','yes','no',5,3,2,1,2,3,18,7,6,6,'math');
INSERT INTO "Student" VALUES (205,'GP','F',16,2,4,0,'no','yes','yes','yes','no','yes','yes','no',5,3,5,1,1,5,6,10,10,11,'math');
INSERT INTO "Student" VALUES (206,'GP','F',17,1,3,1,'no','yes','yes','no','yes','yes','yes','yes',4,4,3,3,4,5,28,10,9,9,'math');
INSERT INTO "Student" VALUES (207,'GP','F',16,1,2,3,'no','yes','yes','no','yes','yes','yes','no',2,3,3,2,2,4,5,7,7,7,'math');
INSERT INTO "Student" VALUES (208,'GP','F',16,1,2,0,'no','no','yes','yes','yes','yes','yes','yes',1,3,2,1,1,1,10,11,12,13,'math');
INSERT INTO "Student" VALUES (209,'GP','F',16,2,1,0,'no','yes','yes','no','yes','yes','no','no',4,3,2,1,4,5,6,9,9,10,'math');
INSERT INTO "Student" VALUES (210,'GP','F',17,2,3,0,'no','yes','yes','yes','yes','yes','yes','yes',4,4,2,1,1,4,6,7,7,7,'math');
INSERT INTO "Student" VALUES (211,'GP','F',19,1,4,0,'no','yes','yes','yes','yes','yes','yes','no',4,3,3,1,2,3,10,8,8,8,'math');
INSERT INTO "Student" VALUES (212,'GP','M',17,1,2,0,'no','yes','yes','no','yes','yes','yes','yes',5,3,5,4,5,3,13,12,12,13,'math');
INSERT INTO "Student" VALUES (213,'GP','F',16,1,2,0,'yes','yes','yes','no','yes','yes','yes','no',3,3,4,1,1,4,0,12,13,14,'math');
INSERT INTO "Student" VALUES (214,'GP','M',18,1,2,1,'no','yes','yes','yes','yes','yes','yes','no',4,4,4,2,4,5,15,6,7,8,'math');
INSERT INTO "Student" VALUES (215,'GP','F',17,1,1,0,'no','yes','yes','no','yes','yes','no','no',5,2,1,1,2,3,12,8,10,10,'math');
INSERT INTO "Student" VALUES (216,'GP','F',17,2,2,0,'no','no','yes','no','yes','yes','yes','no',4,4,4,1,3,1,2,14,15,15,'math');
INSERT INTO "Student" VALUES (217,'GP','F',17,1,2,2,'no','no','yes','no','yes','yes','yes','yes',3,4,5,2,4,1,22,6,6,4,'math');
INSERT INTO "Student" VALUES (218,'GP','M',18,1,2,1,'no','yes','yes','no','yes','yes','yes','no',3,2,4,2,4,4,13,6,6,8,'math');
INSERT INTO "Student" VALUES (219,'GP','F',17,2,1,0,'no','yes','yes','no','yes','yes','no','no',3,3,3,1,4,3,3,7,7,8,'math');
INSERT INTO "Student" VALUES (220,'GP','F',17,1,3,0,'no','yes','yes','yes','yes','yes','yes','no',4,3,3,1,1,4,4,9,10,10,'math');
INSERT INTO "Student" VALUES (221,'GP','F',17,2,2,0,'no','yes','no','yes','yes','yes','yes','no',4,2,5,1,2,5,2,6,6,6,'math');
INSERT INTO "Student" VALUES (222,'GP','F',17,1,3,1,'no','yes','no','yes','yes','yes','no','yes',4,3,4,1,1,5,0,6,5,0,'math');
INSERT INTO "Student" VALUES (223,'GP','F',16,1,2,0,'yes','no','no','no','yes','yes','yes','no',2,3,1,1,1,3,2,16,16,17,'math');
INSERT INTO "Student" VALUES (224,'GP','M',18,2,2,0,'no','yes','yes','no','yes','yes','yes','no',3,3,3,5,5,4,0,12,13,13,'math');
INSERT INTO "Student" VALUES (225,'GP','F',16,1,3,0,'no','yes','no','yes','no','yes','yes','no',5,3,2,1,1,5,0,13,13,14,'math');
INSERT INTO "Student" VALUES (226,'GP','F',18,1,2,1,'no','no','no','yes','yes','yes','yes','yes',5,3,3,1,1,4,16,9,8,7,'math');
INSERT INTO "Student" VALUES (227,'GP','F',17,1,2,0,'no','no','no','yes','no','yes','yes','no',5,3,4,1,3,3,10,16,15,15,'math');
INSERT INTO "Student" VALUES (228,'GP','M',17,1,2,0,'no','yes','yes','no','no','yes','yes','no',5,3,3,1,3,3,2,12,11,12,'math');
INSERT INTO "Student" VALUES (229,'GP','M',18,4,2,0,'yes','yes','yes','yes','yes','yes','yes','yes',4,3,2,4,5,3,14,10,8,9,'math');
INSERT INTO "Student" VALUES (230,'GP','F',17,2,3,0,'no','no','no','yes','yes','yes','yes','yes',3,2,3,1,2,3,10,12,10,12,'math');
INSERT INTO "Student" VALUES (231,'GP','F',17,1,2,0,'no','no','no','yes','yes','yes','yes','yes',3,2,3,1,2,3,14,13,13,14,'math');
INSERT INTO "Student" VALUES (232,'GP','M',17,2,2,0,'no','yes','yes','yes','yes','yes','yes','no',4,5,2,1,1,1,4,11,11,11,'math');
INSERT INTO "Student" VALUES (233,'GP','M',17,1,2,0,'yes','yes','no','yes','yes','yes','yes','yes',4,5,5,1,3,2,14,11,9,9,'math');
INSERT INTO "Student" VALUES (234,'GP','M',16,1,2,0,'no','yes','yes','yes','yes','yes','yes','no',4,2,4,2,4,1,2,14,13,13,'math');
INSERT INTO "Student" VALUES (235,'GP','M',16,2,2,0,'no','yes','yes','no','yes','yes','yes','no',3,4,2,1,1,5,18,9,7,6,'math');
INSERT INTO "Student" VALUES (236,'GP','M',16,2,3,0,'no','no','no','yes','yes','yes','yes','yes',5,3,3,1,3,2,10,11,9,10,'math');
INSERT INTO "Student" VALUES (237,'GP','M',17,1,2,0,'no','no','yes','yes','no','yes','yes','yes',4,4,2,5,5,4,4,14,13,13,'math');
INSERT INTO "Student" VALUES (238,'GP','F',16,1,1,0,'no','no','no','no','yes','yes','yes','yes',4,5,2,1,1,5,20,13,12,12,'math');
INSERT INTO "Student" VALUES (239,'GP','F',17,3,2,0,'no','no','no','yes','yes','yes','no','no',2,1,1,1,1,3,2,13,11,11,'math');
INSERT INTO "Student" VALUES (240,'GP','M',18,1,2,1,'no','no','no','no','yes','no','yes','no',5,5,4,3,5,2,0,7,7,0,'math');
INSERT INTO "Student" VALUES (241,'GP','M',17,2,2,0,'no','no','no','yes','yes','yes','yes','yes',2,5,5,1,4,5,14,12,12,12,'math');
INSERT INTO "Student" VALUES (242,'GP','M',17,2,2,0,'no','yes','yes','no','yes','yes','yes','no',3,3,3,2,3,4,2,10,11,12,'math');
INSERT INTO "Student" VALUES (243,'GP','M',16,1,1,0,'no','no','no','yes','no','yes','yes','no',5,4,5,1,1,3,0,6,0,0,'math');
INSERT INTO "Student" VALUES (244,'GP','M',16,1,1,0,'no','no','no','yes','yes','yes','yes','no',5,3,2,1,2,5,0,13,12,12,'math');
INSERT INTO "Student" VALUES (245,'GP','F',18,2,3,0,'no','yes','yes','no','no','yes','yes','yes',4,4,4,1,1,3,0,7,0,0,'math');
INSERT INTO "Student" VALUES (246,'GP','M',16,3,1,0,'no','no','no','no','yes','yes','yes','no',4,3,3,1,1,4,6,18,18,18,'math');
INSERT INTO "Student" VALUES (247,'GP','M',17,2,1,0,'no','no','no','no','yes','yes','yes','no',5,2,2,1,1,2,4,12,12,13,'math');
INSERT INTO "Student" VALUES (248,'GP','M',22,1,1,3,'no','no','no','no','no','no','yes','yes',5,4,5,5,5,1,16,6,8,8,'math');
INSERT INTO "Student" VALUES (249,'GP','M',18,1,2,1,'no','yes','no','no','yes','yes','yes','yes',4,3,3,1,3,5,8,3,5,5,'math');
INSERT INTO "Student" VALUES (250,'GP','M',16,1,1,0,'no','no','yes','no','no','yes','yes','no',4,3,2,2,4,5,0,13,15,15,'math');
INSERT INTO "Student" VALUES (251,'GP','M',18,2,1,1,'no','no','no','no','yes','no','yes','no',4,4,5,2,4,5,0,6,8,8,'math');
INSERT INTO "Student" VALUES (252,'GP','M',16,3,2,0,'yes','yes','no','no','no','yes','yes','no',5,3,3,1,3,2,6,7,10,10,'math');
INSERT INTO "Student" VALUES (253,'GP','M',18,1,1,1,'no','no','no','no','no','no','yes','no',3,2,5,2,5,5,4,6,9,8,'math');
INSERT INTO "Student" VALUES (254,'GP','M',16,2,1,0,'no','no','no','yes','no','yes','no','no',3,3,2,1,3,3,0,8,9,8,'math');
INSERT INTO "Student" VALUES (255,'GP','M',17,1,1,0,'no','no','no','no','no','yes','yes','no',4,4,2,2,4,5,0,8,12,12,'math');
INSERT INTO "Student" VALUES (256,'GP','M',17,2,1,1,'no','yes','no','yes','yes','yes','yes','no',4,4,4,1,2,5,2,7,9,8,'math');
INSERT INTO "Student" VALUES (257,'GP','F',17,1,4,0,'no','yes','yes','yes','yes','yes','yes','no',4,2,3,1,1,4,6,14,12,13,'math');
INSERT INTO "Student" VALUES (258,'GP','M',19,1,2,0,'no','yes','no','no','yes','yes','yes','no',4,3,1,1,1,1,12,11,11,11,'math');
INSERT INTO "Student" VALUES (259,'GP','M',18,1,2,0,'no','no','no','yes','yes','yes','yes','no',5,2,4,1,2,4,8,15,14,14,'math');
INSERT INTO "Student" VALUES (260,'GP','F',17,1,4,0,'no','no','yes','yes','yes','yes','yes','yes',3,4,1,1,1,2,0,10,9,0,'math');
INSERT INTO "Student" VALUES (261,'GP','F',18,1,2,0,'no','yes','yes','no','yes','yes','yes','yes',3,1,2,1,3,2,21,17,18,18,'math');
INSERT INTO "Student" VALUES (262,'GP','M',18,1,2,0,'no','yes','yes','no','no','yes','yes','no',4,3,2,1,1,3,2,8,8,8,'math');
INSERT INTO "Student" VALUES (263,'GP','M',18,1,3,0,'no','no','no','yes','no','yes','no','no',5,3,2,1,1,3,1,13,12,12,'math');
INSERT INTO "Student" VALUES (264,'GP','F',17,1,3,0,'no','no','no','yes','no','yes','no','no',3,2,3,1,1,4,4,10,9,9,'math');
INSERT INTO "Student" VALUES (265,'GP','F',18,1,3,0,'no','yes','yes','yes','yes','yes','yes','yes',4,3,3,1,1,3,0,9,10,0,'math');
INSERT INTO "Student" VALUES (266,'GP','M',18,2,2,0,'no','yes','yes','yes','yes','yes','yes','no',4,2,5,3,4,1,13,17,17,17,'math');
INSERT INTO "Student" VALUES (267,'GP','M',17,1,2,0,'no','no','yes','yes','yes','yes','yes','yes',5,4,4,3,4,5,2,9,9,10,'math');
INSERT INTO "Student" VALUES (268,'GP','F',18,2,2,0,'no','no','yes','yes','yes','yes','yes','no',4,3,4,2,2,4,8,12,10,11,'math');
INSERT INTO "Student" VALUES (269,'GP','M',18,1,2,0,'no','yes','yes','yes','yes','yes','yes','yes',5,4,5,1,3,5,10,10,9,10,'math');
INSERT INTO "Student" VALUES (270,'GP','F',18,2,2,0,'no','yes','no','no','yes','no','yes','yes',4,3,5,1,2,3,0,6,0,0,'math');
INSERT INTO "Student" VALUES (271,'GP','F',19,1,2,2,'no','yes','yes','yes','yes','yes','yes','no',4,3,5,3,3,5,15,9,9,9,'math');
INSERT INTO "Student" VALUES (272,'GP','F',18,1,4,0,'no','yes','yes','yes','yes','yes','yes','yes',4,5,5,1,3,2,4,15,14,14,'math');
INSERT INTO "Student" VALUES (273,'GP','F',18,2,2,0,'no','yes','yes','no','no','yes','no','no',4,4,3,1,1,3,2,11,11,11,'math');
INSERT INTO "Student" VALUES (274,'GP','M',17,1,2,0,'no','yes','yes','yes','no','yes','no','yes',3,5,2,2,2,1,2,15,14,14,'math');
INSERT INTO "Student" VALUES (275,'GP','F',17,2,2,0,'no','yes','yes','no','yes','yes','yes','yes',4,3,3,1,1,1,2,10,10,10,'math');
INSERT INTO "Student" VALUES (276,'GP','F',17,2,2,0,'yes','yes','yes','no','yes','yes','yes','yes',4,4,4,2,3,5,6,12,12,12,'math');
INSERT INTO "Student" VALUES (277,'GP','F',18,2,2,0,'no','no','no','no','no','no','yes','yes',4,1,1,1,1,5,75,10,9,9,'math');
INSERT INTO "Student" VALUES (278,'GP','M',18,2,1,0,'no','no','yes','yes','yes','yes','yes','no',3,2,4,1,4,3,22,9,9,9,'math');
INSERT INTO "Student" VALUES (279,'GP','F',18,1,2,1,'yes','yes','no','yes','yes','yes','yes','yes',2,4,4,1,1,4,15,9,8,8,'math');
INSERT INTO "Student" VALUES (280,'GP','M',18,2,1,0,'no','no','yes','yes','yes','yes','yes','no',4,2,3,1,2,1,8,10,11,10,'math');
INSERT INTO "Student" VALUES (281,'GP','M',17,2,1,0,'no','no','yes','yes','yes','yes','yes','yes',4,5,4,2,4,5,30,8,8,8,'math');
INSERT INTO "Student" VALUES (282,'GP','M',17,1,1,1,'no','no','no','no','yes','yes','yes','no',4,4,4,3,4,3,19,11,9,10,'math');
INSERT INTO "Student" VALUES (283,'GP','F',18,2,4,0,'no','yes','yes','yes','yes','yes','no','no',5,2,2,1,1,3,1,12,12,12,'math');
INSERT INTO "Student" VALUES (284,'GP','F',18,2,2,0,'yes','no','no','yes','yes','yes','yes','no',5,4,4,1,1,4,4,8,9,10,'math');
INSERT INTO "Student" VALUES (285,'GP','F',17,1,2,0,'no','yes','no','no','no','yes','yes','no',5,4,5,1,2,5,4,10,9,11,'math');
INSERT INTO "Student" VALUES (286,'GP','M',17,1,2,0,'no','no','yes','no','no','yes','yes','no',4,3,3,1,2,4,2,12,10,11,'math');
INSERT INTO "Student" VALUES (287,'GP','F',18,1,3,0,'no','yes','yes','no','yes','yes','yes','no',4,3,3,1,2,2,5,18,18,19,'math');
INSERT INTO "Student" VALUES (288,'GP','F',17,1,3,0,'no','yes','yes','no','yes','yes','yes','no',4,3,3,1,1,3,6,13,12,12,'math');
INSERT INTO "Student" VALUES (289,'GP','M',18,1,3,0,'no','no','yes','yes','yes','yes','yes','no',4,2,4,1,3,2,6,15,14,14,'math');
INSERT INTO "Student" VALUES (290,'GP','M',18,1,2,0,'no','yes','yes','yes','yes','yes','yes','no',5,4,3,1,1,2,9,15,13,15,'math');
INSERT INTO "Student" VALUES (291,'GP','M',18,1,2,0,'no','yes','yes','yes','yes','yes','yes','yes',4,3,2,1,4,5,11,12,11,11,'math');
INSERT INTO "Student" VALUES (292,'GP','F',17,1,3,0,'no','yes','yes','no','yes','yes','yes','no',4,2,2,1,2,3,0,15,15,15,'math');
INSERT INTO "Student" VALUES (293,'GP','F',18,1,2,1,'no','no','no','no','yes','yes','yes','yes',5,4,3,1,1,5,12,12,12,13,'math');
INSERT INTO "Student" VALUES (294,'GP','F',17,2,4,0,'no','yes','yes','no','yes','yes','no','no',3,1,2,1,1,3,6,18,18,18,'math');
INSERT INTO "Student" VALUES (295,'GP','M',18,2,3,0,'no','yes','yes','yes','yes','yes','yes','no',5,4,2,1,1,4,8,14,13,14,'math');
INSERT INTO "Student" VALUES (296,'GP','M',17,1,1,0,'no','yes','yes','no','yes','yes','yes','no',4,4,3,1,3,5,4,14,12,11,'math');
INSERT INTO "Student" VALUES (297,'GP','F',19,2,2,0,'no','yes','yes','yes','yes','yes','yes','no',2,3,4,2,3,2,0,10,9,0,'math');
INSERT INTO "Student" VALUES (298,'GP','F',18,2,2,0,'no','yes','yes','no','yes','yes','yes','yes',4,4,5,1,2,2,10,10,8,8,'math');
INSERT INTO "Student" VALUES (299,'GP','F',18,1,4,0,'no','yes','yes','no','yes','yes','yes','no',4,3,3,1,1,3,0,14,13,14,'math');
INSERT INTO "Student" VALUES (300,'GP','M',18,1,1,0,'no','yes','yes','no','yes','yes','yes','yes',1,4,2,2,2,1,5,16,15,16,'math');
INSERT INTO "Student" VALUES (301,'GP','F',18,1,2,0,'no','yes','no','no','yes','yes','yes','yes',4,2,4,1,1,4,14,12,10,11,'math');
INSERT INTO "Student" VALUES (302,'GP','M',17,2,1,0,'no','no','yes','no','yes','yes','yes','no',4,1,1,2,2,5,0,11,11,10,'math');
INSERT INTO "Student" VALUES (303,'GP','F',17,2,3,0,'no','yes','yes','no','yes','yes','yes','no',4,3,3,1,1,3,0,15,12,14,'math');
INSERT INTO "Student" VALUES (304,'GP','F',17,1,4,0,'no','yes','yes','yes','no','yes','yes','no',5,2,2,1,2,5,0,17,17,18,'math');
INSERT INTO "Student" VALUES (305,'GP','M',19,1,2,1,'no','yes','no','yes','yes','yes','yes','yes',4,4,4,1,1,3,20,15,14,13,'math');
INSERT INTO "Student" VALUES (306,'GP','F',18,1,2,1,'no','yes','yes','yes','yes','yes','yes','no',4,4,3,1,1,3,8,14,12,12,'math');
INSERT INTO "Student" VALUES (307,'GP','M',20,1,1,0,'no','no','no','yes','yes','yes','no','no',5,5,3,1,1,5,0,17,18,18,'math');
INSERT INTO "Student" VALUES (308,'GP','M',19,2,1,1,'no','yes','yes','no','yes','yes','yes','yes',4,3,4,1,1,4,38,8,9,8,'math');
INSERT INTO "Student" VALUES (309,'GP','M',19,1,2,1,'no','no','no','yes','yes','yes','no','yes',4,5,3,1,2,5,0,15,12,12,'math');
INSERT INTO "Student" VALUES (310,'GP','F',19,1,2,1,'yes','yes','no','yes','no','yes','yes','no',4,4,3,1,3,3,18,12,10,10,'math');
INSERT INTO "Student" VALUES (311,'GP','F',19,1,2,1,'no','no','no','yes','no','yes','no','yes',4,2,4,2,2,3,0,9,9,0,'math');
INSERT INTO "Student" VALUES (312,'GP','F',19,3,2,0,'no','yes','no','no','yes','no','yes','yes',3,4,1,1,1,2,20,14,12,13,'math');
INSERT INTO "Student" VALUES (313,'GP','M',19,1,2,1,'no','no','no','no','no','yes','yes','no',4,5,2,2,2,4,3,13,11,11,'math');
INSERT INTO "Student" VALUES (314,'GP','F',19,2,2,1,'no','yes','yes','no','no','yes','yes','yes',4,2,2,1,2,1,22,13,10,11,'math');
INSERT INTO "Student" VALUES (315,'GP','F',19,1,3,2,'no','no','no','no','no','yes','yes','yes',4,1,2,1,1,3,14,15,13,13,'math');
INSERT INTO "Student" VALUES (316,'GP','F',19,1,3,1,'no','no','no','no','yes','yes','yes','yes',4,1,2,1,1,3,40,13,11,11,'math');
INSERT INTO "Student" VALUES (317,'GP','F',18,2,2,0,'no','yes','yes','yes','yes','yes','yes','no',5,3,3,1,2,1,0,8,8,0,'math');
INSERT INTO "Student" VALUES (318,'GP','F',18,1,3,0,'no','yes','yes','yes','yes','yes','yes','yes',4,3,4,1,1,5,9,9,10,9,'math');
INSERT INTO "Student" VALUES (319,'GP','F',17,1,3,0,'no','yes','yes','yes','no','yes','yes','no',4,3,4,2,5,5,0,11,11,10,'math');
INSERT INTO "Student" VALUES (320,'GP','F',18,1,2,0,'no','yes','yes','no','yes','yes','yes','no',4,4,4,3,3,5,2,11,11,11,'math');
INSERT INTO "Student" VALUES (321,'GP','F',17,1,2,0,'no','yes','yes','no','yes','yes','yes','yes',5,2,2,1,2,5,23,13,13,13,'math');
INSERT INTO "Student" VALUES (322,'GP','F',17,1,2,0,'no','yes','no','no','yes','yes','no','yes',4,2,2,1,1,3,12,11,9,9,'math');
INSERT INTO "Student" VALUES (323,'GP','F',17,1,3,0,'no','yes','yes','yes','yes','yes','yes','no',3,3,2,2,2,3,3,11,11,11,'math');
INSERT INTO "Student" VALUES (324,'GP','F',17,1,3,0,'no','yes','no','no','no','yes','yes','no',3,4,3,2,3,5,1,12,14,15,'math');
INSERT INTO "Student" VALUES (325,'GP','F',17,2,3,0,'no','no','no','no','yes','yes','yes','no',3,3,3,2,3,2,0,16,15,15,'math');
INSERT INTO "Student" VALUES (326,'GP','M',18,1,3,0,'no','no','no','yes','yes','yes','yes','no',4,3,3,2,2,3,3,9,12,11,'math');
INSERT INTO "Student" VALUES (327,'GP','M',17,1,1,0,'no','no','no','yes','no','yes','yes','no',4,3,5,3,5,5,3,14,15,16,'math');
INSERT INTO "Student" VALUES (328,'GP','M',17,4,1,0,'no','yes','no','no','yes','yes','yes','no',4,4,5,5,5,4,8,11,10,10,'math');
INSERT INTO "Student" VALUES (329,'GP','F',17,1,3,0,'no','yes','yes','yes','yes','yes','yes','no',5,4,4,1,3,4,7,10,9,9,'math');
INSERT INTO "Student" VALUES (330,'GP','F',17,2,3,0,'no','yes','yes','no','no','yes','yes','yes',4,3,3,1,2,4,4,14,14,14,'math');
INSERT INTO "Student" VALUES (331,'GP','M',18,1,4,0,'no','yes','no','yes','yes','yes','yes','no',4,5,5,2,4,5,2,9,8,8,'math');
INSERT INTO "Student" VALUES (332,'GP','F',17,1,3,0,'no','yes','no','no','yes','yes','yes','yes',4,4,3,1,1,5,7,12,14,14,'math');
INSERT INTO "Student" VALUES (333,'GP','F',18,1,2,0,'no','no','no','yes','yes','yes','yes','no',5,3,4,1,1,4,0,7,0,0,'math');
INSERT INTO "Student" VALUES (334,'GP','F',18,1,2,0,'no','no','no','yes','no','yes','yes','yes',4,3,3,1,1,2,0,8,8,0,'math');
INSERT INTO "Student" VALUES (335,'GP','F',18,2,4,0,'no','no','no','yes','yes','yes','no','no',4,4,4,1,1,4,0,10,9,0,'math');
INSERT INTO "Student" VALUES (336,'GP','F',17,1,3,0,'no','no','no','no','yes','yes','yes','no',4,4,5,1,3,5,16,16,15,15,'math');
INSERT INTO "Student" VALUES (337,'GP','F',19,1,3,1,'no','no','yes','no','yes','yes','no','no',5,4,3,1,2,5,12,14,13,13,'math');
INSERT INTO "Student" VALUES (338,'GP','F',17,1,2,0,'no','yes','yes','no','yes','yes','yes','yes',4,3,2,2,3,2,0,7,8,0,'math');
INSERT INTO "Student" VALUES (339,'GP','F',18,1,4,0,'no','yes','no','no','yes','yes','yes','no',5,3,3,1,1,1,7,16,15,17,'math');
INSERT INTO "Student" VALUES (340,'GP','F',17,1,2,0,'no','yes','yes','no','yes','yes','yes','no',4,3,3,2,3,2,4,9,10,10,'math');
INSERT INTO "Student" VALUES (341,'GP','F',19,1,3,1,'no','no','yes','yes','yes','yes','yes','yes',4,3,4,1,3,3,4,11,12,11,'math');
INSERT INTO "Student" VALUES (342,'GP','M',18,1,2,1,'no','yes','no','yes','yes','yes','yes','no',4,3,3,2,2,2,0,10,10,0,'math');
INSERT INTO "Student" VALUES (343,'GP','M',18,1,2,0,'no','no','no','yes','yes','yes','yes','yes',4,3,3,1,3,5,11,16,15,15,'math');
INSERT INTO "Student" VALUES (344,'GP','F',17,1,2,1,'no','yes','no','no','yes','yes','yes','yes',3,3,1,1,2,4,0,9,8,0,'math');
INSERT INTO "Student" VALUES (345,'GP','F',18,1,3,0,'no','yes','no','no','yes','yes','yes','no',4,3,3,1,2,3,4,11,10,10,'math');
INSERT INTO "Student" VALUES (346,'GP','F',18,1,3,0,'no','no','no','no','yes','yes','yes','yes',5,4,3,2,3,1,7,13,13,14,'math');
INSERT INTO "Student" VALUES (347,'GP','M',18,1,3,0,'no','no','no','no','yes','yes','yes','yes',5,3,2,1,2,4,9,16,15,16,'math');
INSERT INTO "Student" VALUES (348,'GP','M',18,1,3,0,'no','yes','yes','no','yes','yes','yes','yes',5,4,5,2,3,5,0,10,10,9,'math');
INSERT INTO "Student" VALUES (349,'GP','F',17,1,3,0,'no','yes','yes','yes','yes','yes','yes','yes',4,4,3,1,3,4,0,13,15,15,'math');
INSERT INTO "Student" VALUES (350,'MS','M',18,2,1,1,'no','yes','no','no','no','yes','yes','no',2,5,5,5,5,5,10,11,13,13,'math');
INSERT INTO "Student" VALUES (351,'MS','M',19,3,2,3,'no','no','no','no','yes','yes','yes','no',5,4,4,3,3,2,8,8,7,8,'math');
INSERT INTO "Student" VALUES (352,'MS','M',17,2,2,0,'no','yes','yes','no','yes','yes','yes','no',4,5,4,2,3,3,2,13,13,13,'math');
INSERT INTO "Student" VALUES (353,'MS','M',18,1,1,1,'no','no','no','no','yes','no','yes','yes',4,3,3,2,3,3,7,8,7,8,'math');
INSERT INTO "Student" VALUES (354,'MS','M',19,3,1,1,'no','yes','no','no','yes','yes','yes','no',4,4,4,3,3,5,4,8,8,8,'math');
INSERT INTO "Student" VALUES (355,'MS','M',17,2,2,0,'no','yes','yes','yes','no','yes','yes','yes',4,5,5,1,3,2,4,13,11,11,'math');
INSERT INTO "Student" VALUES (356,'MS','F',18,1,2,0,'no','yes','no','no','yes','yes','no','yes',5,3,4,1,1,5,0,10,9,9,'math');
INSERT INTO "Student" VALUES (357,'MS','F',17,2,2,0,'no','yes','yes','yes','yes','yes','yes','no',4,3,3,1,2,5,4,12,13,13,'math');
INSERT INTO "Student" VALUES (358,'MS','F',17,2,2,0,'no','no','no','no','yes','yes','no','yes',1,2,3,1,2,5,2,12,12,11,'math');
INSERT INTO "Student" VALUES (359,'MS','M',18,2,1,0,'no','no','no','no','no','yes','yes','yes',3,3,2,1,2,3,4,10,10,10,'math');
INSERT INTO "Student" VALUES (360,'MS','F',18,2,3,0,'no','no','no','no','yes','yes','yes','no',5,3,2,1,1,4,0,18,16,16,'math');
INSERT INTO "Student" VALUES (361,'MS','F',18,3,2,0,'no','no','no','no','yes','yes','no','yes',4,3,4,1,4,5,0,13,13,13,'math');
INSERT INTO "Student" VALUES (362,'MS','M',18,2,2,1,'no','no','no','yes','no','no','no','no',4,4,3,2,3,5,2,13,12,12,'math');
INSERT INTO "Student" VALUES (363,'MS','F',18,2,2,0,'no','yes','no','no','yes','yes','yes','yes',4,3,2,1,3,3,0,11,11,10,'math');
INSERT INTO "Student" VALUES (364,'MS','F',17,1,2,0,'no','yes','yes','yes','yes','yes','yes','yes',2,3,4,1,1,1,0,16,15,15,'math');
INSERT INTO "Student" VALUES (365,'MS','F',17,2,2,0,'no','no','no','no','no','yes','no','no',3,2,2,1,2,3,0,12,11,12,'math');
INSERT INTO "Student" VALUES (366,'MS','M',18,2,2,0,'no','yes','yes','no','yes','yes','no','no',3,3,4,2,4,3,4,10,10,10,'math');
INSERT INTO "Student" VALUES (367,'MS','M',18,2,3,0,'no','no','yes','no','yes','yes','yes','yes',4,2,2,2,2,5,0,13,13,13,'math');
INSERT INTO "Student" VALUES (368,'MS','F',17,3,1,1,'no','yes','yes','no','yes','yes','yes','yes',5,2,1,1,2,1,0,7,6,0,'math');
INSERT INTO "Student" VALUES (369,'MS','F',18,2,1,0,'no','yes','yes','no','yes','yes','yes','yes',5,2,3,1,2,4,0,11,10,10,'math');
INSERT INTO "Student" VALUES (370,'MS','F',18,3,2,0,'no','yes','yes','no','no','yes','yes','yes',3,2,2,4,2,5,10,14,12,11,'math');
INSERT INTO "Student" VALUES (371,'MS','F',19,2,2,2,'no','no','no','yes','yes','yes','no','yes',3,2,2,1,1,3,4,7,7,9,'math');
INSERT INTO "Student" VALUES (372,'MS','M',18,3,1,0,'no','yes','yes','yes','yes','no','yes','yes',4,3,3,2,3,3,3,14,12,12,'math');
INSERT INTO "Student" VALUES (373,'MS','F',17,1,3,0,'no','no','no','yes','yes','yes','no','yes',3,4,3,1,1,3,8,13,11,11,'math');
INSERT INTO "Student" VALUES (374,'MS','F',17,1,1,0,'no','no','no','yes','yes','yes','yes','no',3,5,5,1,3,1,14,6,5,5,'math');
INSERT INTO "Student" VALUES (375,'MS','F',18,2,3,0,'no','no','no','no','yes','yes','yes','no',5,4,4,1,1,1,0,19,18,19,'math');
INSERT INTO "Student" VALUES (376,'MS','F',18,4,3,0,'no','no','no','no','yes','yes','yes','no',4,3,2,1,2,4,2,8,8,10,'math');
INSERT INTO "Student" VALUES (377,'MS','F',20,2,3,2,'no','yes','yes','no','no','yes','yes','yes',5,4,3,1,1,3,4,15,14,15,'math');
INSERT INTO "Student" VALUES (378,'MS','F',18,1,2,0,'no','no','yes','yes','yes','yes','yes','no',5,4,3,3,4,2,4,8,9,10,'math');
INSERT INTO "Student" VALUES (379,'MS','F',18,1,2,0,'no','no','yes','no','yes','yes','yes','yes',4,1,3,1,2,1,0,15,15,15,'math');
INSERT INTO "Student" VALUES (380,'MS','F',17,1,2,0,'no','yes','yes','yes','no','yes','yes','no',4,5,4,2,3,1,17,10,10,10,'math');
INSERT INTO "Student" VALUES (381,'MS','M',18,1,2,0,'no','no','yes','yes','no','yes','yes','no',3,2,4,1,4,2,4,15,14,14,'math');
INSERT INTO "Student" VALUES (382,'MS','M',18,2,1,0,'no','no','no','yes','no','yes','yes','yes',4,4,3,1,3,5,5,7,6,7,'math');
INSERT INTO "Student" VALUES (383,'MS','M',17,2,2,0,'no','no','no','yes','yes','yes','yes','no',4,4,3,1,1,3,2,11,11,10,'math');
INSERT INTO "Student" VALUES (384,'MS','M',19,2,1,1,'no','no','no','no','yes','yes','no','no',4,3,2,1,3,5,0,6,5,0,'math');
INSERT INTO "Student" VALUES (385,'MS','M',18,2,1,1,'no','no','yes','no','yes','yes','no','no',5,4,3,4,3,3,14,6,5,5,'math');
INSERT INTO "Student" VALUES (386,'MS','F',18,2,3,0,'no','no','yes','no','yes','yes','no','no',5,3,3,1,3,4,2,10,9,10,'math');
INSERT INTO "Student" VALUES (387,'MS','F',18,3,1,0,'no','yes','yes','yes','yes','yes','yes','yes',4,4,3,2,2,5,7,6,5,6,'math');
INSERT INTO "Student" VALUES (388,'MS','F',19,1,3,1,'no','no','no','yes','no','yes','yes','no',5,4,2,1,2,5,0,7,5,0,'math');
INSERT INTO "Student" VALUES (389,'MS','F',18,1,2,0,'no','yes','yes','no','yes','yes','yes','no',4,3,4,1,1,1,0,7,9,8,'math');
INSERT INTO "Student" VALUES (390,'MS','F',18,2,2,1,'no','no','no','yes','yes','yes','no','no',1,1,1,1,1,5,0,6,5,0,'math');
INSERT INTO "Student" VALUES (391,'MS','M',20,1,2,2,'no','yes','yes','no','yes','yes','no','no',5,5,4,4,5,4,11,9,9,9,'math');
INSERT INTO "Student" VALUES (392,'MS','M',17,2,1,0,'no','no','no','no','no','yes','yes','no',2,4,5,3,4,2,3,14,16,16,'math');
INSERT INTO "Student" VALUES (393,'MS','M',21,1,1,3,'no','no','no','no','no','yes','no','no',5,5,3,3,3,3,3,10,8,7,'math');
INSERT INTO "Student" VALUES (394,'MS','M',18,3,1,0,'no','no','no','no','no','yes','yes','no',4,4,1,3,4,5,0,11,12,10,'math');
INSERT INTO "Student" VALUES (395,'MS','M',19,1,1,0,'no','no','no','no','yes','yes','yes','no',3,2,3,3,3,5,5,8,9,9,'math');
INSERT INTO "Student" VALUES (396,'GP','F',18,2,2,0,'yes','no','no','no','yes','yes','no','no',4,3,4,1,1,3,4,0,11,11,'portuguese');
INSERT INTO "Student" VALUES (397,'GP','F',17,1,2,0,'no','yes','no','no','no','yes','yes','no',5,3,3,1,1,3,2,9,11,11,'portuguese');
INSERT INTO "Student" VALUES (398,'GP','F',15,1,2,0,'yes','no','no','no','yes','yes','yes','no',4,3,2,2,3,3,6,12,13,12,'portuguese');
INSERT INTO "Student" VALUES (399,'GP','F',15,1,3,0,'no','yes','no','yes','yes','yes','yes','yes',3,2,2,1,1,5,0,14,14,14,'portuguese');
INSERT INTO "Student" VALUES (400,'GP','F',16,1,2,0,'no','yes','no','no','yes','yes','no','no',4,3,2,1,2,5,0,11,13,13,'portuguese');
INSERT INTO "Student" VALUES (401,'GP','M',16,1,2,0,'no','yes','no','yes','yes','yes','yes','no',5,4,2,1,2,5,6,12,12,13,'portuguese');
INSERT INTO "Student" VALUES (402,'GP','M',16,1,2,0,'no','no','no','no','yes','yes','yes','no',4,4,4,1,1,3,0,13,12,13,'portuguese');
INSERT INTO "Student" VALUES (403,'GP','F',17,2,2,0,'yes','yes','no','no','yes','yes','no','no',4,1,4,1,1,1,2,10,13,13,'portuguese');
INSERT INTO "Student" VALUES (404,'GP','M',15,1,2,0,'no','yes','no','no','yes','yes','yes','no',4,2,2,1,1,1,0,15,16,17,'portuguese');
INSERT INTO "Student" VALUES (405,'GP','M',15,1,2,0,'no','yes','no','yes','yes','yes','yes','no',5,5,1,1,1,5,0,12,12,13,'portuguese');
INSERT INTO "Student" VALUES (406,'GP','F',15,1,2,0,'no','yes','no','no','yes','yes','yes','no',3,3,3,1,2,2,2,14,14,14,'portuguese');
INSERT INTO "Student" VALUES (407,'GP','F',15,3,3,0,'no','yes','no','yes','yes','yes','yes','no',5,2,2,1,1,4,0,10,12,13,'portuguese');
INSERT INTO "Student" VALUES (408,'GP','M',15,1,1,0,'no','yes','no','yes','yes','yes','yes','no',4,3,3,1,3,5,0,12,13,12,'portuguese');
INSERT INTO "Student" VALUES (409,'GP','M',15,2,2,0,'no','yes','no','no','yes','yes','yes','no',5,4,3,1,2,3,0,12,12,13,'portuguese');
INSERT INTO "Student" VALUES (410,'GP','M',15,1,3,0,'no','yes','no','no','yes','yes','yes','yes',4,5,2,1,1,3,0,14,14,15,'portuguese');
INSERT INTO "Student" VALUES (411,'GP','F',16,1,1,0,'no','yes','no','no','yes','yes','yes','no',4,4,4,1,2,2,6,17,17,17,'portuguese');
INSERT INTO "Student" VALUES (412,'GP','F',16,1,3,0,'no','yes','no','yes','yes','yes','yes','no',3,2,3,1,2,2,10,13,13,14,'portuguese');
INSERT INTO "Student" VALUES (413,'GP','F',16,3,2,0,'yes','yes','no','yes','yes','yes','no','no',5,3,2,1,1,4,2,13,14,14,'portuguese');
INSERT INTO "Student" VALUES (414,'GP','M',17,1,1,3,'no','yes','yes','yes','yes','yes','yes','no',5,5,5,2,4,5,2,8,8,7,'portuguese');
INSERT INTO "Student" VALUES (415,'GP','M',16,1,1,0,'no','no','no','yes','yes','yes','yes','no',3,1,3,1,3,5,6,12,12,12,'portuguese');
INSERT INTO "Student" VALUES (416,'GP','M',15,1,2,0,'no','no','no','no','yes','yes','yes','no',4,4,1,1,1,1,0,12,13,14,'portuguese');
INSERT INTO "Student" VALUES (417,'GP','M',15,1,1,0,'no','yes','yes','no','yes','yes','yes','no',5,4,2,1,1,5,0,11,12,12,'portuguese');
INSERT INTO "Student" VALUES (418,'GP','M',16,1,2,0,'no','no','no','yes','yes','yes','yes','no',4,5,1,1,3,5,0,12,13,14,'portuguese');
INSERT INTO "Student" VALUES (419,'GP','M',16,2,2,0,'no','yes','no','yes','yes','yes','yes','no',5,4,4,2,4,5,2,10,10,10,'portuguese');
INSERT INTO "Student" VALUES (420,'GP','F',15,1,3,0,'yes','yes','no','yes','yes','yes','yes','no',4,3,2,1,1,5,2,10,11,10,'portuguese');
INSERT INTO "Student" VALUES (421,'GP','F',16,1,1,0,'no','yes','no','no','no','yes','yes','no',1,2,2,1,3,5,6,10,11,12,'portuguese');
INSERT INTO "Student" VALUES (422,'GP','M',15,1,1,0,'no','yes','no','no','yes','yes','yes','no',4,2,2,1,2,5,8,11,12,12,'portuguese');
INSERT INTO "Student" VALUES (423,'GP','M',15,1,1,0,'no','no','no','no','yes','yes','yes','no',2,2,4,2,4,1,0,11,11,11,'portuguese');
INSERT INTO "Student" VALUES (424,'GP','M',16,1,2,0,'yes','yes','yes','yes','yes','yes','yes','no',5,3,3,1,1,5,2,12,12,13,'portuguese');
INSERT INTO "Student" VALUES (425,'GP','M',16,1,2,0,'no','yes','yes','yes','yes','yes','yes','yes',4,4,5,5,5,5,4,12,11,12,'portuguese');
INSERT INTO "Student" VALUES (426,'GP','M',15,1,2,0,'no','yes','yes','no','no','yes','yes','no',5,4,2,3,4,5,0,10,11,11,'portuguese');
INSERT INTO "Student" VALUES (427,'GP','M',15,2,2,0,'no','yes','no','yes','yes','yes','yes','no',4,3,1,1,1,5,2,15,15,15,'portuguese');
INSERT INTO "Student" VALUES (428,'GP','M',15,1,2,0,'no','yes','no','yes','yes','yes','yes','yes',4,5,2,1,1,5,0,13,14,15,'portuguese');
INSERT INTO "Student" VALUES (429,'GP','M',15,1,2,0,'no','no','no','yes','no','yes','yes','no',5,3,2,1,1,2,0,13,12,12,'portuguese');
INSERT INTO "Student" VALUES (430,'GP','M',16,1,1,0,'no','yes','no','no','no','yes','yes','no',5,4,3,1,1,5,4,12,12,12,'portuguese');
INSERT INTO "Student" VALUES (431,'GP','F',15,2,1,0,'no','yes','no','yes','yes','yes','no','no',3,5,1,1,1,5,4,11,11,11,'portuguese');
INSERT INTO "Student" VALUES (432,'GP','M',15,1,3,0,'no','yes','no','yes','yes','yes','yes','no',5,4,3,1,1,4,0,14,14,14,'portuguese');
INSERT INTO "Student" VALUES (433,'GP','M',16,2,3,0,'no','yes','no','yes','yes','yes','yes','yes',2,4,3,1,1,5,4,13,13,13,'portuguese');
INSERT INTO "Student" VALUES (434,'GP','F',15,1,3,0,'yes','yes','no','yes','yes','yes','yes','no',4,3,2,1,1,5,2,11,12,12,'portuguese');
INSERT INTO "Student" VALUES (435,'GP','F',15,1,1,0,'yes','yes','no','yes','yes','yes','no','no',4,3,1,1,1,2,8,14,13,12,'portuguese');
INSERT INTO "Student" VALUES (436,'GP','F',16,2,2,0,'no','yes','no','yes','no','yes','yes','yes',3,3,3,1,2,3,16,11,11,10,'portuguese');
INSERT INTO "Student" VALUES (437,'GP','M',15,1,1,0,'no','yes','no','no','no','yes','yes','yes',5,4,3,2,4,5,8,10,11,11,'portuguese');
INSERT INTO "Student" VALUES (438,'GP','M',15,1,2,0,'no','yes','no','yes','yes','yes','yes','no',4,3,3,1,1,5,0,14,15,15,'portuguese');
INSERT INTO "Student" VALUES (439,'GP','M',15,1,1,0,'yes','yes','no','no','yes','yes','yes','no',5,4,1,1,1,1,0,9,10,10,'portuguese');
INSERT INTO "Student" VALUES (440,'GP','F',16,2,2,1,'yes','no','no','yes','yes','yes','yes','no',4,3,3,2,2,5,14,10,11,11,'portuguese');
INSERT INTO "Student" VALUES (441,'GP','F',15,1,2,0,'yes','yes','yes','yes','yes','yes','yes','yes',5,2,2,1,1,5,4,10,11,11,'portuguese');
INSERT INTO "Student" VALUES (442,'GP','F',16,1,2,0,'no','yes','no','no','yes','yes','yes','no',2,3,5,1,4,3,6,13,12,13,'portuguese');
INSERT INTO "Student" VALUES (443,'GP','M',16,1,4,0,'no','no','no','yes','yes','yes','yes','no',4,2,2,1,1,2,2,17,17,17,'portuguese');
INSERT INTO "Student" VALUES (444,'GP','M',15,1,2,0,'no','yes','no','no','yes','yes','no','no',4,3,3,2,2,5,4,11,12,13,'portuguese');
INSERT INTO "Student" VALUES (445,'GP','F',15,1,2,0,'yes','yes','no','yes','no','yes','yes','no',4,4,4,1,1,3,2,13,12,12,'portuguese');
INSERT INTO "Student" VALUES (446,'GP','F',16,3,2,0,'no','yes','no','no','yes','yes','yes','no',4,3,3,2,3,4,0,14,13,13,'portuguese');
INSERT INTO "Student" VALUES (447,'GP','F',15,1,2,0,'no','yes','no','no','yes','yes','yes','no',4,3,3,1,1,5,0,16,14,16,'portuguese');
INSERT INTO "Student" VALUES (448,'GP','M',15,2,1,0,'no','no','no','no','yes','yes','no','no',5,5,5,3,4,5,4,10,9,9,'portuguese');
INSERT INTO "Student" VALUES (449,'GP','F',15,1,1,0,'yes','yes','no','no','yes','yes','yes','no',3,3,4,2,3,5,0,13,12,12,'portuguese');
INSERT INTO "Student" VALUES (450,'GP','F',15,1,1,0,'no','no','no','no','yes','yes','yes','no',5,3,4,4,4,1,0,13,12,13,'portuguese');
INSERT INTO "Student" VALUES (451,'GP','F',16,1,2,0,'no','no','no','yes','yes','yes','yes','yes',5,3,4,1,1,2,2,12,13,12,'portuguese');
INSERT INTO "Student" VALUES (452,'GP','F',15,1,2,0,'no','yes','no','yes','yes','yes','yes','no',4,3,2,1,1,1,0,15,14,15,'portuguese');
INSERT INTO "Student" VALUES (453,'GP','M',15,1,2,0,'no','yes','no','yes','yes','yes','no','no',3,2,2,1,1,5,8,15,15,16,'portuguese');
INSERT INTO "Student" VALUES (454,'GP','M',15,1,2,0,'yes','yes','no','yes','yes','yes','yes','no',4,3,2,1,1,5,0,14,13,14,'portuguese');
INSERT INTO "Student" VALUES (455,'GP','F',16,1,2,0,'no','yes','yes','no','yes','yes','yes','no',4,2,3,1,1,5,2,16,15,16,'portuguese');
INSERT INTO "Student" VALUES (456,'GP','F',16,1,2,0,'no','yes','no','yes','yes','yes','no','no',2,4,4,2,3,4,0,17,16,16,'portuguese');
INSERT INTO "Student" VALUES (457,'GP','F',16,4,1,0,'yes','yes','no','yes','no','yes','yes','yes',5,5,5,5,5,5,0,10,10,16,'portuguese');
INSERT INTO "Student" VALUES (458,'GP','F',16,1,2,0,'yes','no','no','yes','yes','yes','yes','no',4,4,3,1,1,1,0,13,13,10,'portuguese');
INSERT INTO "Student" VALUES (459,'GP','F',16,1,3,0,'yes','yes','no','yes','yes','yes','yes','no',3,4,4,2,4,4,0,14,13,13,'portuguese');
INSERT INTO "Student" VALUES (460,'GP','F',15,1,2,0,'yes','no','no','yes','yes','yes','yes','yes',4,4,4,2,4,2,0,13,12,12,'portuguese');
INSERT INTO "Student" VALUES (461,'GP','F',16,3,2,0,'no','yes','no','yes','yes','yes','yes','no',5,4,3,1,2,1,2,16,15,16,'portuguese');
INSERT INTO "Student" VALUES (462,'GP','M',15,1,4,0,'no','yes','no','yes','no','yes','yes','yes',1,3,3,5,5,3,0,11,12,12,'portuguese');
INSERT INTO "Student" VALUES (463,'GP','F',16,1,4,0,'yes','yes','no','no','yes','yes','yes','no',4,3,3,1,2,5,0,10,9,10,'portuguese');
INSERT INTO "Student" VALUES (464,'GP','F',15,2,2,0,'yes','yes','no','no','yes','yes','yes','no',4,1,3,1,3,4,0,11,10,11,'portuguese');
INSERT INTO "Student" VALUES (465,'GP','F',15,2,4,0,'no','yes','no','no','no','yes','yes','no',4,4,2,2,3,3,6,15,15,15,'portuguese');
INSERT INTO "Student" VALUES (466,'GP','M',16,2,4,0,'no','yes','no','no','yes','yes','yes','no',4,3,2,1,1,5,2,13,11,11,'portuguese');
INSERT INTO "Student" VALUES (467,'GP','M',15,1,4,0,'no','no','no','no','yes','yes','yes','no',3,3,3,1,1,3,0,11,9,10,'portuguese');
INSERT INTO "Student" VALUES (468,'GP','F',15,1,2,0,'yes','yes','no','no','no','yes','yes','yes',3,3,4,2,4,5,2,13,11,11,'portuguese');
INSERT INTO "Student" VALUES (469,'GP','M',16,1,1,0,'no','no','no','yes','yes','yes','no','no',5,3,2,2,2,5,0,13,13,14,'portuguese');
INSERT INTO "Student" VALUES (470,'GP','F',16,1,2,0,'yes','yes','no','yes','yes','yes','yes','no',4,3,3,2,4,5,4,11,11,11,'portuguese');
INSERT INTO "Student" VALUES (471,'GP','M',15,1,2,0,'no','yes','no','yes','yes','yes','yes','no',4,3,3,2,3,5,0,11,11,11,'portuguese');
INSERT INTO "Student" VALUES (472,'GP','M',15,2,4,0,'no','no','no','yes','yes','yes','yes','no',3,4,3,1,1,1,0,12,11,11,'portuguese');
INSERT INTO "Student" VALUES (473,'GP','F',16,1,4,0,'no','no','no','no','yes','yes','yes','yes',5,2,3,1,3,3,1,13,13,13,'portuguese');
INSERT INTO "Student" VALUES (474,'GP','M',17,2,1,3,'yes','yes','no','yes','yes','no','yes','no',4,5,1,1,1,3,0,9,9,10,'portuguese');
INSERT INTO "Student" VALUES (475,'GP','F',16,1,2,0,'no','yes','no','no','yes','yes','yes','no',2,4,3,1,2,3,14,12,11,11,'portuguese');
INSERT INTO "Student" VALUES (476,'GP','M',15,1,1,0,'yes','yes','no','yes','no','yes','yes','yes',3,2,2,1,3,3,0,11,11,12,'portuguese');
INSERT INTO "Student" VALUES (477,'GP','M',15,1,3,0,'yes','no','no','no','no','yes','yes','no',5,3,2,1,2,5,2,10,9,9,'portuguese');
INSERT INTO "Student" VALUES (478,'GP','F',15,1,2,0,'no','yes','no','no','yes','yes','yes','no',4,4,4,1,1,5,4,12,11,11,'portuguese');
INSERT INTO "Student" VALUES (479,'GP','M',15,2,2,0,'no','no','yes','yes','yes','yes','yes','no',5,3,3,1,3,4,2,13,12,13,'portuguese');
INSERT INTO "Student" VALUES (480,'GP','F',15,1,2,0,'no','yes','no','yes','no','yes','yes','no',4,3,2,2,3,4,2,13,12,12,'portuguese');
INSERT INTO "Student" VALUES (481,'GP','F',15,2,2,0,'no','no','no','no','yes','yes','yes','yes',4,4,4,2,3,5,4,12,11,12,'portuguese');
INSERT INTO "Student" VALUES (482,'GP','F',16,1,2,0,'no','yes','no','no','yes','yes','no','no',4,3,4,1,2,2,6,13,11,11,'portuguese');
INSERT INTO "Student" VALUES (483,'GP','F',15,1,3,0,'no','yes','no','yes','yes','yes','yes','no',5,3,3,1,3,1,4,15,15,15,'portuguese');
INSERT INTO "Student" VALUES (484,'GP','M',16,2,2,0,'no','no','no','yes','no','yes','yes','no',4,4,2,1,1,3,6,12,10,11,'portuguese');
INSERT INTO "Student" VALUES (485,'GP','M',16,1,2,0,'no','yes','no','no','yes','yes','no','no',4,1,3,3,5,5,6,9,9,10,'portuguese');
INSERT INTO "Student" VALUES (486,'GP','F',16,1,3,0,'no','yes','no','no','yes','yes','yes','yes',4,3,3,1,3,4,2,9,11,11,'portuguese');
INSERT INTO "Student" VALUES (487,'GP','F',15,1,1,0,'no','no','no','yes','yes','yes','yes','no',4,5,5,1,3,1,6,14,13,13,'portuguese');
INSERT INTO "Student" VALUES (488,'GP','F',16,1,2,0,'yes','yes','no','no','yes','yes','no','no',3,3,3,2,3,2,0,12,13,12,'portuguese');
INSERT INTO "Student" VALUES (489,'GP','F',16,2,2,0,'no','yes','no','yes','yes','yes','yes','no',5,3,3,1,1,1,2,13,14,14,'portuguese');
INSERT INTO "Student" VALUES (490,'GP','M',15,1,4,0,'no','yes','no','yes','yes','yes','yes','no',4,3,4,1,1,4,2,11,12,12,'portuguese');
INSERT INTO "Student" VALUES (491,'GP','F',15,2,4,0,'yes','yes','yes','yes','yes','yes','yes','no',3,1,2,1,1,1,4,13,13,13,'portuguese');
INSERT INTO "Student" VALUES (492,'GP','M',16,2,1,0,'yes','yes','yes','yes','no','yes','yes','no',3,3,3,1,1,4,6,9,11,11,'portuguese');
INSERT INTO "Student" VALUES (493,'GP','F',16,1,2,0,'no','yes','no','no','yes','yes','no','yes',4,3,5,1,1,5,0,13,12,12,'portuguese');
INSERT INTO "Student" VALUES (494,'GP','F',16,1,1,0,'no','no','no','yes','no','yes','yes','no',5,3,4,1,2,1,4,12,13,13,'portuguese');
INSERT INTO "Student" VALUES (495,'GP','F',16,1,3,0,'yes','yes','no','no','yes','yes','yes','no',5,3,5,1,1,3,2,12,13,13,'portuguese');
INSERT INTO "Student" VALUES (496,'GP','M',16,1,1,0,'yes','yes','no','yes','yes','yes','yes','no',4,5,5,5,5,4,12,9,9,8,'portuguese');
INSERT INTO "Student" VALUES (497,'GP','M',16,1,3,0,'no','yes','no','yes','yes','yes','yes','yes',4,4,3,1,1,4,0,16,16,16,'portuguese');
INSERT INTO "Student" VALUES (498,'GP','M',15,1,1,0,'no','yes','yes','yes','no','yes','yes','no',5,3,3,1,1,5,2,12,13,12,'portuguese');
INSERT INTO "Student" VALUES (499,'GP','F',15,2,2,0,'yes','yes','no','no','yes','yes','yes','no',4,3,5,1,1,2,16,11,10,10,'portuguese');
INSERT INTO "Student" VALUES (500,'GP','M',15,1,2,0,'no','yes','no','yes','yes','yes','yes','no',5,4,4,1,1,1,0,16,16,16,'portuguese');
INSERT INTO "Student" VALUES (501,'GP','F',15,1,4,0,'yes','no','no','no','yes','yes','no','no',4,3,3,1,1,4,10,10,10,10,'portuguese');
INSERT INTO "Student" VALUES (502,'GP','F',15,1,4,0,'yes','yes','no','no','yes','yes','yes','no',5,1,2,1,1,3,4,10,10,10,'portuguese');
INSERT INTO "Student" VALUES (503,'GP','M',16,1,3,0,'no','yes','no','yes','yes','yes','yes','no',5,3,3,1,1,5,4,13,14,14,'portuguese');
INSERT INTO "Student" VALUES (504,'GP','M',15,4,4,0,'no','yes','no','yes','yes','yes','yes','yes',1,3,5,3,5,1,8,12,10,11,'portuguese');
INSERT INTO "Student" VALUES (505,'GP','F',16,1,3,0,'no','yes','no','yes','yes','yes','yes','yes',5,4,5,1,1,4,2,15,15,14,'portuguese');
INSERT INTO "Student" VALUES (506,'GP','M',15,1,1,0,'no','no','no','yes','yes','yes','yes','no',5,5,3,1,1,4,4,13,14,14,'portuguese');
INSERT INTO "Student" VALUES (507,'GP','F',16,1,3,0,'yes','yes','no','yes','yes','yes','yes','no',4,1,2,1,1,2,4,11,11,11,'portuguese');
INSERT INTO "Student" VALUES (508,'GP','F',16,1,2,1,'yes','no','no','yes','yes','yes','yes','no',3,1,2,1,1,5,12,8,10,10,'portuguese');
INSERT INTO "Student" VALUES (509,'GP','M',15,1,1,0,'no','no','no','no','yes','yes','yes','no',3,5,2,1,1,3,10,18,17,18,'portuguese');
INSERT INTO "Student" VALUES (510,'GP','M',15,1,2,0,'no','no','no','yes','yes','yes','yes','yes',5,4,2,1,1,5,4,10,9,10,'portuguese');
INSERT INTO "Student" VALUES (511,'GP','M',16,1,2,0,'no','yes','no','yes','yes','yes','yes','no',5,4,4,1,2,5,6,16,14,14,'portuguese');
INSERT INTO "Student" VALUES (512,'GP','M',15,2,2,0,'no','yes','no','yes','yes','yes','no','no',4,4,3,1,1,2,4,16,15,16,'portuguese');
INSERT INTO "Student" VALUES (513,'GP','M',16,2,1,0,'no','no','no','yes','yes','yes','yes','no',5,4,2,1,1,5,6,14,14,15,'portuguese');
INSERT INTO "Student" VALUES (514,'GP','M',17,3,2,1,'no','yes','no','yes','yes','yes','yes','no',5,2,4,1,4,5,14,12,11,11,'portuguese');
INSERT INTO "Student" VALUES (515,'GP','M',15,1,1,0,'no','no','no','no','yes','yes','yes','no',3,4,3,1,2,4,2,14,13,14,'portuguese');
INSERT INTO "Student" VALUES (516,'GP','F',15,1,2,0,'no','no','no','no','no','yes','yes','no',3,2,3,1,2,1,0,14,14,14,'portuguese');
INSERT INTO "Student" VALUES (517,'GP','M',15,1,4,0,'no','yes','no','yes','yes','yes','yes','no',5,5,4,1,2,5,6,14,13,13,'portuguese');
INSERT INTO "Student" VALUES (518,'GP','F',16,2,2,0,'no','yes','no','yes','yes','yes','yes','yes',4,2,2,1,2,5,2,14,12,13,'portuguese');
INSERT INTO "Student" VALUES (519,'GP','M',16,1,1,0,'no','yes','no','yes','yes','yes','yes','no',3,4,4,1,4,5,4,12,13,13,'portuguese');
INSERT INTO "Student" VALUES (520,'GP','F',16,1,2,0,'no','no','no','no','yes','yes','yes','yes',5,4,4,1,1,5,0,12,11,11,'portuguese');
INSERT INTO "Student" VALUES (521,'GP','M',15,1,1,0,'yes','no','no','no','yes','yes','yes','no',5,5,5,3,2,5,2,9,9,9,'portuguese');
INSERT INTO "Student" VALUES (522,'GP','F',15,1,2,0,'yes','no','no','yes','yes','yes','yes','yes',5,3,2,1,1,1,0,10,11,11,'portuguese');
INSERT INTO "Student" VALUES (523,'GP','F',19,1,2,2,'no','yes','no','no','no','no','no','no',3,4,2,1,1,5,0,9,10,11,'portuguese');
INSERT INTO "Student" VALUES (524,'GP','M',16,1,1,0,'no','no','no','yes','yes','yes','yes','no',3,5,5,2,5,4,8,14,14,15,'portuguese');
INSERT INTO "Student" VALUES (525,'GP','M',16,2,3,0,'no','yes','no','no','no','yes','yes','yes',3,2,3,2,2,1,4,13,12,13,'portuguese');
INSERT INTO "Student" VALUES (526,'GP','F',15,2,3,0,'no','yes','no','no','yes','yes','yes','yes',4,2,2,2,2,5,0,10,11,12,'portuguese');
INSERT INTO "Student" VALUES (527,'GP','F',18,1,2,3,'no','yes','no','yes','yes','no','yes','yes',5,4,5,1,3,5,10,10,9,8,'portuguese');
INSERT INTO "Student" VALUES (528,'GP','F',17,3,1,0,'no','yes','no','no','yes','yes','yes','no',3,2,2,1,2,5,8,11,10,11,'portuguese');
INSERT INTO "Student" VALUES (529,'GP','F',15,3,1,0,'no','yes','no','yes','no','yes','yes','yes',4,3,3,1,2,4,6,11,12,13,'portuguese');
INSERT INTO "Student" VALUES (530,'GP','F',17,1,1,0,'no','yes','no','no','yes','yes','yes','yes',3,4,4,1,3,5,2,13,12,12,'portuguese');
INSERT INTO "Student" VALUES (531,'GP','F',16,1,1,0,'no','no','no','no','yes','yes','yes','no',3,2,1,1,4,5,12,15,13,14,'portuguese');
INSERT INTO "Student" VALUES (532,'GP','M',16,4,1,0,'no','no','no','no','yes','yes','no','no',3,2,1,1,1,2,4,9,9,11,'portuguese');
INSERT INTO "Student" VALUES (533,'GP','F',16,1,1,1,'no','no','no','no','yes','yes','no','no',5,3,4,1,1,5,12,13,11,11,'portuguese');
INSERT INTO "Student" VALUES (534,'GP','M',15,4,2,0,'no','yes','no','no','yes','yes','no','yes',5,3,3,1,1,5,2,12,11,11,'portuguese');
INSERT INTO "Student" VALUES (535,'GP','F',15,1,3,0,'no','yes','no','yes','yes','yes','yes','yes',4,3,3,1,1,5,4,13,14,15,'portuguese');
INSERT INTO "Student" VALUES (536,'GP','M',17,3,2,0,'no','no','no','no','yes','yes','no','no',5,4,5,2,4,5,2,10,9,10,'portuguese');
INSERT INTO "Student" VALUES (537,'GP','F',16,4,2,0,'no','yes','no','no','yes','yes','no','no',5,1,3,1,1,3,0,14,13,13,'portuguese');
INSERT INTO "Student" VALUES (538,'GP','M',18,2,1,0,'no','no','no','yes','yes','yes','yes','yes',3,3,4,4,5,4,2,11,11,12,'portuguese');
INSERT INTO "Student" VALUES (539,'GP','F',18,1,3,0,'no','yes','no','yes','no','yes','yes','yes',4,3,3,5,1,5,10,12,11,11,'portuguese');
INSERT INTO "Student" VALUES (540,'GP','F',16,2,1,0,'no','yes','no','yes','yes','yes','no','yes',3,3,3,1,2,1,8,12,11,11,'portuguese');
INSERT INTO "Student" VALUES (541,'GP','F',16,2,1,0,'no','yes','no','yes','no','yes','yes','yes',4,3,2,1,1,5,4,9,9,10,'portuguese');
INSERT INTO "Student" VALUES (542,'GP','M',16,1,2,2,'no','no','no','no','yes','yes','no','yes',4,4,4,1,3,5,0,10,10,10,'portuguese');
INSERT INTO "Student" VALUES (543,'GP','F',15,2,1,0,'no','no','no','yes','yes','yes','yes','no',4,3,2,1,1,5,6,13,14,14,'portuguese');
INSERT INTO "Student" VALUES (544,'GP','F',15,3,1,1,'no','no','no','yes','yes','yes','yes','yes',5,5,5,1,1,1,2,8,9,9,'portuguese');
INSERT INTO "Student" VALUES (545,'GP','M',15,2,4,0,'yes','yes','no','no','yes','yes','yes','no',2,2,2,1,1,3,6,9,11,11,'portuguese');
INSERT INTO "Student" VALUES (546,'GP','F',15,1,2,0,'no','no','no','no','no','yes','no','yes',1,3,2,2,3,1,24,9,8,9,'portuguese');
INSERT INTO "Student" VALUES (547,'GP','M',16,1,3,0,'no','yes','no','yes','yes','yes','yes','no',5,3,3,1,3,5,0,15,13,13,'portuguese');
INSERT INTO "Student" VALUES (548,'GP','M',16,2,1,0,'no','yes','no','yes','yes','yes','yes','no',2,3,3,2,2,2,4,12,11,11,'portuguese');
INSERT INTO "Student" VALUES (549,'GP','F',15,1,3,0,'no','yes','no','yes','yes','yes','yes','no',4,2,2,1,1,5,2,13,13,13,'portuguese');
INSERT INTO "Student" VALUES (550,'GP','F',16,1,1,0,'no','no','no','no','yes','yes','yes','no',3,4,4,3,3,1,4,10,11,11,'portuguese');
INSERT INTO "Student" VALUES (551,'GP','M',17,1,1,0,'no','yes','no','no','yes','yes','yes','no',5,4,5,1,2,5,22,9,7,6,'portuguese');
INSERT INTO "Student" VALUES (552,'GP','F',15,1,2,0,'no','yes','no','no','yes','yes','yes','no',4,4,2,1,2,5,0,12,12,12,'portuguese');
INSERT INTO "Student" VALUES (553,'GP','F',15,2,1,0,'no','yes','no','yes','yes','no','yes','yes',4,4,2,1,1,5,0,11,10,10,'portuguese');
INSERT INTO "Student" VALUES (554,'GP','F',15,1,2,1,'no','yes','no','no','yes','yes','yes','no',3,3,2,1,1,3,2,11,11,11,'portuguese');
INSERT INTO "Student" VALUES (555,'GP','F',15,1,2,0,'no','yes','no','no','no','yes','yes','no',4,3,2,1,1,5,6,13,12,13,'portuguese');
INSERT INTO "Student" VALUES (556,'GP','F',15,1,2,0,'no','no','no','no','no','yes','no','yes',2,3,4,2,4,1,6,11,11,11,'portuguese');
INSERT INTO "Student" VALUES (557,'GP','M',16,1,1,0,'no','yes','no','no','yes','no','yes','yes',3,3,2,2,1,5,16,9,9,8,'portuguese');
INSERT INTO "Student" VALUES (558,'GP','M',15,4,1,0,'no','no','no','no','yes','yes','yes','no',4,5,5,2,5,5,0,12,11,11,'portuguese');
INSERT INTO "Student" VALUES (559,'GP','M',18,1,1,2,'no','no','no','no','yes','no','yes','yes',2,3,5,2,5,4,0,11,9,0,'portuguese');
INSERT INTO "Student" VALUES (560,'GP','M',16,1,1,1,'no','no','no','yes','yes','yes','no','yes',4,4,4,3,5,5,6,9,10,10,'portuguese');
INSERT INTO "Student" VALUES (561,'GP','F',15,2,3,0,'no','yes','yes','yes','yes','yes','yes','yes',4,2,1,2,3,3,2,13,13,13,'portuguese');
INSERT INTO "Student" VALUES (562,'GP','M',19,1,1,0,'no','yes','no','no','yes','no','yes','yes',4,5,4,1,1,4,6,11,9,11,'portuguese');
INSERT INTO "Student" VALUES (563,'GP','F',17,1,1,0,'yes','yes','no','no','yes','yes','no','yes',4,2,1,1,1,4,0,13,13,13,'portuguese');
INSERT INTO "Student" VALUES (564,'GP','M',15,1,2,0,'yes','no','yes','yes','yes','yes','no','no',4,4,4,1,1,1,0,7,8,8,'portuguese');
INSERT INTO "Student" VALUES (565,'GP','M',17,1,1,3,'no','no','no','no','yes','yes','no','no',2,2,2,3,3,5,14,9,8,10,'portuguese');
INSERT INTO "Student" VALUES (566,'GP','F',18,3,1,3,'no','yes','no','yes','no','yes','no','no',5,2,5,1,5,4,6,11,10,11,'portuguese');
INSERT INTO "Student" VALUES (567,'GP','M',16,3,1,0,'no','no','no','no','no','yes','no','no',4,2,2,1,2,3,4,12,10,11,'portuguese');
INSERT INTO "Student" VALUES (568,'GP','M',16,1,2,1,'no','yes','no','no','yes','yes','yes','yes',4,5,5,4,4,5,0,10,10,1,'portuguese');
INSERT INTO "Student" VALUES (569,'GP','M',16,2,1,2,'no','no','no','no','no','yes','yes','no',4,4,5,3,5,5,0,9,8,10,'portuguese');
INSERT INTO "Student" VALUES (570,'GP','M',17,2,1,1,'no','no','yes','yes','yes','no','yes','yes',3,3,2,2,2,5,8,8,8,9,'portuguese');
INSERT INTO "Student" VALUES (571,'GP','M',17,2,2,2,'yes','yes','no','no','yes','yes','yes','yes',4,4,4,1,4,3,4,7,6,8,'portuguese');
INSERT INTO "Student" VALUES (572,'GP','M',15,2,1,0,'no','no','no','yes','yes','yes','no','no',4,4,4,2,4,5,2,8,9,10,'portuguese');
INSERT INTO "Student" VALUES (573,'GP','M',16,1,1,1,'no','no','no','no','yes','no','yes','no',5,3,3,1,4,2,2,9,8,8,'portuguese');
INSERT INTO "Student" VALUES (574,'GP','M',17,4,2,0,'no','no','no','yes','yes','no','no','yes',5,3,5,1,5,5,0,8,8,8,'portuguese');
INSERT INTO "Student" VALUES (575,'GP','M',17,2,1,3,'no','yes','no','yes','no','no','no','no',4,5,2,1,1,2,10,8,7,8,'portuguese');
INSERT INTO "Student" VALUES (576,'GP','M',16,1,2,0,'no','no','no','no','yes','no','yes','no',4,3,5,2,4,4,0,9,10,11,'portuguese');
INSERT INTO "Student" VALUES (577,'GP','F',16,1,2,0,'no','no','no','no','yes','yes','yes','yes',4,2,3,1,1,3,0,17,17,18,'portuguese');
INSERT INTO "Student" VALUES (578,'GP','F',16,1,2,0,'no','yes','no','no','no','yes','yes','no',5,1,5,1,1,4,0,12,12,13,'portuguese');
INSERT INTO "Student" VALUES (579,'GP','F',16,1,2,0,'no','yes','no','no','yes','yes','yes','yes',4,4,2,1,1,3,0,16,16,17,'portuguese');
INSERT INTO "Student" VALUES (580,'GP','M',16,3,1,1,'no','yes','no','yes','no','yes','yes','no',3,4,5,2,4,2,4,9,9,10,'portuguese');
INSERT INTO "Student" VALUES (581,'GP','M',16,2,2,0,'no','yes','no','yes','yes','yes','yes','yes',4,3,2,1,1,3,0,16,17,18,'portuguese');
INSERT INTO "Student" VALUES (582,'GP','M',17,1,2,0,'no','yes','no','yes','yes','yes','yes','no',4,4,4,1,3,5,0,11,9,10,'portuguese');
INSERT INTO "Student" VALUES (583,'GP','F',16,1,2,0,'no','no','no','yes','no','yes','yes','yes',4,3,5,1,1,3,0,14,13,13,'portuguese');
INSERT INTO "Student" VALUES (584,'GP','F',16,2,2,0,'no','yes','no','yes','yes','yes','yes','no',4,4,5,1,1,4,0,14,14,15,'portuguese');
INSERT INTO "Student" VALUES (585,'GP','M',17,2,2,0,'no','no','no','yes','yes','yes','yes','no',4,4,4,4,4,4,0,10,11,11,'portuguese');
INSERT INTO "Student" VALUES (586,'GP','F',16,2,2,0,'no','no','no','yes','no','yes','yes','no',3,4,4,1,4,5,0,13,12,14,'portuguese');
INSERT INTO "Student" VALUES (587,'GP','M',17,1,2,0,'no','no','no','yes','no','yes','yes','no',4,3,4,1,4,4,4,11,9,10,'portuguese');
INSERT INTO "Student" VALUES (588,'GP','M',16,1,1,0,'no','yes','no','yes','yes','yes','yes','yes',4,3,3,3,4,3,8,10,9,11,'portuguese');
INSERT INTO "Student" VALUES (589,'GP','M',17,1,2,0,'no','yes','yes','yes','yes','yes','yes','yes',5,2,3,1,1,2,4,11,11,13,'portuguese');
INSERT INTO "Student" VALUES (590,'GP','M',16,1,2,0,'no','yes','yes','yes','yes','yes','yes','no',3,4,3,2,3,3,4,11,10,11,'portuguese');
INSERT INTO "Student" VALUES (591,'GP','M',16,1,2,0,'no','no','no','yes','yes','yes','yes','yes',4,2,3,1,2,3,0,11,12,13,'portuguese');
INSERT INTO "Student" VALUES (592,'GP','F',17,1,2,0,'no','yes','no','yes','yes','yes','no','no',5,4,2,2,3,5,0,17,18,17,'portuguese');
INSERT INTO "Student" VALUES (593,'GP','F',17,1,2,0,'no','yes','no','yes','yes','yes','yes','yes',5,3,3,2,3,1,32,14,13,14,'portuguese');
INSERT INTO "Student" VALUES (594,'GP','F',16,1,2,0,'no','yes','no','no','yes','yes','yes','no',1,2,2,1,2,1,8,14,15,16,'portuguese');
INSERT INTO "Student" VALUES (595,'GP','M',17,1,2,0,'no','yes','no','yes','yes','yes','yes','yes',4,3,4,2,3,4,6,11,13,14,'portuguese');
INSERT INTO "Student" VALUES (596,'GP','M',16,1,1,0,'no','yes','no','yes','yes','yes','yes','yes',3,3,3,1,2,3,0,10,9,11,'portuguese');
INSERT INTO "Student" VALUES (597,'GP','M',16,1,2,0,'no','no','no','yes','yes','yes','yes','yes',4,2,3,1,2,5,0,13,14,16,'portuguese');
INSERT INTO "Student" VALUES (598,'GP','F',17,1,2,0,'no','yes','no','no','no','yes','yes','yes',3,3,3,1,3,3,10,12,13,14,'portuguese');
INSERT INTO "Student" VALUES (599,'GP','M',17,1,2,0,'no','no','no','no','yes','yes','no','no',3,1,3,1,5,3,6,9,9,10,'portuguese');
INSERT INTO "Student" VALUES (600,'GP','F',16,1,2,0,'no','no','no','no','yes','yes','yes','no',4,3,3,1,1,2,6,12,12,13,'portuguese');
INSERT INTO "Student" VALUES (601,'GP','F',17,1,2,0,'no','no','no','yes','yes','yes','yes','no',5,3,3,1,1,3,0,12,11,12,'portuguese');
INSERT INTO "Student" VALUES (602,'GP','M',17,2,2,0,'no','no','no','yes','no','yes','yes','no',4,4,4,4,5,5,16,10,11,12,'portuguese');
INSERT INTO "Student" VALUES (603,'GP','M',16,1,1,0,'no','yes','no','yes','yes','yes','yes','no',4,3,2,3,4,5,0,11,10,10,'portuguese');
INSERT INTO "Student" VALUES (604,'GP','M',16,2,1,0,'no','no','no','no','yes','yes','yes','no',5,3,3,1,1,3,0,13,12,12,'portuguese');
INSERT INTO "Student" VALUES (605,'GP','F',17,1,2,0,'no','no','no','yes','yes','yes','yes','yes',4,3,2,1,1,5,8,14,15,16,'portuguese');
INSERT INTO "Student" VALUES (606,'GP','M',17,1,1,0,'no','no','no','no','yes','yes','yes','no',5,2,3,1,2,5,4,13,13,14,'portuguese');
INSERT INTO "Student" VALUES (607,'GP','M',16,3,1,0,'no','yes','no','yes','yes','yes','yes','no',3,3,4,3,5,3,16,10,11,12,'portuguese');
INSERT INTO "Student" VALUES (608,'GP','F',17,2,1,1,'no','yes','no','no','yes','yes','yes','no',4,2,4,2,3,2,30,14,15,16,'portuguese');
INSERT INTO "Student" VALUES (609,'GP','F',16,1,2,0,'no','yes','no','no','yes','yes','yes','no',4,5,2,1,2,3,0,11,10,11,'portuguese');
INSERT INTO "Student" VALUES (610,'GP','F',16,1,2,0,'no','yes','no','yes','yes','yes','yes','no',4,3,5,1,5,2,2,14,14,15,'portuguese');
INSERT INTO "Student" VALUES (611,'GP','F',16,1,2,0,'yes','yes','no','yes','yes','yes','no','no',4,4,3,1,3,4,4,11,12,12,'portuguese');
INSERT INTO "Student" VALUES (612,'GP','F',17,1,2,0,'no','yes','no','no','no','yes','no','no',4,4,4,1,3,1,0,14,15,15,'portuguese');
INSERT INTO "Student" VALUES (613,'GP','F',17,1,1,0,'no','yes','no','no','yes','yes','yes','no',5,3,2,1,2,3,21,13,13,13,'portuguese');
INSERT INTO "Student" VALUES (614,'GP','F',16,2,4,0,'no','yes','no','yes','no','yes','yes','no',5,3,5,1,1,5,6,13,13,13,'portuguese');
INSERT INTO "Student" VALUES (615,'GP','F',17,1,3,1,'no','yes','yes','no','yes','yes','yes','yes',4,4,3,3,4,5,14,8,9,8,'portuguese');
INSERT INTO "Student" VALUES (616,'GP','F',16,1,2,0,'no','yes','no','no','yes','yes','yes','no',2,3,3,2,2,4,2,11,11,12,'portuguese');
INSERT INTO "Student" VALUES (617,'GP','F',16,1,2,0,'no','no','no','yes','yes','yes','yes','yes',1,3,2,1,1,1,4,14,15,15,'portuguese');
INSERT INTO "Student" VALUES (618,'GP','F',16,2,1,0,'no','yes','no','no','yes','yes','no','no',4,3,2,1,4,5,2,12,13,13,'portuguese');
INSERT INTO "Student" VALUES (619,'GP','F',17,2,3,0,'no','yes','no','yes','yes','yes','yes','yes',4,4,2,1,1,4,0,11,12,12,'portuguese');
INSERT INTO "Student" VALUES (620,'GP','F',19,1,4,0,'no','yes','no','yes','yes','yes','yes','no',4,3,3,1,2,3,4,12,12,12,'portuguese');
INSERT INTO "Student" VALUES (621,'GP','M',17,1,2,0,'no','yes','no','no','yes','yes','yes','yes',5,3,5,4,5,3,15,13,12,12,'portuguese');
INSERT INTO "Student" VALUES (622,'GP','F',16,1,2,0,'yes','yes','no','no','yes','yes','yes','no',3,3,4,1,1,4,0,13,13,13,'portuguese');
INSERT INTO "Student" VALUES (623,'GP','M',18,1,2,0,'no','yes','no','yes','yes','yes','yes','no',4,4,4,2,4,5,10,12,11,11,'portuguese');
INSERT INTO "Student" VALUES (624,'GP','F',17,1,1,0,'no','yes','no','no','yes','yes','no','no',5,2,1,1,2,3,6,12,11,11,'portuguese');
INSERT INTO "Student" VALUES (625,'GP','F',17,2,2,0,'no','no','no','no','yes','yes','yes','no',4,4,4,1,3,1,2,14,16,15,'portuguese');
INSERT INTO "Student" VALUES (626,'GP','F',17,1,2,0,'no','no','no','no','yes','yes','yes','yes',3,4,5,2,4,1,16,11,9,10,'portuguese');
INSERT INTO "Student" VALUES (627,'GP','M',18,1,2,0,'no','yes','no','no','yes','yes','yes','no',3,2,4,2,4,4,10,10,10,10,'portuguese');
INSERT INTO "Student" VALUES (628,'GP','F',17,2,1,0,'no','yes','no','no','yes','yes','no','no',3,3,3,1,4,3,4,12,13,13,'portuguese');
INSERT INTO "Student" VALUES (629,'GP','F',17,1,3,0,'no','yes','no','yes','yes','yes','yes','no',4,3,3,1,1,4,0,12,12,13,'portuguese');
INSERT INTO "Student" VALUES (630,'GP','F',17,2,2,0,'no','yes','no','yes','yes','yes','yes','no',4,2,5,1,2,5,0,11,10,11,'portuguese');
INSERT INTO "Student" VALUES (631,'GP','F',17,1,3,0,'no','yes','no','yes','yes','yes','no','yes',4,3,4,1,1,5,12,12,12,12,'portuguese');
INSERT INTO "Student" VALUES (632,'GP','F',16,1,2,0,'yes','no','no','no','yes','yes','yes','no',2,3,1,1,1,3,0,13,13,14,'portuguese');
INSERT INTO "Student" VALUES (633,'GP','M',18,2,2,3,'no','yes','yes','no','yes','yes','yes','no',3,3,3,5,5,4,9,10,9,10,'portuguese');
INSERT INTO "Student" VALUES (634,'GP','F',16,1,3,0,'no','yes','no','yes','no','yes','yes','no',5,3,2,1,1,5,4,15,16,16,'portuguese');
INSERT INTO "Student" VALUES (635,'GP','F',18,1,2,0,'no','no','no','yes','yes','yes','yes','yes',5,3,3,1,1,4,4,8,8,8,'portuguese');
INSERT INTO "Student" VALUES (636,'GP','F',17,1,2,0,'no','no','no','yes','no','yes','yes','no',5,3,4,1,3,3,2,17,18,17,'portuguese');
INSERT INTO "Student" VALUES (637,'GP','M',17,1,2,0,'no','yes','no','no','no','yes','yes','no',5,3,3,1,3,3,0,10,11,11,'portuguese');
INSERT INTO "Student" VALUES (638,'GP','M',18,4,2,0,'yes','yes','no','yes','yes','yes','yes','yes',4,3,2,4,5,3,2,9,10,11,'portuguese');
INSERT INTO "Student" VALUES (639,'GP','F',17,2,3,0,'no','no','no','yes','yes','yes','yes','yes',3,2,3,1,2,3,0,15,15,16,'portuguese');
INSERT INTO "Student" VALUES (640,'GP','F',17,1,2,0,'no','no','no','yes','yes','yes','yes','yes',3,2,3,1,2,3,0,14,12,12,'portuguese');
INSERT INTO "Student" VALUES (641,'GP','M',17,2,2,0,'no','yes','no','yes','yes','yes','yes','no',4,5,2,1,1,1,0,12,13,13,'portuguese');
INSERT INTO "Student" VALUES (642,'GP','M',17,1,2,0,'yes','yes','no','yes','yes','yes','yes','yes',4,5,5,1,3,2,0,13,13,13,'portuguese');
INSERT INTO "Student" VALUES (643,'GP','M',16,1,2,0,'no','yes','no','yes','yes','yes','yes','no',4,2,4,2,4,1,0,13,13,14,'portuguese');
INSERT INTO "Student" VALUES (644,'GP','M',16,2,2,0,'no','yes','no','no','yes','yes','yes','no',3,4,2,1,1,5,2,9,9,9,'portuguese');
INSERT INTO "Student" VALUES (645,'GP','M',16,2,3,0,'no','no','no','yes','yes','yes','yes','yes',5,3,3,1,3,2,0,12,12,12,'portuguese');
INSERT INTO "Student" VALUES (646,'GP','M',17,1,2,0,'no','no','no','yes','no','yes','yes','yes',4,4,2,5,5,4,0,16,16,16,'portuguese');
INSERT INTO "Student" VALUES (647,'GP','F',16,1,1,0,'no','no','no','no','yes','yes','yes','yes',4,5,2,1,1,5,4,9,10,10,'portuguese');
INSERT INTO "Student" VALUES (648,'GP','F',16,1,2,0,'no','no','no','yes','yes','yes','yes','yes',5,3,3,1,2,5,0,14,13,13,'portuguese');
INSERT INTO "Student" VALUES (649,'GP','F',18,2,2,1,'no','yes','no','no','yes','yes','yes','no',4,3,3,1,1,3,18,10,10,10,'portuguese');
INSERT INTO "Student" VALUES (650,'GP','F',18,1,2,1,'no','yes','no','no','no','yes','yes','yes',5,3,1,1,1,5,16,9,8,10,'portuguese');
INSERT INTO "Student" VALUES (651,'GP','F',18,2,1,1,'no','no','no','no','yes','no','yes','no',4,1,1,1,1,3,14,8,7,7,'portuguese');
INSERT INTO "Student" VALUES (652,'GP','M',18,1,1,1,'no','yes','no','yes','no','no','yes','yes',4,4,3,2,2,1,26,7,8,8,'portuguese');
INSERT INTO "Student" VALUES (653,'GP','M',17,1,1,0,'no','yes','no','yes','no','yes','yes','no',4,2,1,1,2,5,6,10,8,9,'portuguese');
INSERT INTO "Student" VALUES (654,'GP','F',17,1,2,0,'no','no','no','yes','yes','yes','no','no',5,4,2,1,1,3,4,14,14,15,'portuguese');
INSERT INTO "Student" VALUES (655,'GP','F',17,1,3,0,'no','yes','no','yes','yes','yes','yes','yes',4,3,2,1,2,4,10,11,10,10,'portuguese');
INSERT INTO "Student" VALUES (656,'GP','F',16,1,1,0,'no','no','no','no','yes','no','yes','no',5,3,5,1,2,5,4,12,11,11,'portuguese');
INSERT INTO "Student" VALUES (657,'GP','F',17,3,2,0,'no','no','no','yes','yes','yes','no','no',2,1,1,1,1,3,2,13,13,13,'portuguese');
INSERT INTO "Student" VALUES (658,'GP','F',17,4,1,1,'no','yes','no','no','yes','yes','yes','no',5,5,4,1,1,5,14,9,9,8,'portuguese');
INSERT INTO "Student" VALUES (659,'GP','M',18,1,2,0,'no','no','no','no','yes','no','yes','no',5,5,4,3,5,2,16,8,7,8,'portuguese');
INSERT INTO "Student" VALUES (660,'GP','F',17,1,1,1,'no','yes','no','no','no','no','yes','no',3,1,2,1,1,1,8,11,9,10,'portuguese');
INSERT INTO "Student" VALUES (661,'GP','F',17,2,3,0,'no','no','no','yes','yes','yes','yes','no',4,3,3,1,3,5,4,15,14,15,'portuguese');
INSERT INTO "Student" VALUES (662,'GP','F',17,1,2,0,'no','yes','no','yes','yes','yes','no','no',4,3,2,1,1,4,4,15,14,14,'portuguese');
INSERT INTO "Student" VALUES (663,'GP','M',17,2,2,0,'no','no','no','yes','yes','yes','yes','yes',2,5,5,1,4,5,8,15,15,15,'portuguese');
INSERT INTO "Student" VALUES (664,'GP','M',17,2,2,0,'no','yes','no','no','yes','yes','yes','no',3,3,3,2,3,4,0,12,12,12,'portuguese');
INSERT INTO "Student" VALUES (665,'GP','M',16,1,1,0,'no','no','no','yes','no','yes','yes','no',5,4,5,1,1,3,7,14,14,15,'portuguese');
INSERT INTO "Student" VALUES (666,'GP','M',16,1,1,0,'no','no','yes','yes','yes','yes','yes','no',5,3,2,1,2,5,4,14,15,15,'portuguese');
INSERT INTO "Student" VALUES (667,'GP','F',17,1,2,0,'no','yes','yes','no','yes','yes','yes','yes',5,3,1,1,4,5,2,11,11,12,'portuguese');
INSERT INTO "Student" VALUES (668,'GP','M',17,2,3,0,'no','no','no','no','no','yes','yes','yes',4,3,3,1,1,1,2,13,14,15,'portuguese');
INSERT INTO "Student" VALUES (669,'GP','F',17,2,3,0,'no','yes','no','no','yes','yes','yes','yes',4,2,2,2,3,5,10,11,11,11,'portuguese');
INSERT INTO "Student" VALUES (670,'GP','F',17,1,2,0,'yes','no','no','no','no','yes','no','yes',4,3,2,1,1,4,10,10,9,10,'portuguese');
INSERT INTO "Student" VALUES (671,'GP','F',18,2,3,0,'no','yes','no','no','no','yes','yes','yes',4,4,4,1,1,3,10,12,10,11,'portuguese');
INSERT INTO "Student" VALUES (672,'GP','M',16,3,1,0,'no','no','no','no','yes','yes','yes','no',4,3,3,1,1,4,7,15,16,16,'portuguese');
INSERT INTO "Student" VALUES (673,'GP','F',17,1,2,0,'no','yes','no','no','yes','yes','no','no',4,3,4,1,2,5,4,11,10,11,'portuguese');
INSERT INTO "Student" VALUES (674,'GP','M',17,2,1,0,'no','no','no','no','yes','yes','yes','no',5,2,2,1,1,2,2,9,12,13,'portuguese');
INSERT INTO "Student" VALUES (675,'GP','M',22,1,1,3,'no','no','no','no','no','no','yes','yes',5,4,5,5,5,1,12,7,8,5,'portuguese');
INSERT INTO "Student" VALUES (676,'GP','M',18,1,2,0,'no','yes','no','no','yes','yes','yes','yes',4,3,3,1,3,5,8,10,9,10,'portuguese');
INSERT INTO "Student" VALUES (677,'GP','M',16,1,1,0,'no','no','no','no','no','yes','yes','no',4,3,2,2,4,5,0,11,12,11,'portuguese');
INSERT INTO "Student" VALUES (678,'GP','M',18,2,1,0,'no','no','no','no','yes','no','yes','no',4,4,5,2,4,5,8,7,8,7,'portuguese');
INSERT INTO "Student" VALUES (679,'GP','M',16,3,2,1,'yes','yes','no','no','no','yes','yes','no',5,3,3,1,3,2,4,9,11,10,'portuguese');
INSERT INTO "Student" VALUES (680,'GP','M',18,1,1,2,'no','no','no','no','no','no','yes','no',3,2,5,2,5,5,4,7,8,6,'portuguese');
INSERT INTO "Student" VALUES (681,'GP','M',16,2,1,0,'no','no','no','yes','no','yes','no','no',3,3,2,1,3,3,2,14,13,12,'portuguese');
INSERT INTO "Student" VALUES (682,'GP','M',17,1,1,0,'no','no','no','no','no','yes','yes','no',4,4,2,2,4,5,0,12,12,13,'portuguese');
INSERT INTO "Student" VALUES (683,'GP','M',17,2,1,1,'no','yes','no','yes','yes','yes','yes','no',4,4,4,1,2,5,0,9,10,10,'portuguese');
INSERT INTO "Student" VALUES (684,'GP','F',18,1,2,0,'no','yes','no','no','no','yes','yes','yes',4,3,4,1,3,5,2,12,12,13,'portuguese');
INSERT INTO "Student" VALUES (685,'GP','F',17,1,4,0,'no','yes','no','yes','yes','yes','yes','no',4,2,3,1,1,4,2,14,15,17,'portuguese');
INSERT INTO "Student" VALUES (686,'GP','F',19,1,2,0,'no','yes','no','no','yes','yes','yes','no',4,3,3,1,1,5,0,10,10,11,'portuguese');
INSERT INTO "Student" VALUES (687,'GP','M',18,3,2,1,'no','no','no','yes','no','no','yes','no',4,4,5,4,4,5,4,11,10,11,'portuguese');
INSERT INTO "Student" VALUES (688,'GP','F',17,1,3,0,'no','yes','no','yes','yes','yes','yes','no',4,3,4,1,3,5,2,11,12,14,'portuguese');
INSERT INTO "Student" VALUES (689,'GP','F',18,1,3,0,'no','yes','no','no','no','yes','no','no',4,4,3,2,3,3,4,11,12,14,'portuguese');
INSERT INTO "Student" VALUES (690,'GP','F',18,1,2,0,'yes','no','no','no','yes','yes','no','no',3,2,3,1,1,5,4,11,11,13,'portuguese');
INSERT INTO "Student" VALUES (691,'GP','M',19,1,2,0,'no','yes','no','no','yes','yes','yes','no',4,3,1,1,1,1,4,11,13,14,'portuguese');
INSERT INTO "Student" VALUES (692,'GP','M',18,1,2,0,'no','no','no','yes','yes','yes','yes','no',5,2,4,1,2,4,2,16,16,16,'portuguese');
INSERT INTO "Student" VALUES (693,'GP','M',17,2,1,0,'no','no','no','no','no','no','no','no',5,2,2,1,1,4,0,9,10,10,'portuguese');
INSERT INTO "Student" VALUES (694,'GP','F',17,1,4,0,'no','no','no','yes','yes','yes','yes','yes',3,4,1,1,1,2,2,10,11,12,'portuguese');
INSERT INTO "Student" VALUES (695,'GP','F',20,2,2,0,'no','yes','yes','yes','yes','no','yes','yes',1,2,3,1,2,2,8,10,12,12,'portuguese');
INSERT INTO "Student" VALUES (696,'GP','F',18,1,2,0,'no','yes','no','no','yes','yes','yes','yes',3,1,2,1,3,2,2,15,15,15,'portuguese');
INSERT INTO "Student" VALUES (697,'GP','M',18,1,2,0,'no','yes','no','no','no','yes','yes','no',4,3,2,1,1,3,2,10,10,11,'portuguese');
INSERT INTO "Student" VALUES (698,'GP','M',18,1,3,0,'no','no','no','yes','no','yes','no','no',5,3,2,1,1,3,2,10,11,12,'portuguese');
INSERT INTO "Student" VALUES (699,'GP','F',17,1,3,0,'no','no','no','yes','no','yes','no','no',3,2,3,1,1,4,2,15,12,13,'portuguese');
INSERT INTO "Student" VALUES (700,'GP','F',18,1,3,0,'no','yes','no','yes','yes','yes','yes','yes',4,3,3,1,1,3,0,11,12,13,'portuguese');
INSERT INTO "Student" VALUES (701,'GP','M',17,2,1,0,'no','no','no','no','yes','no','yes','no',4,4,4,2,3,4,8,8,8,9,'portuguese');
INSERT INTO "Student" VALUES (702,'GP','M',18,2,2,0,'no','yes','no','yes','yes','yes','yes','no',4,2,5,3,4,1,6,15,16,16,'portuguese');
INSERT INTO "Student" VALUES (703,'GP','M',17,1,2,0,'no','no','no','yes','yes','yes','yes','yes',5,4,4,3,4,5,0,11,11,14,'portuguese');
INSERT INTO "Student" VALUES (704,'GP','F',18,2,2,0,'no','no','no','yes','yes','yes','yes','no',4,3,4,2,2,4,8,10,11,12,'portuguese');
INSERT INTO "Student" VALUES (705,'GP','M',18,1,2,0,'no','yes','no','yes','yes','yes','yes','yes',5,4,5,1,3,5,4,10,12,14,'portuguese');
INSERT INTO "Student" VALUES (706,'GP','F',18,2,2,0,'no','yes','no','no','yes','no','yes','yes',4,3,5,1,2,3,12,8,9,10,'portuguese');
INSERT INTO "Student" VALUES (707,'GP','F',19,1,2,0,'no','yes','no','yes','yes','yes','yes','no',4,3,5,3,3,5,16,11,12,12,'portuguese');
INSERT INTO "Student" VALUES (708,'GP','F',18,1,4,0,'no','yes','no','yes','yes','yes','yes','yes',4,5,5,1,3,2,10,16,16,16,'portuguese');
INSERT INTO "Student" VALUES (709,'GP','F',18,2,2,0,'no','yes','no','no','no','yes','no','no',4,4,3,1,1,3,2,13,13,13,'portuguese');
INSERT INTO "Student" VALUES (710,'GP','M',17,1,2,0,'no','yes','no','yes','no','yes','no','yes',3,5,2,2,2,1,2,16,17,18,'portuguese');
INSERT INTO "Student" VALUES (711,'GP','F',18,1,2,0,'no','yes','no','no','yes','yes','yes','yes',4,2,5,1,2,1,8,14,14,15,'portuguese');
INSERT INTO "Student" VALUES (712,'GP','F',17,2,2,0,'no','yes','no','no','yes','yes','yes','yes',4,3,3,1,1,1,6,15,16,16,'portuguese');
INSERT INTO "Student" VALUES (713,'GP','F',17,2,2,0,'yes','yes','no','no','yes','yes','yes','yes',4,4,4,2,3,5,6,12,12,12,'portuguese');
INSERT INTO "Student" VALUES (714,'GP','F',18,2,2,0,'no','no','no','no','no','no','yes','yes',4,1,1,1,1,5,15,12,9,10,'portuguese');
INSERT INTO "Student" VALUES (715,'GP','M',18,2,1,0,'no','no','no','yes','yes','yes','yes','no',3,2,4,1,4,3,6,11,12,12,'portuguese');
INSERT INTO "Student" VALUES (716,'GP','F',18,1,2,1,'yes','yes','no','yes','yes','yes','yes','yes',2,4,4,1,1,4,2,14,12,13,'portuguese');
INSERT INTO "Student" VALUES (717,'GP','F',17,3,3,0,'no','yes','no','no','yes','yes','yes','yes',4,2,3,1,1,1,8,13,15,15,'portuguese');
INSERT INTO "Student" VALUES (718,'GP','F',19,1,2,1,'yes','yes','no','no','yes','no','yes','no',3,3,3,4,3,3,0,9,8,10,'portuguese');
INSERT INTO "Student" VALUES (719,'GP','M',18,2,1,0,'no','no','no','yes','yes','yes','yes','no',4,2,3,1,2,1,0,10,10,10,'portuguese');
INSERT INTO "Student" VALUES (720,'GP','M',18,2,1,0,'no','no','no','no','no','no','yes','no',3,4,4,2,4,4,10,10,10,11,'portuguese');
INSERT INTO "Student" VALUES (721,'GP','M',17,2,1,0,'no','no','no','yes','yes','yes','yes','yes',4,5,4,2,4,5,22,11,11,10,'portuguese');
INSERT INTO "Student" VALUES (722,'GP','M',17,1,1,0,'no','no','no','no','yes','yes','yes','no',4,4,4,3,4,3,18,13,13,13,'portuguese');
INSERT INTO "Student" VALUES (723,'GP','F',18,2,4,0,'no','yes','no','yes','yes','yes','no','no',5,2,2,1,1,3,2,17,17,18,'portuguese');
INSERT INTO "Student" VALUES (724,'GP','F',18,2,2,0,'yes','no','no','yes','yes','yes','yes','no',5,4,4,1,1,4,0,12,13,13,'portuguese');
INSERT INTO "Student" VALUES (725,'GP','F',17,1,2,0,'no','yes','no','no','no','yes','yes','no',5,4,5,1,2,5,12,12,12,14,'portuguese');
INSERT INTO "Student" VALUES (726,'GP','F',18,2,2,0,'no','no','no','yes','yes','yes','yes','yes',4,3,1,1,1,5,10,12,13,14,'portuguese');
INSERT INTO "Student" VALUES (727,'GP','M',17,1,2,0,'no','no','no','no','no','yes','yes','no',4,3,3,1,2,4,0,12,12,12,'portuguese');
INSERT INTO "Student" VALUES (728,'GP','F',18,1,3,0,'no','yes','no','no','yes','yes','yes','no',4,3,3,1,2,2,0,18,18,18,'portuguese');
INSERT INTO "Student" VALUES (729,'GP','F',17,1,3,0,'no','yes','no','no','yes','yes','yes','no',4,3,3,1,1,3,0,13,13,14,'portuguese');
INSERT INTO "Student" VALUES (730,'GP','M',18,1,3,0,'no','no','no','yes','yes','yes','yes','no',4,2,4,1,3,2,0,14,15,15,'portuguese');
INSERT INTO "Student" VALUES (731,'GP','M',18,1,2,0,'no','yes','no','yes','yes','yes','yes','no',5,4,3,1,1,2,0,17,17,17,'portuguese');
INSERT INTO "Student" VALUES (732,'GP','M',18,1,2,0,'no','yes','no','yes','yes','yes','yes','yes',4,3,2,1,4,5,2,15,16,16,'portuguese');
INSERT INTO "Student" VALUES (733,'GP','F',17,1,3,0,'no','yes','no','no','yes','yes','yes','no',4,2,2,1,2,3,0,17,18,18,'portuguese');
INSERT INTO "Student" VALUES (734,'GP','F',17,2,4,0,'no','yes','no','no','yes','yes','no','no',3,1,2,1,1,3,0,18,19,19,'portuguese');
INSERT INTO "Student" VALUES (735,'GP','M',18,2,3,0,'no','yes','no','yes','yes','yes','yes','no',5,4,2,1,1,4,0,14,15,15,'portuguese');
INSERT INTO "Student" VALUES (736,'GP','M',17,1,1,0,'no','yes','no','no','yes','yes','yes','no',4,4,3,1,3,5,0,14,15,15,'portuguese');
INSERT INTO "Student" VALUES (737,'GP','F',19,2,2,0,'no','yes','no','yes','yes','yes','yes','no',2,3,4,2,3,2,2,14,13,13,'portuguese');
INSERT INTO "Student" VALUES (738,'GP','F',18,2,2,0,'no','yes','no','no','yes','yes','yes','yes',4,4,5,1,2,2,0,13,14,14,'portuguese');
INSERT INTO "Student" VALUES (739,'GP','F',18,1,4,0,'no','yes','no','no','yes','yes','yes','no',4,3,3,1,1,3,0,16,17,17,'portuguese');
INSERT INTO "Student" VALUES (740,'GP','M',18,1,1,0,'no','yes','no','no','yes','yes','yes','yes',1,4,2,2,2,1,0,18,18,17,'portuguese');
INSERT INTO "Student" VALUES (741,'GP','F',18,1,2,0,'no','yes','yes','no','yes','yes','yes','yes',4,2,4,1,1,4,0,14,15,15,'portuguese');
INSERT INTO "Student" VALUES (742,'GP','M',17,2,1,0,'no','no','no','no','yes','yes','yes','no',4,1,1,2,2,5,0,12,13,13,'portuguese');
INSERT INTO "Student" VALUES (743,'GP','F',17,2,3,0,'no','yes','no','yes','yes','yes','yes','no',5,3,4,1,1,5,0,7,7,8,'portuguese');
INSERT INTO "Student" VALUES (744,'GP','F',17,2,3,0,'no','yes','no','no','yes','yes','yes','no',4,3,3,1,1,3,0,16,16,16,'portuguese');
INSERT INTO "Student" VALUES (745,'GP','F',17,1,4,0,'no','yes','no','yes','no','yes','yes','no',5,2,2,1,2,5,0,18,18,18,'portuguese');
INSERT INTO "Student" VALUES (746,'GP','M',19,2,3,1,'no','no','no','yes','yes','yes','yes','yes',4,3,1,1,1,5,0,9,10,11,'portuguese');
INSERT INTO "Student" VALUES (747,'GP','M',20,1,1,2,'no','no','no','yes','yes','yes','no','no',5,5,3,1,1,5,0,14,15,15,'portuguese');
INSERT INTO "Student" VALUES (748,'GP','M',19,1,2,0,'no','no','no','yes','yes','yes','no','yes',4,5,3,1,2,5,0,10,10,11,'portuguese');
INSERT INTO "Student" VALUES (749,'GP','F',18,1,2,0,'yes','yes','no','no','no','yes','no','yes',3,4,4,1,2,5,2,10,10,11,'portuguese');
INSERT INTO "Student" VALUES (750,'GP','F',18,2,2,0,'no','yes','no','yes','yes','yes','yes','no',5,3,3,1,2,1,2,12,12,15,'portuguese');
INSERT INTO "Student" VALUES (751,'GP','F',17,2,2,0,'no','no','no','yes','yes','yes','yes','yes',4,2,1,1,1,3,2,11,12,14,'portuguese');
INSERT INTO "Student" VALUES (752,'GP','F',17,1,1,0,'no','no','no','yes','yes','yes','yes','no',4,4,4,1,1,5,2,15,16,17,'portuguese');
INSERT INTO "Student" VALUES (753,'GP','F',18,1,3,0,'no','yes','no','yes','yes','yes','yes','yes',4,3,4,1,1,5,2,14,15,17,'portuguese');
INSERT INTO "Student" VALUES (754,'GP','F',18,2,1,0,'no','yes','no','no','yes','yes','yes','no',3,2,4,1,4,1,8,12,12,15,'portuguese');
INSERT INTO "Student" VALUES (755,'GP','F',17,1,3,0,'no','yes','no','yes','no','yes','yes','no',4,3,4,2,5,5,2,15,15,17,'portuguese');
INSERT INTO "Student" VALUES (756,'GP','F',18,1,2,0,'no','yes','no','no','yes','yes','yes','no',4,1,4,1,1,3,8,11,12,14,'portuguese');
INSERT INTO "Student" VALUES (757,'GP','M',19,2,2,0,'no','yes','no','yes','yes','yes','yes','yes',5,4,4,1,1,1,9,11,10,10,'portuguese');
INSERT INTO "Student" VALUES (758,'GP','F',18,1,2,0,'no','yes','no','no','yes','yes','yes','no',4,4,4,3,3,5,0,12,11,13,'portuguese');
INSERT INTO "Student" VALUES (759,'GP','F',18,1,1,0,'no','yes','no','yes','yes','yes','yes','yes',5,4,4,1,1,1,4,11,12,14,'portuguese');
INSERT INTO "Student" VALUES (760,'GP','F',17,1,1,0,'no','no','no','yes','yes','yes','yes','no',5,3,4,1,2,5,2,14,15,17,'portuguese');
INSERT INTO "Student" VALUES (761,'GP','F',17,1,2,0,'no','yes','no','no','yes','yes','yes','yes',5,2,2,1,2,5,14,15,14,17,'portuguese');
INSERT INTO "Student" VALUES (762,'GP','F',17,1,2,0,'yes','yes','no','no','yes','yes','yes','no',5,3,3,1,1,5,0,12,12,13,'portuguese');
INSERT INTO "Student" VALUES (763,'GP','F',17,1,2,0,'no','no','no','yes','yes','yes','yes','no',4,2,3,2,2,2,2,11,12,14,'portuguese');
INSERT INTO "Student" VALUES (764,'GP','M',18,1,1,0,'no','yes','no','no','yes','yes','yes','no',4,2,5,3,4,5,2,8,9,11,'portuguese');
INSERT INTO "Student" VALUES (765,'GP','F',19,3,3,0,'no','no','no','yes','yes','no','no','yes',1,5,5,4,3,5,12,10,10,11,'portuguese');
INSERT INTO "Student" VALUES (766,'GP','F',19,3,2,2,'no','yes','no','no','no','yes','yes','yes',5,3,4,1,1,4,2,8,8,9,'portuguese');
INSERT INTO "Student" VALUES (767,'GP','F',18,1,1,0,'no','yes','no','yes','yes','yes','yes','yes',4,3,5,2,4,5,2,10,10,10,'portuguese');
INSERT INTO "Student" VALUES (768,'GP','F',17,1,2,0,'no','yes','no','no','yes','yes','no','yes',4,2,2,1,1,3,4,14,13,13,'portuguese');
INSERT INTO "Student" VALUES (769,'GP','F',17,1,3,0,'no','yes','no','yes','yes','yes','yes','no',3,3,2,2,2,3,0,11,11,10,'portuguese');
INSERT INTO "Student" VALUES (770,'GP','F',17,1,3,0,'no','yes','no','no','no','yes','yes','no',3,4,3,2,3,5,0,17,18,17,'portuguese');
INSERT INTO "Student" VALUES (771,'GP','F',17,2,3,0,'no','no','no','no','yes','yes','yes','no',3,3,3,2,3,2,0,14,14,15,'portuguese');
INSERT INTO "Student" VALUES (772,'GP','F',18,2,3,0,'no','no','no','yes','yes','yes','yes','no',4,5,5,1,2,2,0,14,14,14,'portuguese');
INSERT INTO "Student" VALUES (773,'GP','M',18,1,3,0,'no','no','no','yes','yes','yes','yes','no',4,3,3,2,2,3,0,13,14,13,'portuguese');
INSERT INTO "Student" VALUES (774,'GP','M',17,1,1,0,'no','no','no','yes','no','yes','yes','no',4,3,5,3,5,5,0,17,18,17,'portuguese');
INSERT INTO "Student" VALUES (775,'GP','M',17,4,1,0,'no','yes','no','no','yes','yes','yes','no',4,4,5,5,5,4,2,11,10,10,'portuguese');
INSERT INTO "Student" VALUES (776,'GP','F',17,1,3,0,'no','yes','no','yes','yes','yes','yes','no',5,4,4,1,3,4,0,13,12,13,'portuguese');
INSERT INTO "Student" VALUES (777,'GP','F',17,2,3,0,'no','yes','no','no','no','yes','yes','yes',4,3,3,1,2,4,4,15,14,15,'portuguese');
INSERT INTO "Student" VALUES (778,'GP','F',17,1,1,0,'no','yes','yes','yes','yes','yes','yes','no',4,2,5,2,5,5,2,11,12,11,'portuguese');
INSERT INTO "Student" VALUES (779,'GP','M',18,1,4,0,'no','yes','yes','yes','yes','yes','yes','no',4,5,5,2,4,5,0,11,11,12,'portuguese');
INSERT INTO "Student" VALUES (780,'GP','M',19,1,1,0,'no','yes','no','no','no','yes','no','yes',5,3,4,2,2,5,0,11,10,10,'portuguese');
INSERT INTO "Student" VALUES (781,'GP','F',18,4,2,0,'no','no','no','yes','yes','yes','no','yes',4,2,5,1,1,2,2,10,9,10,'portuguese');
INSERT INTO "Student" VALUES (782,'GP','F',17,1,3,0,'no','yes','no','no','yes','yes','yes','yes',4,4,3,1,1,5,0,15,15,15,'portuguese');
INSERT INTO "Student" VALUES (783,'GP','M',18,1,1,0,'no','no','no','no','no','yes','yes','no',5,4,2,1,2,5,6,15,14,15,'portuguese');
INSERT INTO "Student" VALUES (784,'GP','F',18,1,2,0,'no','no','no','yes','yes','yes','yes','no',5,3,4,1,1,4,8,10,11,12,'portuguese');
INSERT INTO "Student" VALUES (785,'GP','F',18,1,2,0,'no','no','no','yes','no','yes','yes','yes',4,3,3,1,1,2,0,10,9,12,'portuguese');
INSERT INTO "Student" VALUES (786,'GP','F',18,2,4,0,'no','no','no','yes','yes','yes','no','no',4,4,4,1,1,4,6,14,13,14,'portuguese');
INSERT INTO "Student" VALUES (787,'GP','F',17,1,3,0,'no','no','no','no','yes','yes','yes','no',4,4,5,1,3,5,8,11,13,14,'portuguese');
INSERT INTO "Student" VALUES (788,'GP','F',17,1,2,0,'no','yes','no','no','yes','yes','yes','yes',4,3,2,2,3,2,0,12,13,15,'portuguese');
INSERT INTO "Student" VALUES (789,'GP','F',18,1,4,0,'no','yes','no','no','yes','yes','yes','no',5,3,3,1,1,1,4,14,14,15,'portuguese');
INSERT INTO "Student" VALUES (790,'GP','F',17,1,2,0,'no','yes','no','no','yes','yes','yes','no',4,3,3,2,3,2,0,14,14,16,'portuguese');
INSERT INTO "Student" VALUES (791,'GP','M',18,1,2,0,'no','yes','no','yes','yes','yes','yes','no',4,3,3,2,2,2,0,12,12,13,'portuguese');
INSERT INTO "Student" VALUES (792,'GP','M',18,1,2,0,'no','no','no','yes','yes','yes','yes','yes',4,3,3,1,3,5,6,16,16,17,'portuguese');
INSERT INTO "Student" VALUES (793,'GP','F',17,1,2,0,'no','yes','no','no','yes','yes','yes','yes',3,3,1,1,2,4,18,10,12,14,'portuguese');
INSERT INTO "Student" VALUES (794,'GP','F',18,1,3,0,'no','yes','no','no','yes','yes','yes','no',4,3,3,1,2,3,0,11,12,14,'portuguese');
INSERT INTO "Student" VALUES (795,'GP','F',18,1,3,0,'no','no','no','no','yes','yes','yes','yes',5,4,3,2,3,1,4,14,16,17,'portuguese');
INSERT INTO "Student" VALUES (796,'GP','M',18,1,3,0,'no','no','no','no','yes','yes','yes','yes',5,3,2,1,2,4,4,15,14,17,'portuguese');
INSERT INTO "Student" VALUES (797,'GP','M',18,1,3,0,'no','yes','no','no','yes','yes','yes','yes',5,4,5,2,3,5,0,14,13,14,'portuguese');
INSERT INTO "Student" VALUES (798,'GP','F',17,1,3,0,'no','yes','no','yes','yes','yes','yes','yes',4,4,3,1,3,4,0,11,12,13,'portuguese');
INSERT INTO "Student" VALUES (799,'GP','F',17,2,2,0,'no','yes','no','yes','yes','yes','yes','yes',4,3,4,2,2,1,10,12,15,15,'portuguese');
INSERT INTO "Student" VALUES (800,'GP','F',17,1,2,0,'no','yes','no','yes','yes','yes','yes','no',4,3,5,2,4,4,4,12,16,16,'portuguese');
INSERT INTO "Student" VALUES (801,'GP','F',19,2,1,1,'no','no','no','no','yes','no','yes','no',2,2,3,3,4,5,16,10,11,11,'portuguese');
INSERT INTO "Student" VALUES (802,'GP','F',17,1,1,1,'no','yes','yes','no','yes','yes','yes','yes',4,1,2,1,1,3,6,10,13,13,'portuguese');
INSERT INTO "Student" VALUES (803,'GP','F',21,1,3,2,'no','no','yes','yes','yes','yes','yes','no',3,3,2,1,1,5,0,9,12,12,'portuguese');
INSERT INTO "Student" VALUES (804,'GP','M',18,1,2,0,'no','yes','no','yes','no','no','yes','no',4,4,4,1,3,3,11,9,11,12,'portuguese');
INSERT INTO "Student" VALUES (805,'GP','M',18,1,2,0,'no','no','no','yes','yes','yes','yes','yes',4,3,5,1,4,2,9,13,14,15,'portuguese');
INSERT INTO "Student" VALUES (806,'GP','F',17,1,2,0,'no','yes','no','yes','yes','yes','yes','no',4,3,4,1,3,4,0,13,17,17,'portuguese');
INSERT INTO "Student" VALUES (807,'GP','M',17,1,3,0,'no','yes','no','no','yes','yes','yes','no',4,4,2,1,2,4,2,12,15,15,'portuguese');
INSERT INTO "Student" VALUES (808,'GP','F',18,1,2,0,'no','yes','no','yes','yes','yes','yes','no',4,2,2,1,1,3,0,14,17,17,'portuguese');
INSERT INTO "Student" VALUES (809,'GP','M',21,2,2,2,'no','yes','no','yes','yes','no','yes','yes',5,3,3,5,2,4,21,9,10,10,'portuguese');
INSERT INTO "Student" VALUES (810,'GP','F',20,2,3,0,'no','no','no','no','yes','yes','yes','yes',3,2,2,1,3,3,8,11,15,15,'portuguese');
INSERT INTO "Student" VALUES (811,'GP','F',19,1,1,1,'no','yes','no','no','yes','yes','yes','yes',3,2,5,4,4,5,5,9,10,11,'portuguese');
INSERT INTO "Student" VALUES (812,'GP','M',17,1,2,0,'no','yes','no','no','yes','yes','yes','no',4,4,4,1,2,5,10,16,18,18,'portuguese');
INSERT INTO "Student" VALUES (813,'GP','F',18,1,3,0,'no','yes','no','no','yes','yes','yes','yes',4,3,4,1,2,2,5,14,17,17,'portuguese');
INSERT INTO "Student" VALUES (814,'GP','M',18,1,1,0,'no','no','no','no','yes','yes','yes','no',3,1,3,4,5,4,13,13,14,14,'portuguese');
INSERT INTO "Student" VALUES (815,'GP','M',19,1,1,0,'no','no','no','no','yes','yes','yes','no',5,3,4,1,4,4,10,7,11,11,'portuguese');
INSERT INTO "Student" VALUES (816,'GP','F',18,2,2,0,'no','yes','no','no','yes','yes','yes','no',4,1,4,1,3,4,10,14,17,17,'portuguese');
INSERT INTO "Student" VALUES (817,'GP','F',20,2,1,1,'yes','no','no','no','yes','yes','yes','yes',5,3,1,1,1,5,5,8,10,10,'portuguese');
INSERT INTO "Student" VALUES (818,'GP','F',18,1,2,0,'no','yes','no','yes','no','yes','yes','yes',3,1,2,1,2,1,4,10,13,13,'portuguese');
INSERT INTO "Student" VALUES (819,'MS','F',16,2,1,0,'no','yes','no','no','yes','no','yes','yes',4,3,3,1,3,5,11,10,11,11,'portuguese');
INSERT INTO "Student" VALUES (820,'MS','F',16,2,2,0,'no','yes','no','yes','yes','yes','yes','no',4,4,4,1,1,5,0,12,12,12,'portuguese');
INSERT INTO "Student" VALUES (821,'MS','F',15,1,1,1,'no','yes','no','no','yes','yes','no','yes',4,1,3,1,1,2,6,10,10,10,'portuguese');
INSERT INTO "Student" VALUES (822,'MS','F',15,2,1,0,'no','yes','no','no','yes','yes','yes','no',5,4,4,2,3,5,4,10,10,11,'portuguese');
INSERT INTO "Student" VALUES (823,'MS','F',16,2,2,0,'no','no','no','no','yes','yes','no','no',4,5,2,1,2,5,0,16,17,17,'portuguese');
INSERT INTO "Student" VALUES (824,'MS','F',15,2,1,0,'no','no','no','no','yes','no','no','no',1,3,4,1,1,1,0,6,8,9,'portuguese');
INSERT INTO "Student" VALUES (825,'MS','M',16,1,2,0,'no','yes','no','no','yes','yes','no','no',5,3,2,1,3,2,5,10,11,11,'portuguese');
INSERT INTO "Student" VALUES (826,'MS','M',16,1,3,0,'yes','no','no','no','yes','yes','yes','no',4,4,3,1,1,5,0,10,11,11,'portuguese');
INSERT INTO "Student" VALUES (827,'MS','F',17,1,2,1,'no','no','no','no','yes','yes','no','yes',4,5,4,1,2,5,0,10,10,10,'portuguese');
INSERT INTO "Student" VALUES (828,'MS','F',17,1,1,1,'no','yes','no','no','no','no','yes','no',5,4,4,2,2,5,0,6,6,7,'portuguese');
INSERT INTO "Student" VALUES (829,'MS','F',15,2,1,0,'no','no','no','no','yes','yes','yes','yes',1,5,1,3,5,5,0,13,14,14,'portuguese');
INSERT INTO "Student" VALUES (830,'MS','F',16,2,4,0,'no','no','no','yes','no','no','no','yes',1,2,1,1,1,1,4,10,9,11,'portuguese');
INSERT INTO "Student" VALUES (831,'MS','F',15,2,2,0,'no','yes','no','no','yes','yes','yes','no',5,4,3,1,2,4,0,10,10,10,'portuguese');
INSERT INTO "Student" VALUES (832,'MS','F',15,2,1,1,'no','yes','no','no','yes','yes','yes','yes',4,4,3,1,2,2,4,6,7,8,'portuguese');
INSERT INTO "Student" VALUES (833,'MS','F',16,2,1,0,'no','yes','no','yes','yes','yes','no','no',3,2,3,1,2,2,0,12,11,12,'portuguese');
INSERT INTO "Student" VALUES (834,'MS','F',17,2,1,0,'no','yes','no','no','yes','yes','yes','no',5,5,5,1,3,3,2,10,11,12,'portuguese');
INSERT INTO "Student" VALUES (835,'MS','F',15,2,1,0,'no','no','no','no','no','yes','yes','no',4,1,3,1,1,4,0,14,16,16,'portuguese');
INSERT INTO "Student" VALUES (836,'MS','M',16,2,2,0,'no','yes','no','yes','yes','yes','no','yes',5,4,5,4,5,3,0,7,0,0,'portuguese');
INSERT INTO "Student" VALUES (837,'MS','M',17,1,2,0,'no','no','yes','no','no','yes','yes','no',4,4,3,2,4,5,4,8,9,9,'portuguese');
INSERT INTO "Student" VALUES (838,'MS','M',15,1,2,0,'no','yes','no','yes','yes','yes','yes','no',5,3,4,1,2,2,0,12,13,14,'portuguese');
INSERT INTO "Student" VALUES (839,'MS','M',15,1,2,0,'no','yes','no','yes','yes','yes','yes','no',5,3,4,1,2,2,7,7,9,8,'portuguese');
INSERT INTO "Student" VALUES (840,'MS','M',16,3,2,0,'no','no','no','no','no','yes','no','no',3,4,5,1,2,5,4,9,10,11,'portuguese');
INSERT INTO "Student" VALUES (841,'MS','M',15,4,2,0,'no','yes','no','yes','yes','yes','no','yes',5,4,5,2,4,4,8,7,9,9,'portuguese');
INSERT INTO "Student" VALUES (842,'MS','M',15,1,2,0,'no','yes','no','yes','yes','yes','yes','no',5,3,3,1,1,5,0,11,11,11,'portuguese');
INSERT INTO "Student" VALUES (843,'MS','M',17,3,1,0,'no','no','no','yes','yes','no','no','yes',5,5,5,5,5,3,8,8,10,9,'portuguese');
INSERT INTO "Student" VALUES (844,'MS','F',16,2,3,0,'no','no','no','yes','yes','yes','yes','yes',4,2,2,1,1,4,6,16,16,17,'portuguese');
INSERT INTO "Student" VALUES (845,'MS','F',15,2,1,0,'no','no','no','no','yes','yes','no','no',5,1,2,1,1,1,3,11,13,13,'portuguese');
INSERT INTO "Student" VALUES (846,'MS','F',16,3,2,0,'no','yes','no','no','yes','yes','yes','no',4,5,4,1,2,1,2,15,15,15,'portuguese');
INSERT INTO "Student" VALUES (847,'MS','M',16,2,2,0,'no','no','no','no','yes','yes','no','no',4,3,3,1,1,5,0,10,11,11,'portuguese');
INSERT INTO "Student" VALUES (848,'MS','F',16,3,2,0,'no','yes','no','no','yes','yes','yes','no',4,4,5,1,1,4,4,9,10,11,'portuguese');
INSERT INTO "Student" VALUES (849,'MS','F',16,1,3,1,'no','yes','no','no','yes','yes','no','no',1,3,2,1,2,4,0,10,8,8,'portuguese');
INSERT INTO "Student" VALUES (850,'MS','F',16,1,3,1,'no','yes','no','no','yes','yes','no','no',1,3,2,1,2,4,3,9,8,8,'portuguese');
INSERT INTO "Student" VALUES (851,'MS','F',15,1,2,0,'yes','yes','no','no','no','yes','yes','no',4,4,2,3,3,2,0,9,10,9,'portuguese');
INSERT INTO "Student" VALUES (852,'MS','F',16,1,2,0,'no','yes','no','no','no','yes','no','yes',5,4,3,2,1,2,0,13,14,15,'portuguese');
INSERT INTO "Student" VALUES (853,'MS','M',17,1,1,0,'no','yes','no','yes','yes','yes','yes','no',5,5,5,5,5,3,4,10,11,11,'portuguese');
INSERT INTO "Student" VALUES (854,'MS','F',16,4,4,0,'no','yes','no','no','no','yes','yes','no',4,3,2,1,1,1,0,13,10,13,'portuguese');
INSERT INTO "Student" VALUES (855,'MS','F',16,4,3,0,'yes','yes','no','no','yes','yes','no','no',4,4,3,1,1,5,2,10,9,10,'portuguese');
INSERT INTO "Student" VALUES (856,'MS','F',15,2,2,0,'no','yes','no','yes','yes','yes','yes','no',4,3,3,1,1,2,1,11,10,11,'portuguese');
INSERT INTO "Student" VALUES (857,'MS','F',16,2,1,0,'no','no','no','yes','yes','yes','yes','yes',4,2,2,4,3,2,0,13,12,14,'portuguese');
INSERT INTO "Student" VALUES (858,'MS','F',15,3,2,0,'no','yes','no','no','yes','yes','no','no',4,2,1,1,2,2,0,13,14,14,'portuguese');
INSERT INTO "Student" VALUES (859,'MS','F',15,1,3,0,'yes','yes','no','no','yes','yes','no','no',4,4,3,2,2,5,2,14,11,12,'portuguese');
INSERT INTO "Student" VALUES (860,'MS','M',16,2,1,0,'no','no','no','yes','yes','yes','no','no',3,4,4,3,4,5,6,11,11,11,'portuguese');
INSERT INTO "Student" VALUES (861,'MS','F',18,1,2,1,'no','yes','no','yes','yes','yes','yes','yes',3,4,4,2,3,5,9,9,8,8,'portuguese');
INSERT INTO "Student" VALUES (862,'MS','M',15,2,1,0,'no','yes','no','no','yes','yes','no','no',3,2,3,1,3,4,0,10,9,11,'portuguese');
INSERT INTO "Student" VALUES (863,'MS','F',16,3,2,0,'no','yes','no','yes','yes','yes','yes','no',5,3,4,1,1,2,1,14,13,14,'portuguese');
INSERT INTO "Student" VALUES (864,'MS','M',15,3,1,0,'no','no','no','no','yes','yes','no','no',4,3,3,1,2,4,1,13,12,13,'portuguese');
INSERT INTO "Student" VALUES (865,'MS','M',16,1,2,0,'no','yes','no','yes','yes','yes','no','yes',4,3,1,1,1,3,0,13,12,13,'portuguese');
INSERT INTO "Student" VALUES (866,'MS','F',15,1,2,0,'no','yes','no','no','yes','yes','yes','yes',4,5,4,1,1,1,4,13,12,12,'portuguese');
INSERT INTO "Student" VALUES (867,'MS','F',16,2,2,1,'no','yes','no','yes','no','yes','no','no',4,4,4,2,3,5,2,12,11,12,'portuguese');
INSERT INTO "Student" VALUES (868,'MS','F',16,3,1,0,'no','yes','no','yes','yes','yes','no','yes',4,3,2,1,1,4,0,14,14,16,'portuguese');
INSERT INTO "Student" VALUES (869,'MS','M',16,2,1,0,'no','yes','no','yes','yes','yes','yes','no',2,4,3,2,3,4,4,10,8,10,'portuguese');
INSERT INTO "Student" VALUES (870,'MS','M',15,3,1,0,'no','yes','no','yes','yes','yes','yes','no',4,2,4,3,5,3,2,10,11,11,'portuguese');
INSERT INTO "Student" VALUES (871,'MS','F',15,2,3,0,'no','yes','no','yes','yes','yes','no','no',5,3,2,1,1,4,0,12,13,14,'portuguese');
INSERT INTO "Student" VALUES (872,'MS','F',16,1,1,0,'no','yes','no','no','yes','yes','yes','yes',5,4,3,1,1,5,2,10,8,8,'portuguese');
INSERT INTO "Student" VALUES (873,'MS','M',15,2,1,0,'no','yes','no','yes','no','yes','yes','no',4,3,3,2,4,3,11,12,10,11,'portuguese');
INSERT INTO "Student" VALUES (874,'MS','F',16,2,2,3,'yes','yes','no','no','yes','yes','no','no',3,4,3,1,1,1,0,7,7,8,'portuguese');
INSERT INTO "Student" VALUES (875,'MS','F',17,1,1,0,'no','yes','no','yes','yes','no','no','no',4,5,3,1,1,5,4,9,9,10,'portuguese');
INSERT INTO "Student" VALUES (876,'MS','F',19,1,1,1,'no','no','no','no','yes','no','yes','yes',4,4,4,1,1,2,0,9,9,10,'portuguese');
INSERT INTO "Student" VALUES (877,'MS','F',17,3,1,0,'no','yes','no','yes','yes','no','no','yes',5,5,3,1,1,3,2,9,10,11,'portuguese');
INSERT INTO "Student" VALUES (878,'MS','F',15,2,1,0,'no','yes','no','no','yes','no','no','yes',5,2,1,1,3,4,0,9,10,9,'portuguese');
INSERT INTO "Student" VALUES (879,'MS','F',16,3,2,0,'no','yes','no','no','yes','no','yes','no',3,4,5,1,2,1,1,9,10,11,'portuguese');
INSERT INTO "Student" VALUES (880,'MS','F',16,1,1,0,'no','yes','no','no','yes','no','no','no',4,3,4,1,2,1,6,7,7,8,'portuguese');
INSERT INTO "Student" VALUES (881,'MS','F',17,2,2,0,'no','yes','no','no','yes','yes','yes','no',4,3,5,1,2,4,0,11,10,11,'portuguese');
INSERT INTO "Student" VALUES (882,'MS','F',16,1,1,1,'no','yes','yes','yes','no','yes','yes','no',4,4,3,1,4,3,1,9,10,10,'portuguese');
INSERT INTO "Student" VALUES (883,'MS','F',18,2,3,2,'no','yes','no','no','no','no','no','yes',3,3,2,1,1,2,6,7,9,10,'portuguese');
INSERT INTO "Student" VALUES (884,'MS','F',19,1,3,1,'no','no','no','yes','yes','no','no','yes',5,3,1,1,1,3,6,7,9,9,'portuguese');
INSERT INTO "Student" VALUES (885,'MS','M',18,2,1,1,'no','no','no','yes','yes','no','yes','no',4,4,3,3,4,4,0,8,9,10,'portuguese');
INSERT INTO "Student" VALUES (886,'MS','F',18,2,1,1,'no','no','no','no','no','no','yes','yes',3,2,3,1,1,2,4,9,11,10,'portuguese');
INSERT INTO "Student" VALUES (887,'MS','F',19,2,2,1,'no','yes','no','no','yes','yes','yes','yes',1,1,4,4,1,1,12,7,8,9,'portuguese');
INSERT INTO "Student" VALUES (888,'MS','F',16,1,2,0,'no','no','no','no','no','yes','no','yes',3,3,2,1,1,3,2,8,10,10,'portuguese');
INSERT INTO "Student" VALUES (889,'MS','F',17,2,1,0,'no','no','no','yes','no','yes','no','no',2,4,4,3,5,5,5,9,9,10,'portuguese');
INSERT INTO "Student" VALUES (890,'MS','F',16,1,2,0,'no','no','no','yes','yes','no','yes','no',4,4,5,1,3,3,0,8,9,9,'portuguese');
INSERT INTO "Student" VALUES (891,'MS','F',16,1,1,0,'no','no','no','yes','yes','no','yes','yes',4,5,4,1,1,4,0,14,13,13,'portuguese');
INSERT INTO "Student" VALUES (892,'MS','F',16,1,1,0,'no','yes','no','yes','yes','yes','yes','yes',4,4,4,2,2,4,2,14,14,14,'portuguese');
INSERT INTO "Student" VALUES (893,'MS','M',17,2,4,1,'no','yes','yes','yes','yes','yes','no','no',5,4,5,3,4,5,0,10,11,10,'portuguese');
INSERT INTO "Student" VALUES (894,'MS','F',16,1,2,0,'no','yes','no','yes','yes','yes','yes','no',5,3,3,1,1,1,0,14,13,14,'portuguese');
INSERT INTO "Student" VALUES (895,'MS','F',16,1,1,0,'no','yes','yes','yes','yes','yes','no','yes',4,2,5,1,2,5,0,17,16,16,'portuguese');
INSERT INTO "Student" VALUES (896,'MS','M',17,1,1,1,'no','yes','no','yes','yes','no','yes','yes',5,3,5,5,5,1,12,6,7,7,'portuguese');
INSERT INTO "Student" VALUES (897,'MS','M',16,1,1,0,'no','no','no','yes','yes','yes','yes','no',4,2,5,1,5,5,8,14,12,13,'portuguese');
INSERT INTO "Student" VALUES (898,'MS','M',17,3,4,1,'no','yes','no','no','yes','yes','no','no',1,3,5,3,5,3,2,10,8,9,'portuguese');
INSERT INTO "Student" VALUES (899,'MS','F',16,1,4,0,'yes','yes','no','yes','yes','yes','yes','no',2,2,1,1,1,5,0,14,14,14,'portuguese');
INSERT INTO "Student" VALUES (900,'MS','F',19,1,3,0,'no','no','no','no','yes','yes','yes','yes',5,4,5,1,1,1,0,12,13,13,'portuguese');
INSERT INTO "Student" VALUES (901,'MS','F',17,2,1,0,'no','yes','no','yes','no','yes','yes','yes',4,4,5,1,2,5,0,11,11,11,'portuguese');
INSERT INTO "Student" VALUES (902,'MS','F',20,2,2,1,'no','no','no','yes','yes','yes','yes','yes',3,3,4,2,4,3,8,11,9,10,'portuguese');
INSERT INTO "Student" VALUES (903,'MS','F',17,1,3,0,'no','yes','no','no','yes','yes','no','yes',4,3,3,1,1,3,0,11,11,10,'portuguese');
INSERT INTO "Student" VALUES (904,'MS','M',17,3,1,1,'no','yes','no','no','no','yes','yes','no',4,4,5,1,2,5,0,10,9,9,'portuguese');
INSERT INTO "Student" VALUES (905,'MS','F',16,3,2,0,'no','yes','no','no','yes','yes','no','no',5,3,2,1,1,1,0,16,17,18,'portuguese');
INSERT INTO "Student" VALUES (906,'MS','F',17,2,2,0,'no','yes','no','yes','yes','yes','no','no',5,3,2,1,1,1,0,15,17,17,'portuguese');
INSERT INTO "Student" VALUES (907,'MS','F',17,2,2,0,'no','no','no','no','yes','yes','yes','yes',4,4,5,1,1,4,1,11,9,10,'portuguese');
INSERT INTO "Student" VALUES (908,'MS','F',18,1,2,1,'no','yes','no','no','yes','yes','yes','yes',4,3,2,1,1,5,9,7,7,7,'portuguese');
INSERT INTO "Student" VALUES (909,'MS','F',16,1,1,0,'no','no','no','yes','yes','yes','yes','no',3,1,3,1,3,1,0,8,6,8,'portuguese');
INSERT INTO "Student" VALUES (910,'MS','F',16,1,1,0,'no','no','no','no','yes','yes','yes','no',3,1,3,1,4,3,2,7,6,7,'portuguese');
INSERT INTO "Student" VALUES (911,'MS','F',18,2,2,0,'yes','no','no','no','yes','yes','no','no',2,3,5,1,4,3,8,9,8,10,'portuguese');
INSERT INTO "Student" VALUES (912,'MS','F',16,1,2,0,'no','no','no','yes','no','yes','yes','yes',4,3,3,2,3,2,0,14,16,16,'portuguese');
INSERT INTO "Student" VALUES (913,'MS','F',16,2,1,0,'no','no','no','yes','yes','yes','yes','no',5,4,5,1,4,2,0,14,14,15,'portuguese');
INSERT INTO "Student" VALUES (914,'MS','F',18,1,2,1,'no','yes','no','no','yes','yes','yes','no',2,3,2,1,3,1,8,8,5,8,'portuguese');
INSERT INTO "Student" VALUES (915,'MS','M',16,2,2,0,'no','no','no','yes','yes','yes','yes','no',5,2,1,1,1,2,0,8,7,0,'portuguese');
INSERT INTO "Student" VALUES (916,'MS','F',16,3,2,0,'no','yes','no','no','yes','yes','yes','no',4,3,2,1,3,5,6,6,8,8,'portuguese');
INSERT INTO "Student" VALUES (917,'MS','F',16,2,2,0,'no','yes','no','yes','yes','yes','yes','no',3,3,3,1,1,2,0,8,10,10,'portuguese');
INSERT INTO "Student" VALUES (918,'MS','F',16,1,2,0,'no','yes','no','no','yes','yes','yes','yes',4,3,4,1,2,3,4,8,8,8,'portuguese');
INSERT INTO "Student" VALUES (919,'MS','M',18,1,4,0,'no','yes','no','yes','yes','no','yes','yes',5,5,5,5,5,5,2,5,6,6,'portuguese');
INSERT INTO "Student" VALUES (920,'MS','F',16,3,2,0,'no','yes','no','no','no','yes','no','no',4,2,1,1,1,2,2,7,9,8,'portuguese');
INSERT INTO "Student" VALUES (921,'MS','M',17,1,3,0,'no','yes','no','no','yes','yes','yes','no',4,4,3,1,2,5,0,15,14,16,'portuguese');
INSERT INTO "Student" VALUES (922,'MS','F',17,1,1,0,'no','no','no','no','yes','yes','yes','yes',4,2,3,1,2,5,1,13,14,14,'portuguese');
INSERT INTO "Student" VALUES (923,'MS','M',16,4,3,0,'no','no','no','no','yes','yes','no','no',5,1,3,2,2,3,0,10,9,10,'portuguese');
INSERT INTO "Student" VALUES (924,'MS','F',17,1,1,0,'no','yes','yes','no','yes','yes','yes','no',5,1,3,1,2,5,5,9,9,9,'portuguese');
INSERT INTO "Student" VALUES (925,'MS','F',16,2,1,0,'no','yes','no','no','yes','yes','no','no',5,1,3,1,2,5,1,11,11,11,'portuguese');
INSERT INTO "Student" VALUES (926,'MS','M',17,1,1,0,'no','yes','no','yes','yes','yes','yes','no',4,1,4,5,5,3,8,7,10,9,'portuguese');
INSERT INTO "Student" VALUES (927,'MS','M',17,3,2,0,'no','no','no','no','yes','yes','yes','yes',5,1,3,3,3,1,0,10,10,10,'portuguese');
INSERT INTO "Student" VALUES (928,'MS','M',16,2,2,0,'no','no','no','no','no','yes','yes','yes',4,2,2,1,4,5,2,9,7,8,'portuguese');
INSERT INTO "Student" VALUES (929,'MS','F',16,1,2,0,'no','no','no','no','yes','yes','yes','yes',3,2,2,1,1,3,0,14,15,16,'portuguese');
INSERT INTO "Student" VALUES (930,'MS','M',16,1,1,0,'no','yes','no','no','yes','yes','yes','no',4,1,2,2,5,5,0,11,12,12,'portuguese');
INSERT INTO "Student" VALUES (931,'MS','M',15,3,2,0,'no','yes','no','yes','yes','yes','no','no',5,5,5,1,3,5,11,9,11,10,'portuguese');
INSERT INTO "Student" VALUES (932,'MS','M',15,3,4,0,'no','yes','no','yes','yes','yes','no','no',5,4,5,2,3,5,8,13,14,14,'portuguese');
INSERT INTO "Student" VALUES (933,'MS','M',15,1,1,0,'no','no','no','yes','yes','yes','yes','no',4,3,3,1,2,5,11,12,13,12,'portuguese');
INSERT INTO "Student" VALUES (934,'MS','F',16,1,3,0,'no','yes','no','no','no','yes','no','yes',4,3,3,2,2,5,2,11,11,11,'portuguese');
INSERT INTO "Student" VALUES (935,'MS','F',16,2,2,0,'no','yes','no','yes','yes','yes','yes','no',1,2,4,2,2,1,8,9,10,10,'portuguese');
INSERT INTO "Student" VALUES (936,'MS','F',17,2,1,0,'no','no','no','no','yes','yes','no','yes',4,3,3,2,2,1,5,9,11,11,'portuguese');
INSERT INTO "Student" VALUES (937,'MS','F',17,2,2,0,'yes','no','yes','no','yes','yes','no','no',5,1,3,1,1,5,0,11,9,11,'portuguese');
INSERT INTO "Student" VALUES (938,'MS','F',16,2,3,0,'no','yes','no','no','yes','yes','yes','yes',5,3,5,1,4,5,1,10,11,12,'portuguese');
INSERT INTO "Student" VALUES (939,'MS','M',17,3,1,3,'no','no','no','yes','yes','yes','yes','yes',3,3,3,1,3,5,2,9,9,8,'portuguese');
INSERT INTO "Student" VALUES (940,'MS','M',17,2,1,0,'no','no','no','yes','yes','yes','no','yes',5,1,2,3,3,5,2,12,11,12,'portuguese');
INSERT INTO "Student" VALUES (941,'MS','M',17,1,2,1,'no','yes','no','yes','no','yes','yes','yes',5,4,4,3,4,5,8,8,9,8,'portuguese');
INSERT INTO "Student" VALUES (942,'MS','F',17,1,2,0,'no','yes','no','no','yes','yes','yes','no',5,2,5,1,1,5,0,13,15,16,'portuguese');
INSERT INTO "Student" VALUES (943,'MS','M',16,1,1,0,'no','no','no','no','yes','yes','yes','no',4,1,2,2,1,2,0,10,11,11,'portuguese');
INSERT INTO "Student" VALUES (944,'MS','F',17,1,2,0,'no','no','no','yes','yes','yes','yes','yes',4,5,5,1,2,3,2,11,10,11,'portuguese');
INSERT INTO "Student" VALUES (945,'MS','F',17,2,2,0,'yes','yes','no','no','no','yes','yes','no',4,3,3,2,3,5,0,17,18,18,'portuguese');
INSERT INTO "Student" VALUES (946,'MS','M',16,2,2,0,'no','yes','no','no','no','yes','yes','yes',4,1,2,2,2,5,0,12,13,13,'portuguese');
INSERT INTO "Student" VALUES (947,'MS','M',17,2,2,0,'no','yes','yes','no','yes','yes','yes','no',4,1,2,2,2,1,0,13,14,13,'portuguese');
INSERT INTO "Student" VALUES (948,'MS','M',19,1,2,2,'no','yes','no','yes','yes','no','yes','no',4,4,3,3,4,4,2,9,9,10,'portuguese');
INSERT INTO "Student" VALUES (949,'MS','M',17,1,1,0,'no','no','no','no','yes','yes','no','yes',4,1,2,1,1,5,4,11,11,12,'portuguese');
INSERT INTO "Student" VALUES (950,'MS','F',17,2,1,0,'no','yes','no','yes','yes','no','yes','yes',3,5,5,2,2,4,3,10,11,10,'portuguese');
INSERT INTO "Student" VALUES (951,'MS','F',16,1,3,0,'yes','yes','no','no','no','yes','yes','yes',4,3,4,1,1,3,5,13,14,13,'portuguese');
INSERT INTO "Student" VALUES (952,'MS','M',16,1,1,0,'no','no','no','no','yes','yes','no','no',4,4,4,2,4,5,4,9,10,11,'portuguese');
INSERT INTO "Student" VALUES (953,'MS','F',17,2,2,3,'no','yes','no','yes','no','yes','yes','yes',5,4,4,1,1,5,2,7,9,10,'portuguese');
INSERT INTO "Student" VALUES (954,'MS','M',17,2,1,0,'no','no','no','yes','yes','no','no','yes',5,5,5,3,5,5,0,8,13,10,'portuguese');
INSERT INTO "Student" VALUES (955,'MS','M',18,3,1,1,'yes','yes','no','no','yes','yes','no','no',4,3,2,1,1,4,0,12,12,13,'portuguese');
INSERT INTO "Student" VALUES (956,'MS','M',17,2,1,0,'no','yes','no','yes','no','yes','yes','yes',4,5,5,1,3,2,0,10,9,10,'portuguese');
INSERT INTO "Student" VALUES (957,'MS','M',18,2,2,0,'no','yes','no','yes','yes','yes','no','no',4,3,3,1,4,5,6,10,9,10,'portuguese');
INSERT INTO "Student" VALUES (958,'MS','F',16,1,2,0,'no','no','no','yes','yes','yes','no','yes',5,4,3,1,1,1,0,11,13,12,'portuguese');
INSERT INTO "Student" VALUES (959,'MS','M',17,1,1,1,'no','no','no','yes','yes','yes','no','yes',1,2,1,2,3,5,0,7,0,0,'portuguese');
INSERT INTO "Student" VALUES (960,'MS','M',16,2,1,0,'no','no','no','no','yes','yes','yes','no',4,5,5,2,3,5,2,11,9,10,'portuguese');
INSERT INTO "Student" VALUES (961,'MS','M',16,2,1,0,'no','no','no','yes','yes','yes','yes','no',4,5,5,2,4,5,0,10,10,9,'portuguese');
INSERT INTO "Student" VALUES (962,'MS','M',18,2,1,1,'no','yes','no','no','yes','no','yes','yes',5,3,3,2,3,5,2,9,7,9,'portuguese');
INSERT INTO "Student" VALUES (963,'MS','M',18,1,1,1,'no','no','no','no','yes','no','yes','no',2,3,1,2,2,5,0,4,0,0,'portuguese');
INSERT INTO "Student" VALUES (964,'MS','M',19,2,1,3,'no','no','no','yes','yes','yes','no','no',3,2,1,1,1,3,4,6,11,9,'portuguese');
INSERT INTO "Student" VALUES (965,'MS','M',18,1,2,2,'no','yes','no','yes','yes','no','yes','no',4,4,5,1,3,3,9,4,8,8,'portuguese');
INSERT INTO "Student" VALUES (966,'MS','M',16,2,1,0,'no','yes','no','yes','yes','yes','yes','yes',5,4,3,2,4,4,6,7,8,8,'portuguese');
INSERT INTO "Student" VALUES (967,'MS','M',19,2,1,3,'no','no','no','yes','no','no','yes','yes',4,4,3,1,3,5,4,8,9,9,'portuguese');
INSERT INTO "Student" VALUES (968,'MS','F',16,2,2,2,'no','yes','no','yes','yes','yes','no','yes',2,5,5,1,1,1,8,5,5,7,'portuguese');
INSERT INTO "Student" VALUES (969,'MS','F',17,1,1,0,'no','yes','no','yes','yes','yes','no','no',4,3,2,1,2,5,9,7,9,10,'portuguese');
INSERT INTO "Student" VALUES (970,'MS','M',20,2,1,1,'no','yes','no','no','yes','no','yes','yes',4,4,3,2,4,4,12,8,11,10,'portuguese');
INSERT INTO "Student" VALUES (971,'MS','F',18,1,1,0,'no','yes','no','no','yes','yes','yes','no',5,4,4,3,4,2,8,10,11,10,'portuguese');
INSERT INTO "Student" VALUES (972,'MS','M',18,2,1,0,'no','yes','no','no','no','yes','yes','no',2,5,5,5,5,5,8,9,10,11,'portuguese');
INSERT INTO "Student" VALUES (973,'MS','M',19,3,2,1,'no','no','no','no','yes','yes','yes','no',5,4,4,3,3,2,8,10,9,11,'portuguese');
INSERT INTO "Student" VALUES (974,'MS','M',17,2,2,1,'no','yes','no','no','yes','yes','yes','no',4,5,4,2,3,3,4,8,9,10,'portuguese');
INSERT INTO "Student" VALUES (975,'MS','M',18,1,1,0,'no','no','no','no','yes','no','yes','yes',4,3,3,2,3,3,0,9,10,9,'portuguese');
INSERT INTO "Student" VALUES (976,'MS','M',19,3,1,1,'no','yes','no','no','yes','yes','yes','no',4,4,4,3,3,5,4,8,9,10,'portuguese');
INSERT INTO "Student" VALUES (977,'MS','F',18,2,2,2,'no','yes','no','no','yes','yes','no','no',4,3,3,1,1,5,2,6,8,8,'portuguese');
INSERT INTO "Student" VALUES (978,'MS','F',19,1,1,0,'no','yes','no','no','yes','no','no','no',1,4,4,1,1,5,0,6,8,7,'portuguese');
INSERT INTO "Student" VALUES (979,'MS','F',18,2,1,1,'no','no','no','no','yes','no','yes','yes',5,5,5,1,1,3,0,8,6,0,'portuguese');
INSERT INTO "Student" VALUES (980,'MS','F',17,2,1,0,'no','yes','no','no','yes','yes','yes','no',4,4,3,1,1,5,0,10,11,11,'portuguese');
INSERT INTO "Student" VALUES (981,'MS','F',17,2,3,0,'no','yes','yes','no','yes','no','no','no',4,2,3,2,2,3,5,8,7,8,'portuguese');
INSERT INTO "Student" VALUES (982,'MS','F',17,1,2,0,'yes','yes','no','yes','yes','yes','yes','no',5,5,5,1,3,5,0,8,8,0,'portuguese');
INSERT INTO "Student" VALUES (983,'MS','F',18,1,2,1,'no','yes','no','yes','yes','yes','yes','no',2,3,3,1,2,4,3,7,6,8,'portuguese');
INSERT INTO "Student" VALUES (984,'MS','F',17,1,1,0,'no','yes','no','no','yes','yes','no','yes',3,2,2,1,1,5,0,8,10,9,'portuguese');
INSERT INTO "Student" VALUES (985,'MS','F',17,1,1,0,'no','no','no','no','yes','yes','yes','no',5,5,1,1,1,3,0,7,10,10,'portuguese');
INSERT INTO "Student" VALUES (986,'MS','F',18,3,2,2,'no','no','no','yes','yes','yes','no','yes',3,4,4,2,2,5,3,7,8,7,'portuguese');
INSERT INTO "Student" VALUES (987,'MS','F',18,2,2,0,'no','no','no','yes','no','yes','yes','no',4,3,5,1,1,1,2,12,13,14,'portuguese');
INSERT INTO "Student" VALUES (988,'MS','F',17,2,1,0,'no','yes','no','no','yes','yes','yes','no',4,4,3,1,1,4,0,11,12,13,'portuguese');
INSERT INTO "Student" VALUES (989,'MS','F',18,2,2,0,'no','no','no','no','yes','yes','yes','no',4,4,3,1,2,4,0,12,13,14,'portuguese');
INSERT INTO "Student" VALUES (990,'MS','F',18,2,2,0,'no','no','no','yes','no','yes','yes','no',4,3,5,1,2,1,0,18,18,18,'portuguese');
INSERT INTO "Student" VALUES (991,'MS','M',18,1,1,0,'no','yes','no','yes','yes','yes','yes','no',5,4,5,1,1,5,3,17,17,17,'portuguese');
INSERT INTO "Student" VALUES (992,'MS','F',17,2,2,0,'no','yes','no','no','yes','yes','yes','no',4,3,3,1,2,4,0,17,18,18,'portuguese');
INSERT INTO "Student" VALUES (993,'MS','F',18,3,2,1,'no','no','no','yes','yes','yes','no','yes',4,3,3,1,1,4,0,9,0,0,'portuguese');
INSERT INTO "Student" VALUES (994,'MS','M',18,2,1,0,'no','yes','no','no','no','yes','no','no',4,1,4,5,5,1,8,10,11,11,'portuguese');
INSERT INTO "Student" VALUES (995,'MS','M',18,3,1,0,'no','yes','yes','yes','yes','yes','yes','yes',2,5,5,1,1,1,5,12,13,14,'portuguese');
INSERT INTO "Student" VALUES (996,'MS','M',17,3,1,0,'no','no','no','no','no','no','no','no',4,2,3,3,4,4,4,12,13,14,'portuguese');
INSERT INTO "Student" VALUES (997,'MS','F',18,2,2,0,'no','yes','no','no','no','yes','yes','yes',1,3,1,1,1,2,4,8,8,10,'portuguese');
INSERT INTO "Student" VALUES (998,'MS','F',18,2,3,0,'no','no','no','no','yes','yes','yes','yes',5,4,5,1,4,3,0,11,12,13,'portuguese');
INSERT INTO "Student" VALUES (999,'MS','F',18,1,2,0,'no','no','no','yes','yes','yes','yes','yes',5,3,1,1,1,5,0,5,0,0,'portuguese');
INSERT INTO "Student" VALUES (1000,'MS','F',18,3,2,1,'no','no','no','no','yes','no','no','no',4,4,2,1,2,2,2,9,10,10,'portuguese');
INSERT INTO "Student" VALUES (1001,'MS','F',19,2,1,1,'no','no','no','no','yes','no','no','no',5,5,5,2,3,2,0,5,0,0,'portuguese');
INSERT INTO "Student" VALUES (1002,'MS','F',17,2,4,0,'no','no','no','no','yes','yes','yes','yes',4,2,3,3,1,5,0,18,18,18,'portuguese');
INSERT INTO "Student" VALUES (1003,'MS','F',17,2,2,0,'no','no','no','yes','yes','yes','yes','yes',5,3,3,1,2,2,5,11,11,12,'portuguese');
INSERT INTO "Student" VALUES (1004,'MS','F',18,1,2,0,'no','no','no','no','yes','yes','no','yes',5,2,3,1,2,3,2,8,10,11,'portuguese');
INSERT INTO "Student" VALUES (1005,'MS','F',18,2,2,0,'no','yes','no','no','yes','no','no','no',4,1,1,1,1,4,0,11,11,12,'portuguese');
INSERT INTO "Student" VALUES (1006,'MS','F',19,2,2,3,'no','yes','no','yes','yes','no','no','yes',3,5,4,1,4,1,0,8,0,0,'portuguese');
INSERT INTO "Student" VALUES (1007,'MS','F',18,2,3,0,'no','no','no','no','yes','yes','yes','yes',4,2,1,1,1,4,5,14,14,15,'portuguese');
INSERT INTO "Student" VALUES (1008,'MS','M',17,2,2,1,'no','yes','yes','yes','no','yes','yes','yes',4,5,5,1,3,2,4,10,11,11,'portuguese');
INSERT INTO "Student" VALUES (1009,'MS','F',18,1,2,0,'no','yes','no','no','yes','yes','no','yes',5,3,4,1,1,5,0,10,10,10,'portuguese');
INSERT INTO "Student" VALUES (1010,'MS','F',17,2,2,0,'no','yes','yes','yes','yes','yes','yes','no',4,3,3,1,2,5,2,12,12,12,'portuguese');
INSERT INTO "Student" VALUES (1011,'MS','F',17,2,2,0,'no','no','no','no','yes','yes','no','yes',1,2,3,1,2,5,0,15,14,15,'portuguese');
INSERT INTO "Student" VALUES (1012,'MS','M',18,2,1,0,'no','no','no','no','no','yes','yes','yes',3,3,2,1,2,3,2,14,13,14,'portuguese');
INSERT INTO "Student" VALUES (1013,'MS','F',18,2,3,0,'no','no','no','no','yes','yes','yes','no',5,3,2,1,1,4,0,19,17,18,'portuguese');
INSERT INTO "Student" VALUES (1014,'MS','F',18,3,2,0,'no','no','no','no','yes','yes','no','yes',4,3,4,1,4,5,0,16,15,15,'portuguese');
INSERT INTO "Student" VALUES (1015,'MS','F',18,2,2,0,'no','yes','no','no','yes','yes','yes','yes',4,3,2,1,3,3,6,13,12,13,'portuguese');
INSERT INTO "Student" VALUES (1016,'MS','F',17,1,2,0,'no','yes','no','yes','yes','yes','yes','yes',2,3,4,1,1,1,4,15,14,15,'portuguese');
INSERT INTO "Student" VALUES (1017,'MS','F',17,2,2,0,'no','no','no','no','no','yes','no','no',3,2,2,1,2,3,0,13,13,13,'portuguese');
INSERT INTO "Student" VALUES (1018,'MS','M',18,2,2,0,'no','yes','yes','no','yes','yes','no','no',3,3,4,2,4,3,0,8,10,9,'portuguese');
INSERT INTO "Student" VALUES (1019,'MS','M',18,2,3,0,'no','no','no','no','yes','yes','yes','yes',4,2,2,2,2,5,0,15,16,16,'portuguese');
INSERT INTO "Student" VALUES (1020,'MS','F',17,3,1,1,'no','yes','no','no','yes','yes','yes','yes',5,2,1,1,2,1,0,8,8,9,'portuguese');
INSERT INTO "Student" VALUES (1021,'MS','F',18,2,1,0,'no','yes','no','no','yes','yes','yes','yes',5,2,3,1,2,4,0,10,10,10,'portuguese');
INSERT INTO "Student" VALUES (1022,'MS','F',18,3,2,0,'no','yes','no','no','no','yes','yes','yes',3,2,2,4,2,5,0,7,5,0,'portuguese');
INSERT INTO "Student" VALUES (1023,'MS','M',18,3,1,0,'no','yes','no','yes','yes','no','yes','yes',4,3,3,2,3,3,3,9,10,10,'portuguese');
INSERT INTO "Student" VALUES (1024,'MS','F',17,1,3,0,'no','no','no','yes','yes','yes','no','yes',3,4,3,1,1,3,8,10,11,12,'portuguese');
INSERT INTO "Student" VALUES (1025,'MS','F',17,1,1,0,'no','no','no','yes','yes','yes','yes','no',3,5,5,1,3,1,4,7,8,9,'portuguese');
INSERT INTO "Student" VALUES (1026,'MS','F',18,2,3,0,'no','no','no','no','yes','yes','yes','no',5,4,4,1,1,1,0,15,17,17,'portuguese');
INSERT INTO "Student" VALUES (1027,'MS','F',18,4,3,0,'no','no','no','no','yes','yes','yes','no',4,3,2,1,2,4,4,10,11,12,'portuguese');
INSERT INTO "Student" VALUES (1028,'MS','F',19,2,2,1,'no','yes','no','no','yes','yes','yes','yes',4,3,3,1,1,3,4,7,8,9,'portuguese');
INSERT INTO "Student" VALUES (1029,'MS','F',18,1,2,0,'no','no','no','yes','yes','yes','yes','no',5,4,3,3,4,2,1,13,14,14,'portuguese');
INSERT INTO "Student" VALUES (1030,'MS','F',18,1,2,0,'no','no','no','no','yes','yes','yes','yes',4,1,3,1,2,1,1,16,16,16,'portuguese');
INSERT INTO "Student" VALUES (1031,'MS','F',17,1,2,0,'no','yes','no','yes','no','yes','yes','no',4,5,4,2,3,1,10,8,9,9,'portuguese');
INSERT INTO "Student" VALUES (1032,'MS','M',18,1,2,0,'no','no','no','yes','no','yes','yes','no',3,2,4,1,4,2,4,17,18,19,'portuguese');
INSERT INTO "Student" VALUES (1033,'MS','M',18,2,1,0,'no','no','no','yes','no','yes','yes','yes',4,4,3,1,3,5,0,7,7,0,'portuguese');
INSERT INTO "Student" VALUES (1034,'MS','M',17,2,2,0,'no','no','no','yes','yes','yes','yes','no',4,4,3,1,1,3,4,14,15,16,'portuguese');
INSERT INTO "Student" VALUES (1035,'MS','M',19,2,1,1,'no','no','no','no','yes','yes','no','no',4,3,2,1,3,5,0,5,8,0,'portuguese');
INSERT INTO "Student" VALUES (1036,'MS','M',18,2,1,1,'no','no','yes','no','yes','yes','no','no',5,4,3,4,3,3,0,7,7,0,'portuguese');
INSERT INTO "Student" VALUES (1037,'MS','F',18,2,3,0,'no','no','no','no','yes','yes','no','no',5,3,3,1,3,4,0,14,17,15,'portuguese');
INSERT INTO "Student" VALUES (1038,'MS','F',17,2,2,0,'no','no','no','no','yes','yes','yes','no',5,5,4,1,1,1,0,6,9,11,'portuguese');
INSERT INTO "Student" VALUES (1039,'MS','F',18,3,1,0,'no','yes','no','yes','yes','yes','yes','yes',4,4,3,2,2,5,4,7,9,10,'portuguese');
INSERT INTO "Student" VALUES (1040,'MS','F',19,1,3,1,'no','no','no','yes','no','yes','yes','no',5,4,2,1,2,5,4,10,11,10,'portuguese');
INSERT INTO "Student" VALUES (1041,'MS','F',18,1,2,0,'no','yes','no','no','yes','yes','yes','no',4,3,4,1,1,1,4,15,15,16,'portuguese');
INSERT INTO "Student" VALUES (1042,'MS','F',18,2,2,0,'no','no','no','yes','yes','yes','no','no',1,1,1,1,1,5,6,11,12,9,'portuguese');
INSERT INTO "Student" VALUES (1043,'MS','M',17,2,1,0,'no','no','no','no','no','yes','yes','no',2,4,5,3,4,2,6,10,10,10,'portuguese');
INSERT INTO "Student" VALUES (1044,'MS','M',18,3,1,0,'no','no','no','no','no','yes','yes','no',4,4,1,3,4,5,4,10,11,11,'portuguese');
INSERT INTO "Reason" VALUES ('course');
INSERT INTO "Reason" VALUES ('other');
INSERT INTO "Reason" VALUES ('home');
INSERT INTO "Reason" VALUES ('reputation');
INSERT INTO "Reason_Map" VALUES ('1','course');
INSERT INTO "Reason_Map" VALUES ('2','course');
INSERT INTO "Reason_Map" VALUES ('3','other');
INSERT INTO "Reason_Map" VALUES ('4','home');
INSERT INTO "Reason_Map" VALUES ('5','home');
INSERT INTO "Reason_Map" VALUES ('6','reputation');
INSERT INTO "Reason_Map" VALUES ('7','home');
INSERT INTO "Reason_Map" VALUES ('8','home');
INSERT INTO "Reason_Map" VALUES ('9','home');
INSERT INTO "Reason_Map" VALUES ('10','home');
INSERT INTO "Reason_Map" VALUES ('11','reputation');
INSERT INTO "Reason_Map" VALUES ('12','reputation');
INSERT INTO "Reason_Map" VALUES ('13','course');
INSERT INTO "Reason_Map" VALUES ('14','course');
INSERT INTO "Reason_Map" VALUES ('15','home');
INSERT INTO "Reason_Map" VALUES ('16','home');
INSERT INTO "Reason_Map" VALUES ('17','reputation');
INSERT INTO "Reason_Map" VALUES ('18','reputation');
INSERT INTO "Reason_Map" VALUES ('19','course');
INSERT INTO "Reason_Map" VALUES ('20','home');
INSERT INTO "Reason_Map" VALUES ('21','reputation');
INSERT INTO "Reason_Map" VALUES ('22','other');
INSERT INTO "Reason_Map" VALUES ('23','course');
INSERT INTO "Reason_Map" VALUES ('24','reputation');
INSERT INTO "Reason_Map" VALUES ('25','course');
INSERT INTO "Reason_Map" VALUES ('26','home');
INSERT INTO "Reason_Map" VALUES ('27','home');
INSERT INTO "Reason_Map" VALUES ('28','other');
INSERT INTO "Reason_Map" VALUES ('29','home');
INSERT INTO "Reason_Map" VALUES ('30','home');
INSERT INTO "Reason_Map" VALUES ('31','home');
INSERT INTO "Reason_Map" VALUES ('32','reputation');
INSERT INTO "Reason_Map" VALUES ('33','course');
INSERT INTO "Reason_Map" VALUES ('34','course');
INSERT INTO "Reason_Map" VALUES ('35','home');
INSERT INTO "Reason_Map" VALUES ('36','other');
INSERT INTO "Reason_Map" VALUES ('37','home');
INSERT INTO "Reason_Map" VALUES ('38','reputation');
INSERT INTO "Reason_Map" VALUES ('39','course');
INSERT INTO "Reason_Map" VALUES ('40','reputation');
INSERT INTO "Reason_Map" VALUES ('41','home');
INSERT INTO "Reason_Map" VALUES ('42','home');
INSERT INTO "Reason_Map" VALUES ('43','course');
INSERT INTO "Reason_Map" VALUES ('44','course');
INSERT INTO "Reason_Map" VALUES ('45','course');
INSERT INTO "Reason_Map" VALUES ('46','course');
INSERT INTO "Reason_Map" VALUES ('47','home');
INSERT INTO "Reason_Map" VALUES ('48','reputation');
INSERT INTO "Reason_Map" VALUES ('49','home');
INSERT INTO "Reason_Map" VALUES ('50','other');
INSERT INTO "Reason_Map" VALUES ('51','course');
INSERT INTO "Reason_Map" VALUES ('52','other');
INSERT INTO "Reason_Map" VALUES ('53','other');
INSERT INTO "Reason_Map" VALUES ('54','course');
INSERT INTO "Reason_Map" VALUES ('55','other');
INSERT INTO "Reason_Map" VALUES ('56','other');
INSERT INTO "Reason_Map" VALUES ('57','reputation');
INSERT INTO "Reason_Map" VALUES ('58','reputation');
INSERT INTO "Reason_Map" VALUES ('59','home');
INSERT INTO "Reason_Map" VALUES ('60','course');
INSERT INTO "Reason_Map" VALUES ('61','other');
INSERT INTO "Reason_Map" VALUES ('62','course');
INSERT INTO "Reason_Map" VALUES ('63','reputation');
INSERT INTO "Reason_Map" VALUES ('64','home');
INSERT INTO "Reason_Map" VALUES ('65','reputation');
INSERT INTO "Reason_Map" VALUES ('66','course');
INSERT INTO "Reason_Map" VALUES ('67','reputation');
INSERT INTO "Reason_Map" VALUES ('68','course');
INSERT INTO "Reason_Map" VALUES ('69','reputation');
INSERT INTO "Reason_Map" VALUES ('70','reputation');
INSERT INTO "Reason_Map" VALUES ('71','reputation');
INSERT INTO "Reason_Map" VALUES ('72','course');
INSERT INTO "Reason_Map" VALUES ('73','reputation');
INSERT INTO "Reason_Map" VALUES ('74','reputation');
INSERT INTO "Reason_Map" VALUES ('75','home');
INSERT INTO "Reason_Map" VALUES ('76','home');
INSERT INTO "Reason_Map" VALUES ('77','course');
INSERT INTO "Reason_Map" VALUES ('78','reputation');
INSERT INTO "Reason_Map" VALUES ('79','home');
INSERT INTO "Reason_Map" VALUES ('80','course');
INSERT INTO "Reason_Map" VALUES ('81','course');
INSERT INTO "Reason_Map" VALUES ('82','home');
INSERT INTO "Reason_Map" VALUES ('83','reputation');
INSERT INTO "Reason_Map" VALUES ('84','home');
INSERT INTO "Reason_Map" VALUES ('85','home');
INSERT INTO "Reason_Map" VALUES ('86','reputation');
INSERT INTO "Reason_Map" VALUES ('87','course');
INSERT INTO "Reason_Map" VALUES ('88','reputation');
INSERT INTO "Reason_Map" VALUES ('89','reputation');
INSERT INTO "Reason_Map" VALUES ('90','reputation');
INSERT INTO "Reason_Map" VALUES ('91','home');
INSERT INTO "Reason_Map" VALUES ('92','reputation');
INSERT INTO "Reason_Map" VALUES ('93','home');
INSERT INTO "Reason_Map" VALUES ('94','home');
INSERT INTO "Reason_Map" VALUES ('95','reputation');
INSERT INTO "Reason_Map" VALUES ('96','home');
INSERT INTO "Reason_Map" VALUES ('97','reputation');
INSERT INTO "Reason_Map" VALUES ('98','course');
INSERT INTO "Reason_Map" VALUES ('99','reputation');
INSERT INTO "Reason_Map" VALUES ('100','course');
INSERT INTO "Reason_Map" VALUES ('101','other');
INSERT INTO "Reason_Map" VALUES ('102','other');
INSERT INTO "Reason_Map" VALUES ('103','course');
INSERT INTO "Reason_Map" VALUES ('104','home');
INSERT INTO "Reason_Map" VALUES ('105','course');
INSERT INTO "Reason_Map" VALUES ('106','reputation');
INSERT INTO "Reason_Map" VALUES ('107','course');
INSERT INTO "Reason_Map" VALUES ('108','home');
INSERT INTO "Reason_Map" VALUES ('109','home');
INSERT INTO "Reason_Map" VALUES ('110','other');
INSERT INTO "Reason_Map" VALUES ('111','course');
INSERT INTO "Reason_Map" VALUES ('112','reputation');
INSERT INTO "Reason_Map" VALUES ('113','home');
INSERT INTO "Reason_Map" VALUES ('114','course');
INSERT INTO "Reason_Map" VALUES ('115','reputation');
INSERT INTO "Reason_Map" VALUES ('116','course');
INSERT INTO "Reason_Map" VALUES ('117','reputation');
INSERT INTO "Reason_Map" VALUES ('118','home');
INSERT INTO "Reason_Map" VALUES ('119','course');
INSERT INTO "Reason_Map" VALUES ('120','reputation');
INSERT INTO "Reason_Map" VALUES ('121','course');
INSERT INTO "Reason_Map" VALUES ('122','home');
INSERT INTO "Reason_Map" VALUES ('123','course');
INSERT INTO "Reason_Map" VALUES ('124','course');
INSERT INTO "Reason_Map" VALUES ('125','home');
INSERT INTO "Reason_Map" VALUES ('126','home');
INSERT INTO "Reason_Map" VALUES ('127','home');
INSERT INTO "Reason_Map" VALUES ('128','course');
INSERT INTO "Reason_Map" VALUES ('129','reputation');
INSERT INTO "Reason_Map" VALUES ('130','course');
INSERT INTO "Reason_Map" VALUES ('131','course');
INSERT INTO "Reason_Map" VALUES ('132','course');
INSERT INTO "Reason_Map" VALUES ('133','course');
INSERT INTO "Reason_Map" VALUES ('134','course');
INSERT INTO "Reason_Map" VALUES ('135','course');
INSERT INTO "Reason_Map" VALUES ('136','course');
INSERT INTO "Reason_Map" VALUES ('137','course');
INSERT INTO "Reason_Map" VALUES ('138','course');
INSERT INTO "Reason_Map" VALUES ('139','course');
INSERT INTO "Reason_Map" VALUES ('140','course');
INSERT INTO "Reason_Map" VALUES ('141','course');
INSERT INTO "Reason_Map" VALUES ('142','reputation');
INSERT INTO "Reason_Map" VALUES ('143','course');
INSERT INTO "Reason_Map" VALUES ('144','course');
INSERT INTO "Reason_Map" VALUES ('145','home');
INSERT INTO "Reason_Map" VALUES ('146','course');
INSERT INTO "Reason_Map" VALUES ('147','home');
INSERT INTO "Reason_Map" VALUES ('148','course');
INSERT INTO "Reason_Map" VALUES ('149','course');
INSERT INTO "Reason_Map" VALUES ('150','course');
INSERT INTO "Reason_Map" VALUES ('151','course');
INSERT INTO "Reason_Map" VALUES ('152','course');
INSERT INTO "Reason_Map" VALUES ('153','reputation');
INSERT INTO "Reason_Map" VALUES ('154','home');
INSERT INTO "Reason_Map" VALUES ('155','course');
INSERT INTO "Reason_Map" VALUES ('156','course');
INSERT INTO "Reason_Map" VALUES ('157','reputation');
INSERT INTO "Reason_Map" VALUES ('158','course');
INSERT INTO "Reason_Map" VALUES ('159','course');
INSERT INTO "Reason_Map" VALUES ('160','course');
INSERT INTO "Reason_Map" VALUES ('161','course');
INSERT INTO "Reason_Map" VALUES ('162','course');
INSERT INTO "Reason_Map" VALUES ('163','course');
INSERT INTO "Reason_Map" VALUES ('164','course');
INSERT INTO "Reason_Map" VALUES ('165','course');
INSERT INTO "Reason_Map" VALUES ('166','course');
INSERT INTO "Reason_Map" VALUES ('167','course');
INSERT INTO "Reason_Map" VALUES ('168','home');
INSERT INTO "Reason_Map" VALUES ('169','home');
INSERT INTO "Reason_Map" VALUES ('170','reputation');
INSERT INTO "Reason_Map" VALUES ('171','course');
INSERT INTO "Reason_Map" VALUES ('172','reputation');
INSERT INTO "Reason_Map" VALUES ('173','reputation');
INSERT INTO "Reason_Map" VALUES ('174','home');
INSERT INTO "Reason_Map" VALUES ('175','reputation');
INSERT INTO "Reason_Map" VALUES ('176','course');
INSERT INTO "Reason_Map" VALUES ('177','reputation');
INSERT INTO "Reason_Map" VALUES ('178','reputation');
INSERT INTO "Reason_Map" VALUES ('179','other');
INSERT INTO "Reason_Map" VALUES ('180','course');
INSERT INTO "Reason_Map" VALUES ('181','home');
INSERT INTO "Reason_Map" VALUES ('182','home');
INSERT INTO "Reason_Map" VALUES ('183','reputation');
INSERT INTO "Reason_Map" VALUES ('184','reputation');
INSERT INTO "Reason_Map" VALUES ('185','reputation');
INSERT INTO "Reason_Map" VALUES ('186','other');
INSERT INTO "Reason_Map" VALUES ('187','other');
INSERT INTO "Reason_Map" VALUES ('188','course');
INSERT INTO "Reason_Map" VALUES ('189','reputation');
INSERT INTO "Reason_Map" VALUES ('190','home');
INSERT INTO "Reason_Map" VALUES ('191','course');
INSERT INTO "Reason_Map" VALUES ('192','course');
INSERT INTO "Reason_Map" VALUES ('193','other');
INSERT INTO "Reason_Map" VALUES ('194','reputation');
INSERT INTO "Reason_Map" VALUES ('195','home');
INSERT INTO "Reason_Map" VALUES ('196','course');
INSERT INTO "Reason_Map" VALUES ('197','home');
INSERT INTO "Reason_Map" VALUES ('198','home');
INSERT INTO "Reason_Map" VALUES ('199','home');
INSERT INTO "Reason_Map" VALUES ('200','reputation');
INSERT INTO "Reason_Map" VALUES ('201','home');
INSERT INTO "Reason_Map" VALUES ('202','reputation');
INSERT INTO "Reason_Map" VALUES ('203','course');
INSERT INTO "Reason_Map" VALUES ('204','reputation');
INSERT INTO "Reason_Map" VALUES ('205','reputation');
INSERT INTO "Reason_Map" VALUES ('206','home');
INSERT INTO "Reason_Map" VALUES ('207','course');
INSERT INTO "Reason_Map" VALUES ('208','other');
INSERT INTO "Reason_Map" VALUES ('209','home');
INSERT INTO "Reason_Map" VALUES ('210','reputation');
INSERT INTO "Reason_Map" VALUES ('211','reputation');
INSERT INTO "Reason_Map" VALUES ('212','home');
INSERT INTO "Reason_Map" VALUES ('213','reputation');
INSERT INTO "Reason_Map" VALUES ('214','home');
INSERT INTO "Reason_Map" VALUES ('215','other');
INSERT INTO "Reason_Map" VALUES ('216','reputation');
INSERT INTO "Reason_Map" VALUES ('217','reputation');
INSERT INTO "Reason_Map" VALUES ('218','home');
INSERT INTO "Reason_Map" VALUES ('219','home');
INSERT INTO "Reason_Map" VALUES ('220','course');
INSERT INTO "Reason_Map" VALUES ('221','reputation');
INSERT INTO "Reason_Map" VALUES ('222','reputation');
INSERT INTO "Reason_Map" VALUES ('223','other');
INSERT INTO "Reason_Map" VALUES ('224','home');
INSERT INTO "Reason_Map" VALUES ('225','home');
INSERT INTO "Reason_Map" VALUES ('226','reputation');
INSERT INTO "Reason_Map" VALUES ('227','course');
INSERT INTO "Reason_Map" VALUES ('228','reputation');
INSERT INTO "Reason_Map" VALUES ('229','course');
INSERT INTO "Reason_Map" VALUES ('230','course');
INSERT INTO "Reason_Map" VALUES ('231','reputation');
INSERT INTO "Reason_Map" VALUES ('232','course');
INSERT INTO "Reason_Map" VALUES ('233','reputation');
INSERT INTO "Reason_Map" VALUES ('234','reputation');
INSERT INTO "Reason_Map" VALUES ('235','home');
INSERT INTO "Reason_Map" VALUES ('236','reputation');
INSERT INTO "Reason_Map" VALUES ('237','home');
INSERT INTO "Reason_Map" VALUES ('238','home');
INSERT INTO "Reason_Map" VALUES ('239','course');
INSERT INTO "Reason_Map" VALUES ('240','reputation');
INSERT INTO "Reason_Map" VALUES ('241','course');
INSERT INTO "Reason_Map" VALUES ('242','course');
INSERT INTO "Reason_Map" VALUES ('243','course');
INSERT INTO "Reason_Map" VALUES ('244','course');
INSERT INTO "Reason_Map" VALUES ('245','course');
INSERT INTO "Reason_Map" VALUES ('246','course');
INSERT INTO "Reason_Map" VALUES ('247','course');
INSERT INTO "Reason_Map" VALUES ('248','other');
INSERT INTO "Reason_Map" VALUES ('249','course');
INSERT INTO "Reason_Map" VALUES ('250','other');
INSERT INTO "Reason_Map" VALUES ('251','course');
INSERT INTO "Reason_Map" VALUES ('252','reputation');
INSERT INTO "Reason_Map" VALUES ('253','other');
INSERT INTO "Reason_Map" VALUES ('254','course');
INSERT INTO "Reason_Map" VALUES ('255','course');
INSERT INTO "Reason_Map" VALUES ('256','course');
INSERT INTO "Reason_Map" VALUES ('257','reputation');
INSERT INTO "Reason_Map" VALUES ('258','reputation');
INSERT INTO "Reason_Map" VALUES ('259','home');
INSERT INTO "Reason_Map" VALUES ('260','course');
INSERT INTO "Reason_Map" VALUES ('261','home');
INSERT INTO "Reason_Map" VALUES ('262','course');
INSERT INTO "Reason_Map" VALUES ('263','course');
INSERT INTO "Reason_Map" VALUES ('264','home');
INSERT INTO "Reason_Map" VALUES ('265','home');
INSERT INTO "Reason_Map" VALUES ('266','reputation');
INSERT INTO "Reason_Map" VALUES ('267','other');
INSERT INTO "Reason_Map" VALUES ('268','reputation');
INSERT INTO "Reason_Map" VALUES ('269','reputation');
INSERT INTO "Reason_Map" VALUES ('270','reputation');
INSERT INTO "Reason_Map" VALUES ('271','home');
INSERT INTO "Reason_Map" VALUES ('272','reputation');
INSERT INTO "Reason_Map" VALUES ('273','home');
INSERT INTO "Reason_Map" VALUES ('274','home');
INSERT INTO "Reason_Map" VALUES ('275','reputation');
INSERT INTO "Reason_Map" VALUES ('276','course');
INSERT INTO "Reason_Map" VALUES ('277','home');
INSERT INTO "Reason_Map" VALUES ('278','home');
INSERT INTO "Reason_Map" VALUES ('279','reputation');
INSERT INTO "Reason_Map" VALUES ('280','course');
INSERT INTO "Reason_Map" VALUES ('281','home');
INSERT INTO "Reason_Map" VALUES ('282','home');
INSERT INTO "Reason_Map" VALUES ('283','reputation');
INSERT INTO "Reason_Map" VALUES ('284','home');
INSERT INTO "Reason_Map" VALUES ('285','course');
INSERT INTO "Reason_Map" VALUES ('286','reputation');
INSERT INTO "Reason_Map" VALUES ('287','other');
INSERT INTO "Reason_Map" VALUES ('288','reputation');
INSERT INTO "Reason_Map" VALUES ('289','reputation');
INSERT INTO "Reason_Map" VALUES ('290','reputation');
INSERT INTO "Reason_Map" VALUES ('291','home');
INSERT INTO "Reason_Map" VALUES ('292','reputation');
INSERT INTO "Reason_Map" VALUES ('293','reputation');
INSERT INTO "Reason_Map" VALUES ('294','reputation');
INSERT INTO "Reason_Map" VALUES ('295','reputation');
INSERT INTO "Reason_Map" VALUES ('296','home');
INSERT INTO "Reason_Map" VALUES ('297','reputation');
INSERT INTO "Reason_Map" VALUES ('298','home');
INSERT INTO "Reason_Map" VALUES ('299','reputation');
INSERT INTO "Reason_Map" VALUES ('300','home');
INSERT INTO "Reason_Map" VALUES ('301','home');
INSERT INTO "Reason_Map" VALUES ('302','home');
INSERT INTO "Reason_Map" VALUES ('303','reputation');
INSERT INTO "Reason_Map" VALUES ('304','reputation');
INSERT INTO "Reason_Map" VALUES ('305','home');
INSERT INTO "Reason_Map" VALUES ('306','reputation');
INSERT INTO "Reason_Map" VALUES ('307','course');
INSERT INTO "Reason_Map" VALUES ('308','reputation');
INSERT INTO "Reason_Map" VALUES ('309','reputation');
INSERT INTO "Reason_Map" VALUES ('310','reputation');
INSERT INTO "Reason_Map" VALUES ('311','home');
INSERT INTO "Reason_Map" VALUES ('312','other');
INSERT INTO "Reason_Map" VALUES ('313','course');
INSERT INTO "Reason_Map" VALUES ('314','reputation');
INSERT INTO "Reason_Map" VALUES ('315','home');
INSERT INTO "Reason_Map" VALUES ('316','reputation');
INSERT INTO "Reason_Map" VALUES ('317','course');
INSERT INTO "Reason_Map" VALUES ('318','course');
INSERT INTO "Reason_Map" VALUES ('319','course');
INSERT INTO "Reason_Map" VALUES ('320','course');
INSERT INTO "Reason_Map" VALUES ('321','course');
INSERT INTO "Reason_Map" VALUES ('322','course');
INSERT INTO "Reason_Map" VALUES ('323','course');
INSERT INTO "Reason_Map" VALUES ('324','course');
INSERT INTO "Reason_Map" VALUES ('325','home');
INSERT INTO "Reason_Map" VALUES ('326','course');
INSERT INTO "Reason_Map" VALUES ('327','reputation');
INSERT INTO "Reason_Map" VALUES ('328','course');
INSERT INTO "Reason_Map" VALUES ('329','course');
INSERT INTO "Reason_Map" VALUES ('330','course');
INSERT INTO "Reason_Map" VALUES ('331','course');
INSERT INTO "Reason_Map" VALUES ('332','course');
INSERT INTO "Reason_Map" VALUES ('333','home');
INSERT INTO "Reason_Map" VALUES ('334','home');
INSERT INTO "Reason_Map" VALUES ('335','course');
INSERT INTO "Reason_Map" VALUES ('336','course');
INSERT INTO "Reason_Map" VALUES ('337','home');
INSERT INTO "Reason_Map" VALUES ('338','home');
INSERT INTO "Reason_Map" VALUES ('339','home');
INSERT INTO "Reason_Map" VALUES ('340','home');
INSERT INTO "Reason_Map" VALUES ('341','home');
INSERT INTO "Reason_Map" VALUES ('342','home');
INSERT INTO "Reason_Map" VALUES ('343','home');
INSERT INTO "Reason_Map" VALUES ('344','home');
INSERT INTO "Reason_Map" VALUES ('345','course');
INSERT INTO "Reason_Map" VALUES ('346','other');
INSERT INTO "Reason_Map" VALUES ('347','course');
INSERT INTO "Reason_Map" VALUES ('348','course');
INSERT INTO "Reason_Map" VALUES ('349','reputation');
INSERT INTO "Reason_Map" VALUES ('350','course');
INSERT INTO "Reason_Map" VALUES ('351','home');
INSERT INTO "Reason_Map" VALUES ('352','course');
INSERT INTO "Reason_Map" VALUES ('353','course');
INSERT INTO "Reason_Map" VALUES ('354','home');
INSERT INTO "Reason_Map" VALUES ('355','home');
INSERT INTO "Reason_Map" VALUES ('356','course');
INSERT INTO "Reason_Map" VALUES ('357','other');
INSERT INTO "Reason_Map" VALUES ('358','reputation');
INSERT INTO "Reason_Map" VALUES ('359','home');
INSERT INTO "Reason_Map" VALUES ('360','course');
INSERT INTO "Reason_Map" VALUES ('361','course');
INSERT INTO "Reason_Map" VALUES ('362','other');
INSERT INTO "Reason_Map" VALUES ('363','other');
INSERT INTO "Reason_Map" VALUES ('364','course');
INSERT INTO "Reason_Map" VALUES ('365','course');
INSERT INTO "Reason_Map" VALUES ('366','course');
INSERT INTO "Reason_Map" VALUES ('367','other');
INSERT INTO "Reason_Map" VALUES ('368','reputation');
INSERT INTO "Reason_Map" VALUES ('369','course');
INSERT INTO "Reason_Map" VALUES ('370','other');
INSERT INTO "Reason_Map" VALUES ('371','home');
INSERT INTO "Reason_Map" VALUES ('372','other');
INSERT INTO "Reason_Map" VALUES ('373','home');
INSERT INTO "Reason_Map" VALUES ('374','course');
INSERT INTO "Reason_Map" VALUES ('375','reputation');
INSERT INTO "Reason_Map" VALUES ('376','home');
INSERT INTO "Reason_Map" VALUES ('377','course');
INSERT INTO "Reason_Map" VALUES ('378','course');
INSERT INTO "Reason_Map" VALUES ('379','home');
INSERT INTO "Reason_Map" VALUES ('380','reputation');
INSERT INTO "Reason_Map" VALUES ('381','home');
INSERT INTO "Reason_Map" VALUES ('382','other');
INSERT INTO "Reason_Map" VALUES ('383','home');
INSERT INTO "Reason_Map" VALUES ('384','other');
INSERT INTO "Reason_Map" VALUES ('385','home');
INSERT INTO "Reason_Map" VALUES ('386','other');
INSERT INTO "Reason_Map" VALUES ('387','reputation');
INSERT INTO "Reason_Map" VALUES ('388','course');
INSERT INTO "Reason_Map" VALUES ('389','course');
INSERT INTO "Reason_Map" VALUES ('390','course');
INSERT INTO "Reason_Map" VALUES ('391','course');
INSERT INTO "Reason_Map" VALUES ('392','course');
INSERT INTO "Reason_Map" VALUES ('393','course');
INSERT INTO "Reason_Map" VALUES ('394','course');
INSERT INTO "Reason_Map" VALUES ('395','course');
INSERT INTO "Reason_Map" VALUES ('396','course');
INSERT INTO "Reason_Map" VALUES ('397','course');
INSERT INTO "Reason_Map" VALUES ('398','other');
INSERT INTO "Reason_Map" VALUES ('399','home');
INSERT INTO "Reason_Map" VALUES ('400','home');
INSERT INTO "Reason_Map" VALUES ('401','reputation');
INSERT INTO "Reason_Map" VALUES ('402','home');
INSERT INTO "Reason_Map" VALUES ('403','home');
INSERT INTO "Reason_Map" VALUES ('404','home');
INSERT INTO "Reason_Map" VALUES ('405','home');
INSERT INTO "Reason_Map" VALUES ('406','reputation');
INSERT INTO "Reason_Map" VALUES ('407','reputation');
INSERT INTO "Reason_Map" VALUES ('408','course');
INSERT INTO "Reason_Map" VALUES ('409','course');
INSERT INTO "Reason_Map" VALUES ('410','home');
INSERT INTO "Reason_Map" VALUES ('411','home');
INSERT INTO "Reason_Map" VALUES ('412','reputation');
INSERT INTO "Reason_Map" VALUES ('413','reputation');
INSERT INTO "Reason_Map" VALUES ('414','course');
INSERT INTO "Reason_Map" VALUES ('415','home');
INSERT INTO "Reason_Map" VALUES ('416','reputation');
INSERT INTO "Reason_Map" VALUES ('417','other');
INSERT INTO "Reason_Map" VALUES ('418','course');
INSERT INTO "Reason_Map" VALUES ('419','reputation');
INSERT INTO "Reason_Map" VALUES ('420','course');
INSERT INTO "Reason_Map" VALUES ('421','home');
INSERT INTO "Reason_Map" VALUES ('422','home');
INSERT INTO "Reason_Map" VALUES ('423','other');
INSERT INTO "Reason_Map" VALUES ('424','home');
INSERT INTO "Reason_Map" VALUES ('425','home');
INSERT INTO "Reason_Map" VALUES ('426','home');
INSERT INTO "Reason_Map" VALUES ('427','reputation');
INSERT INTO "Reason_Map" VALUES ('428','course');
INSERT INTO "Reason_Map" VALUES ('429','course');
INSERT INTO "Reason_Map" VALUES ('430','home');
INSERT INTO "Reason_Map" VALUES ('431','other');
INSERT INTO "Reason_Map" VALUES ('432','home');
INSERT INTO "Reason_Map" VALUES ('433','reputation');
INSERT INTO "Reason_Map" VALUES ('434','course');
INSERT INTO "Reason_Map" VALUES ('435','reputation');
INSERT INTO "Reason_Map" VALUES ('436','home');
INSERT INTO "Reason_Map" VALUES ('437','home');
INSERT INTO "Reason_Map" VALUES ('438','course');
INSERT INTO "Reason_Map" VALUES ('439','course');
INSERT INTO "Reason_Map" VALUES ('440','course');
INSERT INTO "Reason_Map" VALUES ('441','course');
INSERT INTO "Reason_Map" VALUES ('442','home');
INSERT INTO "Reason_Map" VALUES ('443','reputation');
INSERT INTO "Reason_Map" VALUES ('444','home');
INSERT INTO "Reason_Map" VALUES ('445','other');
INSERT INTO "Reason_Map" VALUES ('446','course');
INSERT INTO "Reason_Map" VALUES ('447','other');
INSERT INTO "Reason_Map" VALUES ('448','other');
INSERT INTO "Reason_Map" VALUES ('449','course');
INSERT INTO "Reason_Map" VALUES ('450','other');
INSERT INTO "Reason_Map" VALUES ('451','other');
INSERT INTO "Reason_Map" VALUES ('452','reputation');
INSERT INTO "Reason_Map" VALUES ('453','reputation');
INSERT INTO "Reason_Map" VALUES ('454','home');
INSERT INTO "Reason_Map" VALUES ('455','course');
INSERT INTO "Reason_Map" VALUES ('456','other');
INSERT INTO "Reason_Map" VALUES ('457','course');
INSERT INTO "Reason_Map" VALUES ('458','reputation');
INSERT INTO "Reason_Map" VALUES ('459','home');
INSERT INTO "Reason_Map" VALUES ('460','reputation');
INSERT INTO "Reason_Map" VALUES ('461','course');
INSERT INTO "Reason_Map" VALUES ('462','reputation');
INSERT INTO "Reason_Map" VALUES ('463','course');
INSERT INTO "Reason_Map" VALUES ('464','reputation');
INSERT INTO "Reason_Map" VALUES ('465','reputation');
INSERT INTO "Reason_Map" VALUES ('466','reputation');
INSERT INTO "Reason_Map" VALUES ('467','course');
INSERT INTO "Reason_Map" VALUES ('468','reputation');
INSERT INTO "Reason_Map" VALUES ('469','reputation');
INSERT INTO "Reason_Map" VALUES ('470','home');
INSERT INTO "Reason_Map" VALUES ('471','home');
INSERT INTO "Reason_Map" VALUES ('472','course');
INSERT INTO "Reason_Map" VALUES ('473','reputation');
INSERT INTO "Reason_Map" VALUES ('474','home');
INSERT INTO "Reason_Map" VALUES ('475','course');
INSERT INTO "Reason_Map" VALUES ('476','course');
INSERT INTO "Reason_Map" VALUES ('477','home');
INSERT INTO "Reason_Map" VALUES ('478','reputation');
INSERT INTO "Reason_Map" VALUES ('479','home');
INSERT INTO "Reason_Map" VALUES ('480','home');
INSERT INTO "Reason_Map" VALUES ('481','reputation');
INSERT INTO "Reason_Map" VALUES ('482','course');
INSERT INTO "Reason_Map" VALUES ('483','reputation');
INSERT INTO "Reason_Map" VALUES ('484','reputation');
INSERT INTO "Reason_Map" VALUES ('485','reputation');
INSERT INTO "Reason_Map" VALUES ('486','home');
INSERT INTO "Reason_Map" VALUES ('487','reputation');
INSERT INTO "Reason_Map" VALUES ('488','home');
INSERT INTO "Reason_Map" VALUES ('489','home');
INSERT INTO "Reason_Map" VALUES ('490','reputation');
INSERT INTO "Reason_Map" VALUES ('491','home');
INSERT INTO "Reason_Map" VALUES ('492','reputation');
INSERT INTO "Reason_Map" VALUES ('493','course');
INSERT INTO "Reason_Map" VALUES ('494','reputation');
INSERT INTO "Reason_Map" VALUES ('495','course');
INSERT INTO "Reason_Map" VALUES ('496','other');
INSERT INTO "Reason_Map" VALUES ('497','other');
INSERT INTO "Reason_Map" VALUES ('498','course');
INSERT INTO "Reason_Map" VALUES ('499','home');
INSERT INTO "Reason_Map" VALUES ('500','course');
INSERT INTO "Reason_Map" VALUES ('501','reputation');
INSERT INTO "Reason_Map" VALUES ('502','course');
INSERT INTO "Reason_Map" VALUES ('503','home');
INSERT INTO "Reason_Map" VALUES ('504','home');
INSERT INTO "Reason_Map" VALUES ('505','other');
INSERT INTO "Reason_Map" VALUES ('506','course');
INSERT INTO "Reason_Map" VALUES ('507','reputation');
INSERT INTO "Reason_Map" VALUES ('508','home');
INSERT INTO "Reason_Map" VALUES ('509','course');
INSERT INTO "Reason_Map" VALUES ('510','reputation');
INSERT INTO "Reason_Map" VALUES ('511','course');
INSERT INTO "Reason_Map" VALUES ('512','reputation');
INSERT INTO "Reason_Map" VALUES ('513','home');
INSERT INTO "Reason_Map" VALUES ('514','course');
INSERT INTO "Reason_Map" VALUES ('515','reputation');
INSERT INTO "Reason_Map" VALUES ('516','course');
INSERT INTO "Reason_Map" VALUES ('517','home');
INSERT INTO "Reason_Map" VALUES ('518','course');
INSERT INTO "Reason_Map" VALUES ('519','course');
INSERT INTO "Reason_Map" VALUES ('520','home');
INSERT INTO "Reason_Map" VALUES ('521','home');
INSERT INTO "Reason_Map" VALUES ('522','home');
INSERT INTO "Reason_Map" VALUES ('523','course');
INSERT INTO "Reason_Map" VALUES ('524','course');
INSERT INTO "Reason_Map" VALUES ('525','course');
INSERT INTO "Reason_Map" VALUES ('526','course');
INSERT INTO "Reason_Map" VALUES ('527','reputation');
INSERT INTO "Reason_Map" VALUES ('528','course');
INSERT INTO "Reason_Map" VALUES ('529','course');
INSERT INTO "Reason_Map" VALUES ('530','course');
INSERT INTO "Reason_Map" VALUES ('531','course');
INSERT INTO "Reason_Map" VALUES ('532','course');
INSERT INTO "Reason_Map" VALUES ('533','home');
INSERT INTO "Reason_Map" VALUES ('534','course');
INSERT INTO "Reason_Map" VALUES ('535','course');
INSERT INTO "Reason_Map" VALUES ('536','course');
INSERT INTO "Reason_Map" VALUES ('537','course');
INSERT INTO "Reason_Map" VALUES ('538','course');
INSERT INTO "Reason_Map" VALUES ('539','course');
INSERT INTO "Reason_Map" VALUES ('540','reputation');
INSERT INTO "Reason_Map" VALUES ('541','course');
INSERT INTO "Reason_Map" VALUES ('542','course');
INSERT INTO "Reason_Map" VALUES ('543','course');
INSERT INTO "Reason_Map" VALUES ('544','course');
INSERT INTO "Reason_Map" VALUES ('545','course');
INSERT INTO "Reason_Map" VALUES ('546','home');
INSERT INTO "Reason_Map" VALUES ('547','course');
INSERT INTO "Reason_Map" VALUES ('548','reputation');
INSERT INTO "Reason_Map" VALUES ('549','course');
INSERT INTO "Reason_Map" VALUES ('550','course');
INSERT INTO "Reason_Map" VALUES ('551','home');
INSERT INTO "Reason_Map" VALUES ('552','course');
INSERT INTO "Reason_Map" VALUES ('553','home');
INSERT INTO "Reason_Map" VALUES ('554','home');
INSERT INTO "Reason_Map" VALUES ('555','course');
INSERT INTO "Reason_Map" VALUES ('556','course');
INSERT INTO "Reason_Map" VALUES ('557','course');
INSERT INTO "Reason_Map" VALUES ('558','course');
INSERT INTO "Reason_Map" VALUES ('559','course');
INSERT INTO "Reason_Map" VALUES ('560','course');
INSERT INTO "Reason_Map" VALUES ('561','reputation');
INSERT INTO "Reason_Map" VALUES ('562','home');
INSERT INTO "Reason_Map" VALUES ('563','course');
INSERT INTO "Reason_Map" VALUES ('564','course');
INSERT INTO "Reason_Map" VALUES ('565','reputation');
INSERT INTO "Reason_Map" VALUES ('566','course');
INSERT INTO "Reason_Map" VALUES ('567','course');
INSERT INTO "Reason_Map" VALUES ('568','course');
INSERT INTO "Reason_Map" VALUES ('569','course');
INSERT INTO "Reason_Map" VALUES ('570','course');
INSERT INTO "Reason_Map" VALUES ('571','course');
INSERT INTO "Reason_Map" VALUES ('572','course');
INSERT INTO "Reason_Map" VALUES ('573','course');
INSERT INTO "Reason_Map" VALUES ('574','course');
INSERT INTO "Reason_Map" VALUES ('575','course');
INSERT INTO "Reason_Map" VALUES ('576','course');
INSERT INTO "Reason_Map" VALUES ('577','home');
INSERT INTO "Reason_Map" VALUES ('578','home');
INSERT INTO "Reason_Map" VALUES ('579','reputation');
INSERT INTO "Reason_Map" VALUES ('580','course');
INSERT INTO "Reason_Map" VALUES ('581','reputation');
INSERT INTO "Reason_Map" VALUES ('582','reputation');
INSERT INTO "Reason_Map" VALUES ('583','home');
INSERT INTO "Reason_Map" VALUES ('584','reputation');
INSERT INTO "Reason_Map" VALUES ('585','course');
INSERT INTO "Reason_Map" VALUES ('586','reputation');
INSERT INTO "Reason_Map" VALUES ('587','reputation');
INSERT INTO "Reason_Map" VALUES ('588','other');
INSERT INTO "Reason_Map" VALUES ('589','course');
INSERT INTO "Reason_Map" VALUES ('590','home');
INSERT INTO "Reason_Map" VALUES ('591','home');
INSERT INTO "Reason_Map" VALUES ('592','reputation');
INSERT INTO "Reason_Map" VALUES ('593','reputation');
INSERT INTO "Reason_Map" VALUES ('594','reputation');
INSERT INTO "Reason_Map" VALUES ('595','other');
INSERT INTO "Reason_Map" VALUES ('596','other');
INSERT INTO "Reason_Map" VALUES ('597','course');
INSERT INTO "Reason_Map" VALUES ('598','reputation');
INSERT INTO "Reason_Map" VALUES ('599','home');
INSERT INTO "Reason_Map" VALUES ('600','course');
INSERT INTO "Reason_Map" VALUES ('601','course');
INSERT INTO "Reason_Map" VALUES ('602','other');
INSERT INTO "Reason_Map" VALUES ('603','reputation');
INSERT INTO "Reason_Map" VALUES ('604','home');
INSERT INTO "Reason_Map" VALUES ('605','course');
INSERT INTO "Reason_Map" VALUES ('606','home');
INSERT INTO "Reason_Map" VALUES ('607','home');
INSERT INTO "Reason_Map" VALUES ('608','home');
INSERT INTO "Reason_Map" VALUES ('609','reputation');
INSERT INTO "Reason_Map" VALUES ('610','home');
INSERT INTO "Reason_Map" VALUES ('611','reputation');
INSERT INTO "Reason_Map" VALUES ('612','course');
INSERT INTO "Reason_Map" VALUES ('613','reputation');
INSERT INTO "Reason_Map" VALUES ('614','reputation');
INSERT INTO "Reason_Map" VALUES ('615','home');
INSERT INTO "Reason_Map" VALUES ('616','course');
INSERT INTO "Reason_Map" VALUES ('617','other');
INSERT INTO "Reason_Map" VALUES ('618','home');
INSERT INTO "Reason_Map" VALUES ('619','reputation');
INSERT INTO "Reason_Map" VALUES ('620','reputation');
INSERT INTO "Reason_Map" VALUES ('621','home');
INSERT INTO "Reason_Map" VALUES ('622','reputation');
INSERT INTO "Reason_Map" VALUES ('623','home');
INSERT INTO "Reason_Map" VALUES ('624','other');
INSERT INTO "Reason_Map" VALUES ('625','reputation');
INSERT INTO "Reason_Map" VALUES ('626','reputation');
INSERT INTO "Reason_Map" VALUES ('627','home');
INSERT INTO "Reason_Map" VALUES ('628','home');
INSERT INTO "Reason_Map" VALUES ('629','course');
INSERT INTO "Reason_Map" VALUES ('630','reputation');
INSERT INTO "Reason_Map" VALUES ('631','reputation');
INSERT INTO "Reason_Map" VALUES ('632','other');
INSERT INTO "Reason_Map" VALUES ('633','home');
INSERT INTO "Reason_Map" VALUES ('634','home');
INSERT INTO "Reason_Map" VALUES ('635','reputation');
INSERT INTO "Reason_Map" VALUES ('636','course');
INSERT INTO "Reason_Map" VALUES ('637','reputation');
INSERT INTO "Reason_Map" VALUES ('638','course');
INSERT INTO "Reason_Map" VALUES ('639','course');
INSERT INTO "Reason_Map" VALUES ('640','reputation');
INSERT INTO "Reason_Map" VALUES ('641','course');
INSERT INTO "Reason_Map" VALUES ('642','reputation');
INSERT INTO "Reason_Map" VALUES ('643','reputation');
INSERT INTO "Reason_Map" VALUES ('644','home');
INSERT INTO "Reason_Map" VALUES ('645','reputation');
INSERT INTO "Reason_Map" VALUES ('646','home');
INSERT INTO "Reason_Map" VALUES ('647','home');
INSERT INTO "Reason_Map" VALUES ('648','home');
INSERT INTO "Reason_Map" VALUES ('649','course');
INSERT INTO "Reason_Map" VALUES ('650','course');
INSERT INTO "Reason_Map" VALUES ('651','course');
INSERT INTO "Reason_Map" VALUES ('652','course');
INSERT INTO "Reason_Map" VALUES ('653','course');
INSERT INTO "Reason_Map" VALUES ('654','course');
INSERT INTO "Reason_Map" VALUES ('655','course');
INSERT INTO "Reason_Map" VALUES ('656','course');
INSERT INTO "Reason_Map" VALUES ('657','course');
INSERT INTO "Reason_Map" VALUES ('658','course');
INSERT INTO "Reason_Map" VALUES ('659','reputation');
INSERT INTO "Reason_Map" VALUES ('660','home');
INSERT INTO "Reason_Map" VALUES ('661','course');
INSERT INTO "Reason_Map" VALUES ('662','course');
INSERT INTO "Reason_Map" VALUES ('663','course');
INSERT INTO "Reason_Map" VALUES ('664','course');
INSERT INTO "Reason_Map" VALUES ('665','course');
INSERT INTO "Reason_Map" VALUES ('666','course');
INSERT INTO "Reason_Map" VALUES ('667','course');
INSERT INTO "Reason_Map" VALUES ('668','home');
INSERT INTO "Reason_Map" VALUES ('669','home');
INSERT INTO "Reason_Map" VALUES ('670','course');
INSERT INTO "Reason_Map" VALUES ('671','course');
INSERT INTO "Reason_Map" VALUES ('672','course');
INSERT INTO "Reason_Map" VALUES ('673','course');
INSERT INTO "Reason_Map" VALUES ('674','course');
INSERT INTO "Reason_Map" VALUES ('675','other');
INSERT INTO "Reason_Map" VALUES ('676','course');
INSERT INTO "Reason_Map" VALUES ('677','other');
INSERT INTO "Reason_Map" VALUES ('678','course');
INSERT INTO "Reason_Map" VALUES ('679','reputation');
INSERT INTO "Reason_Map" VALUES ('680','other');
INSERT INTO "Reason_Map" VALUES ('681','course');
INSERT INTO "Reason_Map" VALUES ('682','course');
INSERT INTO "Reason_Map" VALUES ('683','course');
INSERT INTO "Reason_Map" VALUES ('684','course');
INSERT INTO "Reason_Map" VALUES ('685','reputation');
INSERT INTO "Reason_Map" VALUES ('686','home');
INSERT INTO "Reason_Map" VALUES ('687','course');
INSERT INTO "Reason_Map" VALUES ('688','course');
INSERT INTO "Reason_Map" VALUES ('689','home');
INSERT INTO "Reason_Map" VALUES ('690','home');
INSERT INTO "Reason_Map" VALUES ('691','reputation');
INSERT INTO "Reason_Map" VALUES ('692','home');
INSERT INTO "Reason_Map" VALUES ('693','other');
INSERT INTO "Reason_Map" VALUES ('694','course');
INSERT INTO "Reason_Map" VALUES ('695','course');
INSERT INTO "Reason_Map" VALUES ('696','home');
INSERT INTO "Reason_Map" VALUES ('697','course');
INSERT INTO "Reason_Map" VALUES ('698','course');
INSERT INTO "Reason_Map" VALUES ('699','home');
INSERT INTO "Reason_Map" VALUES ('700','home');
INSERT INTO "Reason_Map" VALUES ('701','home');
INSERT INTO "Reason_Map" VALUES ('702','reputation');
INSERT INTO "Reason_Map" VALUES ('703','other');
INSERT INTO "Reason_Map" VALUES ('704','reputation');
INSERT INTO "Reason_Map" VALUES ('705','reputation');
INSERT INTO "Reason_Map" VALUES ('706','reputation');
INSERT INTO "Reason_Map" VALUES ('707','home');
INSERT INTO "Reason_Map" VALUES ('708','reputation');
INSERT INTO "Reason_Map" VALUES ('709','home');
INSERT INTO "Reason_Map" VALUES ('710','home');
INSERT INTO "Reason_Map" VALUES ('711','home');
INSERT INTO "Reason_Map" VALUES ('712','reputation');
INSERT INTO "Reason_Map" VALUES ('713','course');
INSERT INTO "Reason_Map" VALUES ('714','home');
INSERT INTO "Reason_Map" VALUES ('715','home');
INSERT INTO "Reason_Map" VALUES ('716','reputation');
INSERT INTO "Reason_Map" VALUES ('717','reputation');
INSERT INTO "Reason_Map" VALUES ('718','reputation');
INSERT INTO "Reason_Map" VALUES ('719','course');
INSERT INTO "Reason_Map" VALUES ('720','home');
INSERT INTO "Reason_Map" VALUES ('721','home');
INSERT INTO "Reason_Map" VALUES ('722','home');
INSERT INTO "Reason_Map" VALUES ('723','reputation');
INSERT INTO "Reason_Map" VALUES ('724','home');
INSERT INTO "Reason_Map" VALUES ('725','course');
INSERT INTO "Reason_Map" VALUES ('726','reputation');
INSERT INTO "Reason_Map" VALUES ('727','reputation');
INSERT INTO "Reason_Map" VALUES ('728','other');
INSERT INTO "Reason_Map" VALUES ('729','reputation');
INSERT INTO "Reason_Map" VALUES ('730','reputation');
INSERT INTO "Reason_Map" VALUES ('731','reputation');
INSERT INTO "Reason_Map" VALUES ('732','home');
INSERT INTO "Reason_Map" VALUES ('733','reputation');
INSERT INTO "Reason_Map" VALUES ('734','reputation');
INSERT INTO "Reason_Map" VALUES ('735','reputation');
INSERT INTO "Reason_Map" VALUES ('736','home');
INSERT INTO "Reason_Map" VALUES ('737','reputation');
INSERT INTO "Reason_Map" VALUES ('738','home');
INSERT INTO "Reason_Map" VALUES ('739','reputation');
INSERT INTO "Reason_Map" VALUES ('740','home');
INSERT INTO "Reason_Map" VALUES ('741','home');
INSERT INTO "Reason_Map" VALUES ('742','home');
INSERT INTO "Reason_Map" VALUES ('743','reputation');
INSERT INTO "Reason_Map" VALUES ('744','reputation');
INSERT INTO "Reason_Map" VALUES ('745','reputation');
INSERT INTO "Reason_Map" VALUES ('746','course');
INSERT INTO "Reason_Map" VALUES ('747','course');
INSERT INTO "Reason_Map" VALUES ('748','reputation');
INSERT INTO "Reason_Map" VALUES ('749','home');
INSERT INTO "Reason_Map" VALUES ('750','course');
INSERT INTO "Reason_Map" VALUES ('751','course');
INSERT INTO "Reason_Map" VALUES ('752','course');
INSERT INTO "Reason_Map" VALUES ('753','course');
INSERT INTO "Reason_Map" VALUES ('754','course');
INSERT INTO "Reason_Map" VALUES ('755','course');
INSERT INTO "Reason_Map" VALUES ('756','course');
INSERT INTO "Reason_Map" VALUES ('757','course');
INSERT INTO "Reason_Map" VALUES ('758','course');
INSERT INTO "Reason_Map" VALUES ('759','course');
INSERT INTO "Reason_Map" VALUES ('760','course');
INSERT INTO "Reason_Map" VALUES ('761','course');
INSERT INTO "Reason_Map" VALUES ('762','home');
INSERT INTO "Reason_Map" VALUES ('763','home');
INSERT INTO "Reason_Map" VALUES ('764','reputation');
INSERT INTO "Reason_Map" VALUES ('765','course');
INSERT INTO "Reason_Map" VALUES ('766','course');
INSERT INTO "Reason_Map" VALUES ('767','course');
INSERT INTO "Reason_Map" VALUES ('768','course');
INSERT INTO "Reason_Map" VALUES ('769','course');
INSERT INTO "Reason_Map" VALUES ('770','course');
INSERT INTO "Reason_Map" VALUES ('771','home');
INSERT INTO "Reason_Map" VALUES ('772','home');
INSERT INTO "Reason_Map" VALUES ('773','course');
INSERT INTO "Reason_Map" VALUES ('774','reputation');
INSERT INTO "Reason_Map" VALUES ('775','course');
INSERT INTO "Reason_Map" VALUES ('776','course');
INSERT INTO "Reason_Map" VALUES ('777','course');
INSERT INTO "Reason_Map" VALUES ('778','course');
INSERT INTO "Reason_Map" VALUES ('779','course');
INSERT INTO "Reason_Map" VALUES ('780','home');
INSERT INTO "Reason_Map" VALUES ('781','course');
INSERT INTO "Reason_Map" VALUES ('782','course');
INSERT INTO "Reason_Map" VALUES ('783','reputation');
INSERT INTO "Reason_Map" VALUES ('784','home');
INSERT INTO "Reason_Map" VALUES ('785','home');
INSERT INTO "Reason_Map" VALUES ('786','course');
INSERT INTO "Reason_Map" VALUES ('787','course');
INSERT INTO "Reason_Map" VALUES ('788','home');
INSERT INTO "Reason_Map" VALUES ('789','home');
INSERT INTO "Reason_Map" VALUES ('790','home');
INSERT INTO "Reason_Map" VALUES ('791','home');
INSERT INTO "Reason_Map" VALUES ('792','home');
INSERT INTO "Reason_Map" VALUES ('793','home');
INSERT INTO "Reason_Map" VALUES ('794','course');
INSERT INTO "Reason_Map" VALUES ('795','other');
INSERT INTO "Reason_Map" VALUES ('796','course');
INSERT INTO "Reason_Map" VALUES ('797','course');
INSERT INTO "Reason_Map" VALUES ('798','reputation');
INSERT INTO "Reason_Map" VALUES ('799','course');
INSERT INTO "Reason_Map" VALUES ('800','reputation');
INSERT INTO "Reason_Map" VALUES ('801','home');
INSERT INTO "Reason_Map" VALUES ('802','home');
INSERT INTO "Reason_Map" VALUES ('803','reputation');
INSERT INTO "Reason_Map" VALUES ('804','reputation');
INSERT INTO "Reason_Map" VALUES ('805','reputation');
INSERT INTO "Reason_Map" VALUES ('806','reputation');
INSERT INTO "Reason_Map" VALUES ('807','reputation');
INSERT INTO "Reason_Map" VALUES ('808','course');
INSERT INTO "Reason_Map" VALUES ('809','course');
INSERT INTO "Reason_Map" VALUES ('810','reputation');
INSERT INTO "Reason_Map" VALUES ('811','home');
INSERT INTO "Reason_Map" VALUES ('812','reputation');
INSERT INTO "Reason_Map" VALUES ('813','reputation');
INSERT INTO "Reason_Map" VALUES ('814','reputation');
INSERT INTO "Reason_Map" VALUES ('815','reputation');
INSERT INTO "Reason_Map" VALUES ('816','reputation');
INSERT INTO "Reason_Map" VALUES ('817','reputation');
INSERT INTO "Reason_Map" VALUES ('818','home');
INSERT INTO "Reason_Map" VALUES ('819','other');
INSERT INTO "Reason_Map" VALUES ('820','course');
INSERT INTO "Reason_Map" VALUES ('821','other');
INSERT INTO "Reason_Map" VALUES ('822','course');
INSERT INTO "Reason_Map" VALUES ('823','course');
INSERT INTO "Reason_Map" VALUES ('824','home');
INSERT INTO "Reason_Map" VALUES ('825','home');
INSERT INTO "Reason_Map" VALUES ('826','other');
INSERT INTO "Reason_Map" VALUES ('827','course');
INSERT INTO "Reason_Map" VALUES ('828','other');
INSERT INTO "Reason_Map" VALUES ('829','course');
INSERT INTO "Reason_Map" VALUES ('830','reputation');
INSERT INTO "Reason_Map" VALUES ('831','reputation');
INSERT INTO "Reason_Map" VALUES ('832','course');
INSERT INTO "Reason_Map" VALUES ('833','other');
INSERT INTO "Reason_Map" VALUES ('834','course');
INSERT INTO "Reason_Map" VALUES ('835','course');
INSERT INTO "Reason_Map" VALUES ('836','home');
INSERT INTO "Reason_Map" VALUES ('837','home');
INSERT INTO "Reason_Map" VALUES ('838','reputation');
INSERT INTO "Reason_Map" VALUES ('839','reputation');
INSERT INTO "Reason_Map" VALUES ('840','other');
INSERT INTO "Reason_Map" VALUES ('841','course');
INSERT INTO "Reason_Map" VALUES ('842','reputation');
INSERT INTO "Reason_Map" VALUES ('843','other');
INSERT INTO "Reason_Map" VALUES ('844','course');
INSERT INTO "Reason_Map" VALUES ('845','course');
INSERT INTO "Reason_Map" VALUES ('846','course');
INSERT INTO "Reason_Map" VALUES ('847','course');
INSERT INTO "Reason_Map" VALUES ('848','course');
INSERT INTO "Reason_Map" VALUES ('849','course');
INSERT INTO "Reason_Map" VALUES ('850','course');
INSERT INTO "Reason_Map" VALUES ('851','home');
INSERT INTO "Reason_Map" VALUES ('852','course');
INSERT INTO "Reason_Map" VALUES ('853','reputation');
INSERT INTO "Reason_Map" VALUES ('854','home');
INSERT INTO "Reason_Map" VALUES ('855','other');
INSERT INTO "Reason_Map" VALUES ('856','home');
INSERT INTO "Reason_Map" VALUES ('857','other');
INSERT INTO "Reason_Map" VALUES ('858','course');
INSERT INTO "Reason_Map" VALUES ('859','other');
INSERT INTO "Reason_Map" VALUES ('860','other');
INSERT INTO "Reason_Map" VALUES ('861','course');
INSERT INTO "Reason_Map" VALUES ('862','home');
INSERT INTO "Reason_Map" VALUES ('863','course');
INSERT INTO "Reason_Map" VALUES ('864','reputation');
INSERT INTO "Reason_Map" VALUES ('865','course');
INSERT INTO "Reason_Map" VALUES ('866','reputation');
INSERT INTO "Reason_Map" VALUES ('867','course');
INSERT INTO "Reason_Map" VALUES ('868','home');
INSERT INTO "Reason_Map" VALUES ('869','course');
INSERT INTO "Reason_Map" VALUES ('870','reputation');
INSERT INTO "Reason_Map" VALUES ('871','course');
INSERT INTO "Reason_Map" VALUES ('872','home');
INSERT INTO "Reason_Map" VALUES ('873','course');
INSERT INTO "Reason_Map" VALUES ('874','course');
INSERT INTO "Reason_Map" VALUES ('875','course');
INSERT INTO "Reason_Map" VALUES ('876','course');
INSERT INTO "Reason_Map" VALUES ('877','course');
INSERT INTO "Reason_Map" VALUES ('878','course');
INSERT INTO "Reason_Map" VALUES ('879','course');
INSERT INTO "Reason_Map" VALUES ('880','home');
INSERT INTO "Reason_Map" VALUES ('881','course');
INSERT INTO "Reason_Map" VALUES ('882','course');
INSERT INTO "Reason_Map" VALUES ('883','course');
INSERT INTO "Reason_Map" VALUES ('884','course');
INSERT INTO "Reason_Map" VALUES ('885','home');
INSERT INTO "Reason_Map" VALUES ('886','course');
INSERT INTO "Reason_Map" VALUES ('887','course');
INSERT INTO "Reason_Map" VALUES ('888','course');
INSERT INTO "Reason_Map" VALUES ('889','course');
INSERT INTO "Reason_Map" VALUES ('890','course');
INSERT INTO "Reason_Map" VALUES ('891','reputation');
INSERT INTO "Reason_Map" VALUES ('892','home');
INSERT INTO "Reason_Map" VALUES ('893','course');
INSERT INTO "Reason_Map" VALUES ('894','course');
INSERT INTO "Reason_Map" VALUES ('895','course');
INSERT INTO "Reason_Map" VALUES ('896','course');
INSERT INTO "Reason_Map" VALUES ('897','course');
INSERT INTO "Reason_Map" VALUES ('898','other');
INSERT INTO "Reason_Map" VALUES ('899','course');
INSERT INTO "Reason_Map" VALUES ('900','home');
INSERT INTO "Reason_Map" VALUES ('901','reputation');
INSERT INTO "Reason_Map" VALUES ('902','other');
INSERT INTO "Reason_Map" VALUES ('903','course');
INSERT INTO "Reason_Map" VALUES ('904','course');
INSERT INTO "Reason_Map" VALUES ('905','course');
INSERT INTO "Reason_Map" VALUES ('906','reputation');
INSERT INTO "Reason_Map" VALUES ('907','other');
INSERT INTO "Reason_Map" VALUES ('908','other');
INSERT INTO "Reason_Map" VALUES ('909','course');
INSERT INTO "Reason_Map" VALUES ('910','course');
INSERT INTO "Reason_Map" VALUES ('911','reputation');
INSERT INTO "Reason_Map" VALUES ('912','reputation');
INSERT INTO "Reason_Map" VALUES ('913','reputation');
INSERT INTO "Reason_Map" VALUES ('914','reputation');
INSERT INTO "Reason_Map" VALUES ('915','reputation');
INSERT INTO "Reason_Map" VALUES ('916','other');
INSERT INTO "Reason_Map" VALUES ('917','other');
INSERT INTO "Reason_Map" VALUES ('918','course');
INSERT INTO "Reason_Map" VALUES ('919','home');
INSERT INTO "Reason_Map" VALUES ('920','other');
INSERT INTO "Reason_Map" VALUES ('921','home');
INSERT INTO "Reason_Map" VALUES ('922','other');
INSERT INTO "Reason_Map" VALUES ('923','other');
INSERT INTO "Reason_Map" VALUES ('924','other');
INSERT INTO "Reason_Map" VALUES ('925','other');
INSERT INTO "Reason_Map" VALUES ('926','home');
INSERT INTO "Reason_Map" VALUES ('927','other');
INSERT INTO "Reason_Map" VALUES ('928','other');
INSERT INTO "Reason_Map" VALUES ('929','other');
INSERT INTO "Reason_Map" VALUES ('930','other');
INSERT INTO "Reason_Map" VALUES ('931','course');
INSERT INTO "Reason_Map" VALUES ('932','reputation');
INSERT INTO "Reason_Map" VALUES ('933','course');
INSERT INTO "Reason_Map" VALUES ('934','course');
INSERT INTO "Reason_Map" VALUES ('935','home');
INSERT INTO "Reason_Map" VALUES ('936','home');
INSERT INTO "Reason_Map" VALUES ('937','other');
INSERT INTO "Reason_Map" VALUES ('938','course');
INSERT INTO "Reason_Map" VALUES ('939','course');
INSERT INTO "Reason_Map" VALUES ('940','course');
INSERT INTO "Reason_Map" VALUES ('941','other');
INSERT INTO "Reason_Map" VALUES ('942','course');
INSERT INTO "Reason_Map" VALUES ('943','other');
INSERT INTO "Reason_Map" VALUES ('944','other');
INSERT INTO "Reason_Map" VALUES ('945','course');
INSERT INTO "Reason_Map" VALUES ('946','course');
INSERT INTO "Reason_Map" VALUES ('947','other');
INSERT INTO "Reason_Map" VALUES ('948','other');
INSERT INTO "Reason_Map" VALUES ('949','home');
INSERT INTO "Reason_Map" VALUES ('950','course');
INSERT INTO "Reason_Map" VALUES ('951','home');
INSERT INTO "Reason_Map" VALUES ('952','course');
INSERT INTO "Reason_Map" VALUES ('953','course');
INSERT INTO "Reason_Map" VALUES ('954','course');
INSERT INTO "Reason_Map" VALUES ('955','course');
INSERT INTO "Reason_Map" VALUES ('956','course');
INSERT INTO "Reason_Map" VALUES ('957','course');
INSERT INTO "Reason_Map" VALUES ('958','course');
INSERT INTO "Reason_Map" VALUES ('959','course');
INSERT INTO "Reason_Map" VALUES ('960','course');
INSERT INTO "Reason_Map" VALUES ('961','course');
INSERT INTO "Reason_Map" VALUES ('962','course');
INSERT INTO "Reason_Map" VALUES ('963','course');
INSERT INTO "Reason_Map" VALUES ('964','course');
INSERT INTO "Reason_Map" VALUES ('965','course');
INSERT INTO "Reason_Map" VALUES ('966','course');
INSERT INTO "Reason_Map" VALUES ('967','course');
INSERT INTO "Reason_Map" VALUES ('968','course');
INSERT INTO "Reason_Map" VALUES ('969','course');
INSERT INTO "Reason_Map" VALUES ('970','course');
INSERT INTO "Reason_Map" VALUES ('971','course');
INSERT INTO "Reason_Map" VALUES ('972','course');
INSERT INTO "Reason_Map" VALUES ('973','home');
INSERT INTO "Reason_Map" VALUES ('974','course');
INSERT INTO "Reason_Map" VALUES ('975','course');
INSERT INTO "Reason_Map" VALUES ('976','home');
INSERT INTO "Reason_Map" VALUES ('977','course');
INSERT INTO "Reason_Map" VALUES ('978','course');
INSERT INTO "Reason_Map" VALUES ('979','other');
INSERT INTO "Reason_Map" VALUES ('980','course');
INSERT INTO "Reason_Map" VALUES ('981','course');
INSERT INTO "Reason_Map" VALUES ('982','home');
INSERT INTO "Reason_Map" VALUES ('983','course');
INSERT INTO "Reason_Map" VALUES ('984','course');
INSERT INTO "Reason_Map" VALUES ('985','course');
INSERT INTO "Reason_Map" VALUES ('986','course');
INSERT INTO "Reason_Map" VALUES ('987','reputation');
INSERT INTO "Reason_Map" VALUES ('988','course');
INSERT INTO "Reason_Map" VALUES ('989','reputation');
INSERT INTO "Reason_Map" VALUES ('990','reputation');
INSERT INTO "Reason_Map" VALUES ('991','reputation');
INSERT INTO "Reason_Map" VALUES ('992','course');
INSERT INTO "Reason_Map" VALUES ('993','course');
INSERT INTO "Reason_Map" VALUES ('994','home');
INSERT INTO "Reason_Map" VALUES ('995','other');
INSERT INTO "Reason_Map" VALUES ('996','other');
INSERT INTO "Reason_Map" VALUES ('997','course');
INSERT INTO "Reason_Map" VALUES ('998','course');
INSERT INTO "Reason_Map" VALUES ('999','reputation');
INSERT INTO "Reason_Map" VALUES ('1000','course');
INSERT INTO "Reason_Map" VALUES ('1001','other');
INSERT INTO "Reason_Map" VALUES ('1002','course');
INSERT INTO "Reason_Map" VALUES ('1003','reputation');
INSERT INTO "Reason_Map" VALUES ('1004','course');
INSERT INTO "Reason_Map" VALUES ('1005','course');
INSERT INTO "Reason_Map" VALUES ('1006','course');
INSERT INTO "Reason_Map" VALUES ('1007','home');
INSERT INTO "Reason_Map" VALUES ('1008','home');
INSERT INTO "Reason_Map" VALUES ('1009','course');
INSERT INTO "Reason_Map" VALUES ('1010','other');
INSERT INTO "Reason_Map" VALUES ('1011','reputation');
INSERT INTO "Reason_Map" VALUES ('1012','home');
INSERT INTO "Reason_Map" VALUES ('1013','course');
INSERT INTO "Reason_Map" VALUES ('1014','course');
INSERT INTO "Reason_Map" VALUES ('1015','other');
INSERT INTO "Reason_Map" VALUES ('1016','course');
INSERT INTO "Reason_Map" VALUES ('1017','course');
INSERT INTO "Reason_Map" VALUES ('1018','course');
INSERT INTO "Reason_Map" VALUES ('1019','other');
INSERT INTO "Reason_Map" VALUES ('1020','reputation');
INSERT INTO "Reason_Map" VALUES ('1021','course');
INSERT INTO "Reason_Map" VALUES ('1022','other');
INSERT INTO "Reason_Map" VALUES ('1023','other');
INSERT INTO "Reason_Map" VALUES ('1024','home');
INSERT INTO "Reason_Map" VALUES ('1025','course');
INSERT INTO "Reason_Map" VALUES ('1026','reputation');
INSERT INTO "Reason_Map" VALUES ('1027','home');
INSERT INTO "Reason_Map" VALUES ('1028','course');
INSERT INTO "Reason_Map" VALUES ('1029','course');
INSERT INTO "Reason_Map" VALUES ('1030','home');
INSERT INTO "Reason_Map" VALUES ('1031','reputation');
INSERT INTO "Reason_Map" VALUES ('1032','home');
INSERT INTO "Reason_Map" VALUES ('1033','other');
INSERT INTO "Reason_Map" VALUES ('1034','home');
INSERT INTO "Reason_Map" VALUES ('1035','other');
INSERT INTO "Reason_Map" VALUES ('1036','home');
INSERT INTO "Reason_Map" VALUES ('1037','other');
INSERT INTO "Reason_Map" VALUES ('1038','other');
INSERT INTO "Reason_Map" VALUES ('1039','reputation');
INSERT INTO "Reason_Map" VALUES ('1040','course');
INSERT INTO "Reason_Map" VALUES ('1041','course');
INSERT INTO "Reason_Map" VALUES ('1042','course');
INSERT INTO "Reason_Map" VALUES ('1043','course');
INSERT INTO "Reason_Map" VALUES ('1044','course');
INSERT INTO "Parent_Edu" VALUES (0,'none');
INSERT INTO "Parent_Edu" VALUES (1,'primary education (4th grade)');
INSERT INTO "Parent_Edu" VALUES (2,'5th to 9th grade');
INSERT INTO "Parent_Edu" VALUES (3,'secondary education');
INSERT INTO "Parent_Edu" VALUES (4,'higher education');
INSERT INTO "Parent_Job" VALUES ('at_home');
INSERT INTO "Parent_Job" VALUES ('health');
INSERT INTO "Parent_Job" VALUES ('other');
INSERT INTO "Parent_Job" VALUES ('services');
INSERT INTO "Parent_Job" VALUES ('teacher');
INSERT INTO "Family_Status" VALUES (1,4,4,'at_home','teacher');
INSERT INTO "Family_Status" VALUES (2,1,1,'at_home','other');
INSERT INTO "Family_Status" VALUES (3,1,1,'at_home','other');
INSERT INTO "Family_Status" VALUES (4,4,2,'health','services');
INSERT INTO "Family_Status" VALUES (5,3,3,'other','other');
INSERT INTO "Family_Status" VALUES (6,4,3,'services','other');
INSERT INTO "Family_Status" VALUES (7,2,2,'other','other');
INSERT INTO "Family_Status" VALUES (8,4,4,'other','teacher');
INSERT INTO "Family_Status" VALUES (9,3,2,'services','other');
INSERT INTO "Family_Status" VALUES (10,3,4,'other','other');
INSERT INTO "Family_Status" VALUES (11,4,4,'teacher','health');
INSERT INTO "Family_Status" VALUES (12,2,1,'services','other');
INSERT INTO "Family_Status" VALUES (13,4,4,'health','services');
INSERT INTO "Family_Status" VALUES (14,4,3,'teacher','other');
INSERT INTO "Family_Status" VALUES (15,2,2,'other','other');
INSERT INTO "Family_Status" VALUES (16,4,4,'health','other');
INSERT INTO "Family_Status" VALUES (17,4,4,'services','services');
INSERT INTO "Family_Status" VALUES (18,3,3,'other','other');
INSERT INTO "Family_Status" VALUES (19,3,2,'services','services');
INSERT INTO "Family_Status" VALUES (20,4,3,'health','other');
INSERT INTO "Family_Status" VALUES (21,4,3,'teacher','other');
INSERT INTO "Family_Status" VALUES (22,4,4,'health','health');
INSERT INTO "Family_Status" VALUES (23,4,2,'teacher','other');
INSERT INTO "Family_Status" VALUES (24,2,2,'other','other');
INSERT INTO "Family_Status" VALUES (25,2,4,'services','health');
INSERT INTO "Family_Status" VALUES (26,2,2,'services','services');
INSERT INTO "Family_Status" VALUES (27,2,2,'other','other');
INSERT INTO "Family_Status" VALUES (28,4,2,'health','services');
INSERT INTO "Family_Status" VALUES (29,3,4,'services','other');
INSERT INTO "Family_Status" VALUES (30,4,4,'teacher','teacher');
INSERT INTO "Family_Status" VALUES (31,4,4,'health','services');
INSERT INTO "Family_Status" VALUES (32,4,4,'services','services');
INSERT INTO "Family_Status" VALUES (33,4,3,'teacher','at_home');
INSERT INTO "Family_Status" VALUES (34,3,3,'other','other');
INSERT INTO "Family_Status" VALUES (35,3,2,'other','other');
INSERT INTO "Family_Status" VALUES (36,2,3,'other','other');
INSERT INTO "Family_Status" VALUES (37,4,3,'teacher','services');
INSERT INTO "Family_Status" VALUES (38,4,4,'other','teacher');
INSERT INTO "Family_Status" VALUES (39,3,4,'services','health');
INSERT INTO "Family_Status" VALUES (40,2,2,'at_home','other');
INSERT INTO "Family_Status" VALUES (41,2,2,'other','other');
INSERT INTO "Family_Status" VALUES (42,4,4,'teacher','other');
INSERT INTO "Family_Status" VALUES (43,4,4,'services','teacher');
INSERT INTO "Family_Status" VALUES (44,2,2,'services','services');
INSERT INTO "Family_Status" VALUES (45,2,2,'other','at_home');
INSERT INTO "Family_Status" VALUES (46,4,3,'other','other');
INSERT INTO "Family_Status" VALUES (47,3,3,'other','services');
INSERT INTO "Family_Status" VALUES (48,4,3,'health','services');
INSERT INTO "Family_Status" VALUES (49,4,2,'teacher','other');
INSERT INTO "Family_Status" VALUES (50,4,4,'services','teacher');
INSERT INTO "Family_Status" VALUES (51,2,2,'services','services');
INSERT INTO "Family_Status" VALUES (52,4,2,'health','other');
INSERT INTO "Family_Status" VALUES (53,4,2,'health','health');
INSERT INTO "Family_Status" VALUES (54,4,4,'services','services');
INSERT INTO "Family_Status" VALUES (55,3,3,'other','other');
INSERT INTO "Family_Status" VALUES (56,2,1,'other','other');
INSERT INTO "Family_Status" VALUES (57,4,3,'services','services');
INSERT INTO "Family_Status" VALUES (58,4,4,'teacher','health');
INSERT INTO "Family_Status" VALUES (59,1,2,'other','at_home');
INSERT INTO "Family_Status" VALUES (60,4,2,'services','other');
INSERT INTO "Family_Status" VALUES (61,4,4,'health','teacher');
INSERT INTO "Family_Status" VALUES (62,1,1,'services','services');
INSERT INTO "Family_Status" VALUES (63,1,2,'other','services');
INSERT INTO "Family_Status" VALUES (64,4,3,'teacher','health');
INSERT INTO "Family_Status" VALUES (65,4,3,'services','services');
INSERT INTO "Family_Status" VALUES (66,4,3,'teacher','services');
INSERT INTO "Family_Status" VALUES (67,4,4,'other','services');
INSERT INTO "Family_Status" VALUES (68,3,1,'services','other');
INSERT INTO "Family_Status" VALUES (69,2,2,'health','services');
INSERT INTO "Family_Status" VALUES (70,3,1,'other','other');
INSERT INTO "Family_Status" VALUES (71,3,1,'other','other');
INSERT INTO "Family_Status" VALUES (72,4,2,'other','other');
INSERT INTO "Family_Status" VALUES (73,1,1,'other','other');
INSERT INTO "Family_Status" VALUES (74,3,1,'other','other');
INSERT INTO "Family_Status" VALUES (75,3,3,'other','services');
INSERT INTO "Family_Status" VALUES (76,4,3,'teacher','other');
INSERT INTO "Family_Status" VALUES (77,4,0,'teacher','other');
INSERT INTO "Family_Status" VALUES (78,2,2,'other','other');
INSERT INTO "Family_Status" VALUES (79,2,1,'other','other');
INSERT INTO "Family_Status" VALUES (80,3,4,'at_home','other');
INSERT INTO "Family_Status" VALUES (81,2,3,'other','services');
INSERT INTO "Family_Status" VALUES (82,2,3,'other','other');
INSERT INTO "Family_Status" VALUES (83,3,2,'services','other');
INSERT INTO "Family_Status" VALUES (84,2,2,'services','services');
INSERT INTO "Family_Status" VALUES (85,1,1,'other','other');
INSERT INTO "Family_Status" VALUES (86,4,4,'services','services');
INSERT INTO "Family_Status" VALUES (87,2,2,'at_home','other');
INSERT INTO "Family_Status" VALUES (88,4,2,'other','other');
INSERT INTO "Family_Status" VALUES (89,2,2,'services','other');
INSERT INTO "Family_Status" VALUES (90,4,4,'teacher','health');
INSERT INTO "Family_Status" VALUES (91,3,3,'other','other');
INSERT INTO "Family_Status" VALUES (92,4,3,'services','other');
INSERT INTO "Family_Status" VALUES (93,3,1,'other','other');
INSERT INTO "Family_Status" VALUES (94,4,2,'teacher','services');
INSERT INTO "Family_Status" VALUES (95,2,2,'services','health');
INSERT INTO "Family_Status" VALUES (96,1,1,'at_home','other');
INSERT INTO "Family_Status" VALUES (97,4,3,'services','other');
INSERT INTO "Family_Status" VALUES (98,2,1,'other','other');
INSERT INTO "Family_Status" VALUES (99,4,4,'other','other');
INSERT INTO "Family_Status" VALUES (100,4,3,'other','at_home');
INSERT INTO "Family_Status" VALUES (101,4,4,'services','services');
INSERT INTO "Family_Status" VALUES (102,4,4,'services','teacher');
INSERT INTO "Family_Status" VALUES (103,4,4,'services','other');
INSERT INTO "Family_Status" VALUES (104,3,2,'services','other');
INSERT INTO "Family_Status" VALUES (105,3,4,'services','other');
INSERT INTO "Family_Status" VALUES (106,3,3,'other','health');
INSERT INTO "Family_Status" VALUES (107,2,2,'other','other');
INSERT INTO "Family_Status" VALUES (108,3,3,'services','other');
INSERT INTO "Family_Status" VALUES (109,4,4,'other','other');
INSERT INTO "Family_Status" VALUES (110,4,4,'health','health');
INSERT INTO "Family_Status" VALUES (111,4,4,'teacher','teacher');
INSERT INTO "Family_Status" VALUES (112,3,3,'services','other');
INSERT INTO "Family_Status" VALUES (113,2,2,'at_home','other');
INSERT INTO "Family_Status" VALUES (114,4,2,'teacher','other');
INSERT INTO "Family_Status" VALUES (115,2,1,'health','services');
INSERT INTO "Family_Status" VALUES (116,4,4,'teacher','teacher');
INSERT INTO "Family_Status" VALUES (117,4,4,'other','teacher');
INSERT INTO "Family_Status" VALUES (118,3,3,'other','services');
INSERT INTO "Family_Status" VALUES (119,1,3,'other','other');
INSERT INTO "Family_Status" VALUES (120,3,4,'other','other');
INSERT INTO "Family_Status" VALUES (121,1,2,'at_home','services');
INSERT INTO "Family_Status" VALUES (122,2,2,'services','services');
INSERT INTO "Family_Status" VALUES (123,2,4,'other','health');
INSERT INTO "Family_Status" VALUES (124,4,4,'health','other');
INSERT INTO "Family_Status" VALUES (125,2,2,'other','other');
INSERT INTO "Family_Status" VALUES (126,3,4,'services','services');
INSERT INTO "Family_Status" VALUES (127,3,4,'other','other');
INSERT INTO "Family_Status" VALUES (128,0,1,'at_home','other');
INSERT INTO "Family_Status" VALUES (129,2,2,'services','other');
INSERT INTO "Family_Status" VALUES (130,4,4,'teacher','teacher');
INSERT INTO "Family_Status" VALUES (131,3,4,'services','teacher');
INSERT INTO "Family_Status" VALUES (132,1,1,'at_home','other');
INSERT INTO "Family_Status" VALUES (133,2,2,'other','other');
INSERT INTO "Family_Status" VALUES (134,3,4,'services','other');
INSERT INTO "Family_Status" VALUES (135,3,4,'at_home','teacher');
INSERT INTO "Family_Status" VALUES (136,4,4,'services','at_home');
INSERT INTO "Family_Status" VALUES (137,3,4,'at_home','other');
INSERT INTO "Family_Status" VALUES (138,3,3,'other','other');
INSERT INTO "Family_Status" VALUES (139,1,1,'services','other');
INSERT INTO "Family_Status" VALUES (140,4,4,'teacher','teacher');
INSERT INTO "Family_Status" VALUES (141,4,3,'teacher','services');
INSERT INTO "Family_Status" VALUES (142,2,2,'services','services');
INSERT INTO "Family_Status" VALUES (143,4,4,'teacher','services');
INSERT INTO "Family_Status" VALUES (144,1,1,'at_home','at_home');
INSERT INTO "Family_Status" VALUES (145,2,1,'other','other');
INSERT INTO "Family_Status" VALUES (146,1,1,'other','services');
INSERT INTO "Family_Status" VALUES (147,3,2,'health','services');
INSERT INTO "Family_Status" VALUES (148,1,2,'at_home','other');
INSERT INTO "Family_Status" VALUES (149,4,4,'teacher','teacher');
INSERT INTO "Family_Status" VALUES (150,2,1,'services','other');
INSERT INTO "Family_Status" VALUES (151,1,1,'other','other');
INSERT INTO "Family_Status" VALUES (152,2,1,'at_home','other');
INSERT INTO "Family_Status" VALUES (153,3,3,'services','services');
INSERT INTO "Family_Status" VALUES (154,3,2,'services','at_home');
INSERT INTO "Family_Status" VALUES (155,4,4,'other','teacher');
INSERT INTO "Family_Status" VALUES (156,2,3,'at_home','services');
INSERT INTO "Family_Status" VALUES (157,1,2,'other','other');
INSERT INTO "Family_Status" VALUES (158,1,1,'at_home','other');
INSERT INTO "Family_Status" VALUES (159,2,2,'at_home','other');
INSERT INTO "Family_Status" VALUES (160,3,3,'other','services');
INSERT INTO "Family_Status" VALUES (161,2,1,'at_home','other');
INSERT INTO "Family_Status" VALUES (162,3,2,'other','other');
INSERT INTO "Family_Status" VALUES (163,1,2,'other','other');
INSERT INTO "Family_Status" VALUES (164,1,3,'at_home','services');
INSERT INTO "Family_Status" VALUES (165,1,1,'other','services');
INSERT INTO "Family_Status" VALUES (166,3,2,'services','services');
INSERT INTO "Family_Status" VALUES (167,2,2,'other','other');
INSERT INTO "Family_Status" VALUES (168,4,2,'health','services');
INSERT INTO "Family_Status" VALUES (169,2,2,'other','other');
INSERT INTO "Family_Status" VALUES (170,4,4,'health','health');
INSERT INTO "Family_Status" VALUES (171,3,4,'other','other');
INSERT INTO "Family_Status" VALUES (172,1,0,'other','other');
INSERT INTO "Family_Status" VALUES (173,4,4,'teacher','other');
INSERT INTO "Family_Status" VALUES (174,1,3,'at_home','services');
INSERT INTO "Family_Status" VALUES (175,3,3,'other','other');
INSERT INTO "Family_Status" VALUES (176,4,3,'teacher','other');
INSERT INTO "Family_Status" VALUES (177,2,2,'services','other');
INSERT INTO "Family_Status" VALUES (178,3,3,'other','other');
INSERT INTO "Family_Status" VALUES (179,4,2,'teacher','services');
INSERT INTO "Family_Status" VALUES (180,4,3,'other','other');
INSERT INTO "Family_Status" VALUES (181,4,3,'teacher','other');
INSERT INTO "Family_Status" VALUES (182,3,3,'services','other');
INSERT INTO "Family_Status" VALUES (183,2,4,'services','services');
INSERT INTO "Family_Status" VALUES (184,3,3,'other','other');
INSERT INTO "Family_Status" VALUES (185,3,2,'other','other');
INSERT INTO "Family_Status" VALUES (186,3,3,'services','services');
INSERT INTO "Family_Status" VALUES (187,1,2,'services','services');
INSERT INTO "Family_Status" VALUES (188,2,1,'other','other');
INSERT INTO "Family_Status" VALUES (189,3,3,'health','other');
INSERT INTO "Family_Status" VALUES (190,1,2,'at_home','other');
INSERT INTO "Family_Status" VALUES (191,2,3,'services','services');
INSERT INTO "Family_Status" VALUES (192,1,1,'at_home','services');
INSERT INTO "Family_Status" VALUES (193,1,2,'at_home','services');
INSERT INTO "Family_Status" VALUES (194,3,3,'services','services');
INSERT INTO "Family_Status" VALUES (195,2,3,'other','other');
INSERT INTO "Family_Status" VALUES (196,2,4,'services','services');
INSERT INTO "Family_Status" VALUES (197,4,4,'services','teacher');
INSERT INTO "Family_Status" VALUES (198,3,3,'teacher','other');
INSERT INTO "Family_Status" VALUES (199,4,4,'services','teacher');
INSERT INTO "Family_Status" VALUES (200,4,4,'teacher','teacher');
INSERT INTO "Family_Status" VALUES (201,4,3,'health','other');
INSERT INTO "Family_Status" VALUES (202,2,3,'other','other');
INSERT INTO "Family_Status" VALUES (203,1,1,'other','other');
INSERT INTO "Family_Status" VALUES (204,2,2,'other','other');
INSERT INTO "Family_Status" VALUES (205,2,2,'services','services');
INSERT INTO "Family_Status" VALUES (206,3,4,'at_home','services');
INSERT INTO "Family_Status" VALUES (207,3,1,'services','other');
INSERT INTO "Family_Status" VALUES (208,4,3,'teacher','other');
INSERT INTO "Family_Status" VALUES (209,1,1,'at_home','other');
INSERT INTO "Family_Status" VALUES (210,4,3,'teacher','other');
INSERT INTO "Family_Status" VALUES (211,3,3,'other','other');
INSERT INTO "Family_Status" VALUES (212,4,4,'services','other');
INSERT INTO "Family_Status" VALUES (213,2,2,'other','other');
INSERT INTO "Family_Status" VALUES (214,2,2,'services','other');
INSERT INTO "Family_Status" VALUES (215,4,4,'services','other');
INSERT INTO "Family_Status" VALUES (216,3,2,'other','other');
INSERT INTO "Family_Status" VALUES (217,4,3,'other','other');
INSERT INTO "Family_Status" VALUES (218,3,3,'services','health');
INSERT INTO "Family_Status" VALUES (219,2,3,'at_home','other');
INSERT INTO "Family_Status" VALUES (220,2,2,'at_home','at_home');
INSERT INTO "Family_Status" VALUES (221,2,1,'at_home','services');
INSERT INTO "Family_Status" VALUES (222,1,1,'at_home','other');
INSERT INTO "Family_Status" VALUES (223,2,3,'services','teacher');
INSERT INTO "Family_Status" VALUES (224,2,2,'other','other');
INSERT INTO "Family_Status" VALUES (225,4,4,'teacher','services');
INSERT INTO "Family_Status" VALUES (226,3,1,'other','other');
INSERT INTO "Family_Status" VALUES (227,3,2,'other','other');
INSERT INTO "Family_Status" VALUES (228,2,3,'services','services');
INSERT INTO "Family_Status" VALUES (229,2,1,'at_home','other');
INSERT INTO "Family_Status" VALUES (230,2,1,'other','other');
INSERT INTO "Family_Status" VALUES (231,4,3,'health','other');
INSERT INTO "Family_Status" VALUES (232,2,2,'other','other');
INSERT INTO "Family_Status" VALUES (233,4,4,'teacher','teacher');
INSERT INTO "Family_Status" VALUES (234,4,4,'health','other');
INSERT INTO "Family_Status" VALUES (235,1,1,'other','other');
INSERT INTO "Family_Status" VALUES (236,3,2,'at_home','other');
INSERT INTO "Family_Status" VALUES (237,2,2,'other','other');
INSERT INTO "Family_Status" VALUES (238,2,1,'other','other');
INSERT INTO "Family_Status" VALUES (239,2,1,'at_home','services');
INSERT INTO "Family_Status" VALUES (240,2,2,'other','services');
INSERT INTO "Family_Status" VALUES (241,4,3,'health','other');
INSERT INTO "Family_Status" VALUES (242,4,4,'teacher','other');
INSERT INTO "Family_Status" VALUES (243,4,3,'teacher','other');
INSERT INTO "Family_Status" VALUES (244,4,4,'services','services');
INSERT INTO "Family_Status" VALUES (245,2,1,'other','other');
INSERT INTO "Family_Status" VALUES (246,2,1,'other','other');
INSERT INTO "Family_Status" VALUES (247,2,3,'other','other');
INSERT INTO "Family_Status" VALUES (248,3,1,'services','services');
INSERT INTO "Family_Status" VALUES (249,3,3,'other','services');
INSERT INTO "Family_Status" VALUES (250,0,2,'other','other');
INSERT INTO "Family_Status" VALUES (251,3,2,'services','other');
INSERT INTO "Family_Status" VALUES (252,3,3,'at_home','other');
INSERT INTO "Family_Status" VALUES (253,2,1,'services','services');
INSERT INTO "Family_Status" VALUES (254,2,1,'other','other');
INSERT INTO "Family_Status" VALUES (255,2,1,'other','other');
INSERT INTO "Family_Status" VALUES (256,1,1,'health','other');
INSERT INTO "Family_Status" VALUES (257,4,2,'teacher','services');
INSERT INTO "Family_Status" VALUES (258,4,3,'services','at_home');
INSERT INTO "Family_Status" VALUES (259,2,1,'other','other');
INSERT INTO "Family_Status" VALUES (260,2,2,'services','services');
INSERT INTO "Family_Status" VALUES (261,4,3,'services','other');
INSERT INTO "Family_Status" VALUES (262,4,3,'teacher','other');
INSERT INTO "Family_Status" VALUES (263,3,2,'other','other');
INSERT INTO "Family_Status" VALUES (264,3,3,'other','other');
INSERT INTO "Family_Status" VALUES (265,2,2,'at_home','services');
INSERT INTO "Family_Status" VALUES (266,3,4,'other','other');
INSERT INTO "Family_Status" VALUES (267,3,1,'services','other');
INSERT INTO "Family_Status" VALUES (268,4,4,'teacher','other');
INSERT INTO "Family_Status" VALUES (269,4,2,'health','other');
INSERT INTO "Family_Status" VALUES (270,2,1,'other','other');
INSERT INTO "Family_Status" VALUES (271,3,3,'other','services');
INSERT INTO "Family_Status" VALUES (272,2,3,'other','services');
INSERT INTO "Family_Status" VALUES (273,1,1,'other','other');
INSERT INTO "Family_Status" VALUES (274,1,2,'at_home','at_home');
INSERT INTO "Family_Status" VALUES (275,2,4,'at_home','health');
INSERT INTO "Family_Status" VALUES (276,2,2,'services','other');
INSERT INTO "Family_Status" VALUES (277,3,2,'other','services');
INSERT INTO "Family_Status" VALUES (278,4,4,'teacher','services');
INSERT INTO "Family_Status" VALUES (279,4,4,'health','health');
INSERT INTO "Family_Status" VALUES (280,4,3,'teacher','services');
INSERT INTO "Family_Status" VALUES (281,4,1,'services','other');
INSERT INTO "Family_Status" VALUES (282,3,2,'teacher','services');
INSERT INTO "Family_Status" VALUES (283,1,1,'at_home','other');
INSERT INTO "Family_Status" VALUES (284,1,1,'other','other');
INSERT INTO "Family_Status" VALUES (285,2,2,'other','other');
INSERT INTO "Family_Status" VALUES (286,1,1,'other','other');
INSERT INTO "Family_Status" VALUES (287,2,2,'at_home','at_home');
INSERT INTO "Family_Status" VALUES (288,1,1,'services','teacher');
INSERT INTO "Family_Status" VALUES (289,2,1,'services','services');
INSERT INTO "Family_Status" VALUES (290,4,4,'teacher','teacher');
INSERT INTO "Family_Status" VALUES (291,4,2,'teacher','other');
INSERT INTO "Family_Status" VALUES (292,4,3,'health','services');
INSERT INTO "Family_Status" VALUES (293,2,1,'services','at_home');
INSERT INTO "Family_Status" VALUES (294,3,1,'services','other');
INSERT INTO "Family_Status" VALUES (295,3,2,'services','other');
INSERT INTO "Family_Status" VALUES (296,3,3,'health','other');
INSERT INTO "Family_Status" VALUES (297,4,4,'health','other');
INSERT INTO "Family_Status" VALUES (298,4,3,'other','other');
INSERT INTO "Family_Status" VALUES (299,4,3,'other','other');
INSERT INTO "Family_Status" VALUES (300,4,4,'teacher','teacher');
INSERT INTO "Family_Status" VALUES (301,4,4,'health','other');
INSERT INTO "Family_Status" VALUES (302,4,4,'other','teacher');
INSERT INTO "Family_Status" VALUES (303,4,2,'other','other');
INSERT INTO "Family_Status" VALUES (304,3,2,'health','health');
INSERT INTO "Family_Status" VALUES (305,3,3,'other','other');
INSERT INTO "Family_Status" VALUES (306,2,4,'services','at_home');
INSERT INTO "Family_Status" VALUES (307,3,2,'services','other');
INSERT INTO "Family_Status" VALUES (308,4,4,'teacher','services');
INSERT INTO "Family_Status" VALUES (309,3,3,'other','services');
INSERT INTO "Family_Status" VALUES (310,1,1,'at_home','other');
INSERT INTO "Family_Status" VALUES (311,1,2,'services','services');
INSERT INTO "Family_Status" VALUES (312,2,1,'at_home','other');
INSERT INTO "Family_Status" VALUES (313,1,2,'other','services');
INSERT INTO "Family_Status" VALUES (314,3,2,'services','other');
INSERT INTO "Family_Status" VALUES (315,1,1,'at_home','health');
INSERT INTO "Family_Status" VALUES (316,2,3,'other','other');
INSERT INTO "Family_Status" VALUES (317,2,1,'services','other');
INSERT INTO "Family_Status" VALUES (318,4,3,'other','other');
INSERT INTO "Family_Status" VALUES (319,3,4,'at_home','services');
INSERT INTO "Family_Status" VALUES (320,4,4,'teacher','other');
INSERT INTO "Family_Status" VALUES (321,4,3,'services','services');
INSERT INTO "Family_Status" VALUES (322,2,2,'other','other');
INSERT INTO "Family_Status" VALUES (323,2,2,'services','services');
INSERT INTO "Family_Status" VALUES (324,3,1,'services','services');
INSERT INTO "Family_Status" VALUES (325,0,2,'at_home','at_home');
INSERT INTO "Family_Status" VALUES (326,4,4,'other','other');
INSERT INTO "Family_Status" VALUES (327,3,3,'other','services');
INSERT INTO "Family_Status" VALUES (328,2,2,'services','other');
INSERT INTO "Family_Status" VALUES (329,4,4,'teacher','services');
INSERT INTO "Family_Status" VALUES (330,4,4,'teacher','teacher');
INSERT INTO "Family_Status" VALUES (331,2,2,'other','other');
INSERT INTO "Family_Status" VALUES (332,2,4,'at_home','other');
INSERT INTO "Family_Status" VALUES (333,3,3,'services','services');
INSERT INTO "Family_Status" VALUES (334,2,2,'other','other');
INSERT INTO "Family_Status" VALUES (335,2,2,'at_home','other');
INSERT INTO "Family_Status" VALUES (336,3,4,'services','other');
INSERT INTO "Family_Status" VALUES (337,3,1,'services','at_home');
INSERT INTO "Family_Status" VALUES (338,3,2,'other','other');
INSERT INTO "Family_Status" VALUES (339,3,3,'services','services');
INSERT INTO "Family_Status" VALUES (340,3,2,'other','other');
INSERT INTO "Family_Status" VALUES (341,2,1,'services','services');
INSERT INTO "Family_Status" VALUES (342,4,4,'teacher','services');
INSERT INTO "Family_Status" VALUES (343,3,4,'services','other');
INSERT INTO "Family_Status" VALUES (344,2,2,'at_home','at_home');
INSERT INTO "Family_Status" VALUES (345,2,3,'at_home','other');
INSERT INTO "Family_Status" VALUES (346,3,2,'other','services');
INSERT INTO "Family_Status" VALUES (347,4,3,'teacher','services');
INSERT INTO "Family_Status" VALUES (348,4,3,'teacher','other');
INSERT INTO "Family_Status" VALUES (349,4,3,'health','other');
INSERT INTO "Family_Status" VALUES (350,3,2,'other','other');
INSERT INTO "Family_Status" VALUES (351,1,1,'other','services');
INSERT INTO "Family_Status" VALUES (352,3,3,'health','other');
INSERT INTO "Family_Status" VALUES (353,1,3,'at_home','services');
INSERT INTO "Family_Status" VALUES (354,1,1,'other','other');
INSERT INTO "Family_Status" VALUES (355,4,3,'services','other');
INSERT INTO "Family_Status" VALUES (356,3,3,'services','services');
INSERT INTO "Family_Status" VALUES (357,4,4,'teacher','services');
INSERT INTO "Family_Status" VALUES (358,3,2,'services','other');
INSERT INTO "Family_Status" VALUES (359,1,1,'other','services');
INSERT INTO "Family_Status" VALUES (360,1,1,'at_home','services');
INSERT INTO "Family_Status" VALUES (361,1,4,'at_home','other');
INSERT INTO "Family_Status" VALUES (362,1,1,'at_home','other');
INSERT INTO "Family_Status" VALUES (363,3,3,'services','services');
INSERT INTO "Family_Status" VALUES (364,4,4,'at_home','at_home');
INSERT INTO "Family_Status" VALUES (365,1,2,'other','services');
INSERT INTO "Family_Status" VALUES (366,1,3,'at_home','other');
INSERT INTO "Family_Status" VALUES (367,4,4,'teacher','services');
INSERT INTO "Family_Status" VALUES (368,1,1,'other','services');
INSERT INTO "Family_Status" VALUES (369,2,3,'at_home','services');
INSERT INTO "Family_Status" VALUES (370,4,4,'other','teacher');
INSERT INTO "Family_Status" VALUES (371,3,2,'services','services');
INSERT INTO "Family_Status" VALUES (372,1,2,'at_home','services');
INSERT INTO "Family_Status" VALUES (373,2,2,'other','at_home');
INSERT INTO "Family_Status" VALUES (374,1,2,'other','other');
INSERT INTO "Family_Status" VALUES (375,4,4,'other','other');
INSERT INTO "Family_Status" VALUES (376,1,1,'other','other');
INSERT INTO "Family_Status" VALUES (377,4,2,'health','other');
INSERT INTO "Family_Status" VALUES (378,4,4,'teacher','services');
INSERT INTO "Family_Status" VALUES (379,3,3,'other','other');
INSERT INTO "Family_Status" VALUES (380,3,1,'at_home','other');
INSERT INTO "Family_Status" VALUES (381,4,4,'teacher','teacher');
INSERT INTO "Family_Status" VALUES (382,2,1,'other','other');
INSERT INTO "Family_Status" VALUES (383,2,3,'other','services');
INSERT INTO "Family_Status" VALUES (384,1,1,'other','services');
INSERT INTO "Family_Status" VALUES (385,4,2,'other','other');
INSERT INTO "Family_Status" VALUES (386,2,2,'at_home','other');
INSERT INTO "Family_Status" VALUES (387,4,4,'teacher','at_home');
INSERT INTO "Family_Status" VALUES (388,2,3,'services','other');
INSERT INTO "Family_Status" VALUES (389,3,1,'teacher','services');
INSERT INTO "Family_Status" VALUES (390,1,1,'other','other');
INSERT INTO "Family_Status" VALUES (391,2,2,'services','services');
INSERT INTO "Family_Status" VALUES (392,3,1,'services','services');
INSERT INTO "Family_Status" VALUES (393,1,1,'other','other');
INSERT INTO "Family_Status" VALUES (394,3,2,'services','other');
INSERT INTO "Family_Status" VALUES (395,1,1,'other','at_home');
INSERT INTO "Family_Status" VALUES (396,4,4,'at_home','teacher');
INSERT INTO "Family_Status" VALUES (397,1,1,'at_home','other');
INSERT INTO "Family_Status" VALUES (398,1,1,'at_home','other');
INSERT INTO "Family_Status" VALUES (399,4,2,'health','services');
INSERT INTO "Family_Status" VALUES (400,3,3,'other','other');
INSERT INTO "Family_Status" VALUES (401,4,3,'services','other');
INSERT INTO "Family_Status" VALUES (402,2,2,'other','other');
INSERT INTO "Family_Status" VALUES (403,4,4,'other','teacher');
INSERT INTO "Family_Status" VALUES (404,3,2,'services','other');
INSERT INTO "Family_Status" VALUES (405,3,4,'other','other');
INSERT INTO "Family_Status" VALUES (406,4,4,'teacher','health');
INSERT INTO "Family_Status" VALUES (407,2,1,'services','other');
INSERT INTO "Family_Status" VALUES (408,4,4,'health','services');
INSERT INTO "Family_Status" VALUES (409,4,3,'teacher','other');
INSERT INTO "Family_Status" VALUES (410,2,2,'other','other');
INSERT INTO "Family_Status" VALUES (411,4,4,'health','other');
INSERT INTO "Family_Status" VALUES (412,4,4,'services','services');
INSERT INTO "Family_Status" VALUES (413,3,3,'other','other');
INSERT INTO "Family_Status" VALUES (414,3,2,'services','services');
INSERT INTO "Family_Status" VALUES (415,4,3,'health','other');
INSERT INTO "Family_Status" VALUES (416,4,3,'teacher','other');
INSERT INTO "Family_Status" VALUES (417,4,4,'health','health');
INSERT INTO "Family_Status" VALUES (418,4,2,'teacher','other');
INSERT INTO "Family_Status" VALUES (419,2,2,'other','other');
INSERT INTO "Family_Status" VALUES (420,2,4,'services','health');
INSERT INTO "Family_Status" VALUES (421,2,2,'services','services');
INSERT INTO "Family_Status" VALUES (422,2,2,'other','other');
INSERT INTO "Family_Status" VALUES (423,4,2,'health','services');
INSERT INTO "Family_Status" VALUES (424,3,4,'services','other');
INSERT INTO "Family_Status" VALUES (425,4,4,'teacher','teacher');
INSERT INTO "Family_Status" VALUES (426,4,4,'health','services');
INSERT INTO "Family_Status" VALUES (427,4,4,'services','services');
INSERT INTO "Family_Status" VALUES (428,4,3,'teacher','at_home');
INSERT INTO "Family_Status" VALUES (429,3,3,'other','other');
INSERT INTO "Family_Status" VALUES (430,3,2,'other','other');
INSERT INTO "Family_Status" VALUES (431,2,3,'other','other');
INSERT INTO "Family_Status" VALUES (432,4,3,'teacher','services');
INSERT INTO "Family_Status" VALUES (433,4,4,'other','teacher');
INSERT INTO "Family_Status" VALUES (434,3,4,'services','health');
INSERT INTO "Family_Status" VALUES (435,2,2,'at_home','other');
INSERT INTO "Family_Status" VALUES (436,2,2,'other','other');
INSERT INTO "Family_Status" VALUES (437,4,4,'teacher','other');
INSERT INTO "Family_Status" VALUES (438,4,4,'services','teacher');
INSERT INTO "Family_Status" VALUES (439,2,2,'services','services');
INSERT INTO "Family_Status" VALUES (440,2,2,'other','at_home');
INSERT INTO "Family_Status" VALUES (441,4,3,'other','other');
INSERT INTO "Family_Status" VALUES (442,3,3,'other','services');
INSERT INTO "Family_Status" VALUES (443,4,3,'health','services');
INSERT INTO "Family_Status" VALUES (444,4,2,'teacher','other');
INSERT INTO "Family_Status" VALUES (445,4,4,'services','teacher');
INSERT INTO "Family_Status" VALUES (446,2,2,'services','services');
INSERT INTO "Family_Status" VALUES (447,4,2,'health','other');
INSERT INTO "Family_Status" VALUES (448,4,2,'health','health');
INSERT INTO "Family_Status" VALUES (449,4,4,'services','services');
INSERT INTO "Family_Status" VALUES (450,3,3,'other','other');
INSERT INTO "Family_Status" VALUES (451,2,1,'other','other');
INSERT INTO "Family_Status" VALUES (452,4,3,'services','services');
INSERT INTO "Family_Status" VALUES (453,4,4,'teacher','health');
INSERT INTO "Family_Status" VALUES (454,1,2,'other','at_home');
INSERT INTO "Family_Status" VALUES (455,4,2,'services','other');
INSERT INTO "Family_Status" VALUES (456,4,4,'health','teacher');
INSERT INTO "Family_Status" VALUES (457,1,1,'services','services');
INSERT INTO "Family_Status" VALUES (458,1,2,'other','services');
INSERT INTO "Family_Status" VALUES (459,4,3,'teacher','health');
INSERT INTO "Family_Status" VALUES (460,4,3,'services','services');
INSERT INTO "Family_Status" VALUES (461,4,3,'teacher','services');
INSERT INTO "Family_Status" VALUES (462,4,4,'other','services');
INSERT INTO "Family_Status" VALUES (463,3,1,'services','other');
INSERT INTO "Family_Status" VALUES (464,2,2,'health','services');
INSERT INTO "Family_Status" VALUES (465,3,1,'other','other');
INSERT INTO "Family_Status" VALUES (466,3,1,'other','other');
INSERT INTO "Family_Status" VALUES (467,4,2,'other','other');
INSERT INTO "Family_Status" VALUES (468,1,1,'other','other');
INSERT INTO "Family_Status" VALUES (469,3,1,'other','other');
INSERT INTO "Family_Status" VALUES (470,3,3,'other','services');
INSERT INTO "Family_Status" VALUES (471,4,3,'teacher','other');
INSERT INTO "Family_Status" VALUES (472,4,0,'teacher','other');
INSERT INTO "Family_Status" VALUES (473,2,2,'other','other');
INSERT INTO "Family_Status" VALUES (474,2,1,'other','other');
INSERT INTO "Family_Status" VALUES (475,3,4,'at_home','other');
INSERT INTO "Family_Status" VALUES (476,2,3,'other','services');
INSERT INTO "Family_Status" VALUES (477,2,3,'other','other');
INSERT INTO "Family_Status" VALUES (478,3,2,'services','other');
INSERT INTO "Family_Status" VALUES (479,2,2,'services','services');
INSERT INTO "Family_Status" VALUES (480,1,1,'other','other');
INSERT INTO "Family_Status" VALUES (481,4,4,'services','services');
INSERT INTO "Family_Status" VALUES (482,2,2,'at_home','other');
INSERT INTO "Family_Status" VALUES (483,4,2,'other','other');
INSERT INTO "Family_Status" VALUES (484,2,2,'services','other');
INSERT INTO "Family_Status" VALUES (485,4,4,'teacher','health');
INSERT INTO "Family_Status" VALUES (486,3,3,'other','other');
INSERT INTO "Family_Status" VALUES (487,4,3,'services','other');
INSERT INTO "Family_Status" VALUES (488,3,1,'other','other');
INSERT INTO "Family_Status" VALUES (489,4,2,'teacher','services');
INSERT INTO "Family_Status" VALUES (490,2,2,'services','health');
INSERT INTO "Family_Status" VALUES (491,1,1,'at_home','other');
INSERT INTO "Family_Status" VALUES (492,4,3,'services','other');
INSERT INTO "Family_Status" VALUES (493,2,1,'other','other');
INSERT INTO "Family_Status" VALUES (494,4,4,'other','other');
INSERT INTO "Family_Status" VALUES (495,4,3,'other','at_home');
INSERT INTO "Family_Status" VALUES (496,4,4,'services','services');
INSERT INTO "Family_Status" VALUES (497,4,4,'services','teacher');
INSERT INTO "Family_Status" VALUES (498,4,4,'services','other');
INSERT INTO "Family_Status" VALUES (499,3,2,'services','other');
INSERT INTO "Family_Status" VALUES (500,3,4,'services','other');
INSERT INTO "Family_Status" VALUES (501,3,3,'other','health');
INSERT INTO "Family_Status" VALUES (502,2,2,'other','other');
INSERT INTO "Family_Status" VALUES (503,3,3,'services','other');
INSERT INTO "Family_Status" VALUES (504,4,4,'other','other');
INSERT INTO "Family_Status" VALUES (505,4,4,'health','health');
INSERT INTO "Family_Status" VALUES (506,4,4,'teacher','teacher');
INSERT INTO "Family_Status" VALUES (507,3,3,'services','other');
INSERT INTO "Family_Status" VALUES (508,2,2,'at_home','other');
INSERT INTO "Family_Status" VALUES (509,4,2,'teacher','other');
INSERT INTO "Family_Status" VALUES (510,2,1,'health','services');
INSERT INTO "Family_Status" VALUES (511,4,4,'teacher','teacher');
INSERT INTO "Family_Status" VALUES (512,4,4,'other','teacher');
INSERT INTO "Family_Status" VALUES (513,3,3,'other','services');
INSERT INTO "Family_Status" VALUES (514,1,3,'other','other');
INSERT INTO "Family_Status" VALUES (515,3,4,'other','other');
INSERT INTO "Family_Status" VALUES (516,1,2,'at_home','services');
INSERT INTO "Family_Status" VALUES (517,2,2,'services','services');
INSERT INTO "Family_Status" VALUES (518,2,4,'other','health');
INSERT INTO "Family_Status" VALUES (519,4,4,'health','other');
INSERT INTO "Family_Status" VALUES (520,2,2,'other','other');
INSERT INTO "Family_Status" VALUES (521,3,4,'services','services');
INSERT INTO "Family_Status" VALUES (522,3,4,'other','other');
INSERT INTO "Family_Status" VALUES (523,0,1,'at_home','other');
INSERT INTO "Family_Status" VALUES (524,4,4,'teacher','teacher');
INSERT INTO "Family_Status" VALUES (525,2,3,'other','other');
INSERT INTO "Family_Status" VALUES (526,3,4,'services','teacher');
INSERT INTO "Family_Status" VALUES (527,2,1,'services','other');
INSERT INTO "Family_Status" VALUES (528,2,1,'other','other');
INSERT INTO "Family_Status" VALUES (529,1,1,'at_home','other');
INSERT INTO "Family_Status" VALUES (530,2,2,'other','other');
INSERT INTO "Family_Status" VALUES (531,3,4,'services','other');
INSERT INTO "Family_Status" VALUES (532,2,1,'at_home','other');
INSERT INTO "Family_Status" VALUES (533,2,2,'other','other');
INSERT INTO "Family_Status" VALUES (534,3,4,'at_home','teacher');
INSERT INTO "Family_Status" VALUES (535,4,4,'services','at_home');
INSERT INTO "Family_Status" VALUES (536,3,4,'at_home','other');
INSERT INTO "Family_Status" VALUES (537,1,1,'at_home','other');
INSERT INTO "Family_Status" VALUES (538,3,1,'services','services');
INSERT INTO "Family_Status" VALUES (539,3,2,'other','services');
INSERT INTO "Family_Status" VALUES (540,1,1,'other','services');
INSERT INTO "Family_Status" VALUES (541,3,3,'other','other');
INSERT INTO "Family_Status" VALUES (542,1,1,'services','other');
INSERT INTO "Family_Status" VALUES (543,4,4,'teacher','teacher');
INSERT INTO "Family_Status" VALUES (544,1,1,'other','other');
INSERT INTO "Family_Status" VALUES (545,4,3,'teacher','services');
INSERT INTO "Family_Status" VALUES (546,3,3,'services','services');
INSERT INTO "Family_Status" VALUES (547,4,4,'services','services');
INSERT INTO "Family_Status" VALUES (548,2,2,'services','services');
INSERT INTO "Family_Status" VALUES (549,4,4,'teacher','services');
INSERT INTO "Family_Status" VALUES (550,1,1,'at_home','at_home');
INSERT INTO "Family_Status" VALUES (551,2,1,'other','other');
INSERT INTO "Family_Status" VALUES (552,1,1,'other','services');
INSERT INTO "Family_Status" VALUES (553,2,1,'at_home','other');
INSERT INTO "Family_Status" VALUES (554,3,2,'health','services');
INSERT INTO "Family_Status" VALUES (555,1,2,'at_home','other');
INSERT INTO "Family_Status" VALUES (556,1,2,'at_home','services');
INSERT INTO "Family_Status" VALUES (557,4,4,'teacher','teacher');
INSERT INTO "Family_Status" VALUES (558,2,1,'services','other');
INSERT INTO "Family_Status" VALUES (559,1,1,'other','other');
INSERT INTO "Family_Status" VALUES (560,2,1,'at_home','other');
INSERT INTO "Family_Status" VALUES (561,3,3,'services','services');
INSERT INTO "Family_Status" VALUES (562,3,2,'services','at_home');
INSERT INTO "Family_Status" VALUES (563,4,4,'other','teacher');
INSERT INTO "Family_Status" VALUES (564,2,3,'at_home','services');
INSERT INTO "Family_Status" VALUES (565,1,2,'other','other');
INSERT INTO "Family_Status" VALUES (566,1,1,'at_home','other');
INSERT INTO "Family_Status" VALUES (567,2,2,'at_home','other');
INSERT INTO "Family_Status" VALUES (568,3,3,'other','services');
INSERT INTO "Family_Status" VALUES (569,1,2,'health','services');
INSERT INTO "Family_Status" VALUES (570,2,1,'at_home','other');
INSERT INTO "Family_Status" VALUES (571,3,2,'other','other');
INSERT INTO "Family_Status" VALUES (572,1,2,'other','other');
INSERT INTO "Family_Status" VALUES (573,1,3,'at_home','services');
INSERT INTO "Family_Status" VALUES (574,1,1,'other','services');
INSERT INTO "Family_Status" VALUES (575,3,2,'services','services');
INSERT INTO "Family_Status" VALUES (576,2,2,'other','other');
INSERT INTO "Family_Status" VALUES (577,4,2,'health','services');
INSERT INTO "Family_Status" VALUES (578,2,2,'other','other');
INSERT INTO "Family_Status" VALUES (579,4,4,'health','health');
INSERT INTO "Family_Status" VALUES (580,3,4,'other','other');
INSERT INTO "Family_Status" VALUES (581,1,0,'other','other');
INSERT INTO "Family_Status" VALUES (582,4,4,'teacher','other');
INSERT INTO "Family_Status" VALUES (583,1,3,'at_home','services');
INSERT INTO "Family_Status" VALUES (584,3,3,'other','other');
INSERT INTO "Family_Status" VALUES (585,4,3,'teacher','other');
INSERT INTO "Family_Status" VALUES (586,2,2,'services','other');
INSERT INTO "Family_Status" VALUES (587,3,3,'other','other');
INSERT INTO "Family_Status" VALUES (588,4,2,'teacher','services');
INSERT INTO "Family_Status" VALUES (589,4,3,'other','other');
INSERT INTO "Family_Status" VALUES (590,4,3,'teacher','other');
INSERT INTO "Family_Status" VALUES (591,3,3,'services','other');
INSERT INTO "Family_Status" VALUES (592,2,4,'services','services');
INSERT INTO "Family_Status" VALUES (593,3,3,'other','other');
INSERT INTO "Family_Status" VALUES (594,3,2,'other','other');
INSERT INTO "Family_Status" VALUES (595,3,3,'services','services');
INSERT INTO "Family_Status" VALUES (596,1,2,'services','services');
INSERT INTO "Family_Status" VALUES (597,2,1,'other','other');
INSERT INTO "Family_Status" VALUES (598,3,3,'health','other');
INSERT INTO "Family_Status" VALUES (599,1,2,'at_home','other');
INSERT INTO "Family_Status" VALUES (600,2,3,'services','services');
INSERT INTO "Family_Status" VALUES (601,1,1,'at_home','services');
INSERT INTO "Family_Status" VALUES (602,1,2,'at_home','services');
INSERT INTO "Family_Status" VALUES (603,3,3,'services','services');
INSERT INTO "Family_Status" VALUES (604,2,3,'other','other');
INSERT INTO "Family_Status" VALUES (605,2,4,'services','services');
INSERT INTO "Family_Status" VALUES (606,4,4,'services','teacher');
INSERT INTO "Family_Status" VALUES (607,3,3,'teacher','other');
INSERT INTO "Family_Status" VALUES (608,4,4,'services','teacher');
INSERT INTO "Family_Status" VALUES (609,4,4,'teacher','teacher');
INSERT INTO "Family_Status" VALUES (610,4,3,'health','other');
INSERT INTO "Family_Status" VALUES (611,2,3,'other','other');
INSERT INTO "Family_Status" VALUES (612,1,1,'other','other');
INSERT INTO "Family_Status" VALUES (613,2,2,'other','other');
INSERT INTO "Family_Status" VALUES (614,2,2,'services','services');
INSERT INTO "Family_Status" VALUES (615,3,4,'at_home','services');
INSERT INTO "Family_Status" VALUES (616,3,1,'services','other');
INSERT INTO "Family_Status" VALUES (617,4,3,'teacher','other');
INSERT INTO "Family_Status" VALUES (618,1,1,'at_home','other');
INSERT INTO "Family_Status" VALUES (619,4,3,'teacher','other');
INSERT INTO "Family_Status" VALUES (620,3,3,'other','other');
INSERT INTO "Family_Status" VALUES (621,4,4,'services','other');
INSERT INTO "Family_Status" VALUES (622,2,2,'other','other');
INSERT INTO "Family_Status" VALUES (623,2,2,'services','other');
INSERT INTO "Family_Status" VALUES (624,4,4,'services','other');
INSERT INTO "Family_Status" VALUES (625,3,2,'other','other');
INSERT INTO "Family_Status" VALUES (626,4,3,'other','other');
INSERT INTO "Family_Status" VALUES (627,3,3,'services','health');
INSERT INTO "Family_Status" VALUES (628,2,3,'at_home','other');
INSERT INTO "Family_Status" VALUES (629,2,2,'at_home','at_home');
INSERT INTO "Family_Status" VALUES (630,2,1,'at_home','services');
INSERT INTO "Family_Status" VALUES (631,1,1,'at_home','other');
INSERT INTO "Family_Status" VALUES (632,2,3,'services','teacher');
INSERT INTO "Family_Status" VALUES (633,2,2,'other','other');
INSERT INTO "Family_Status" VALUES (634,4,4,'teacher','services');
INSERT INTO "Family_Status" VALUES (635,3,1,'other','other');
INSERT INTO "Family_Status" VALUES (636,3,2,'other','other');
INSERT INTO "Family_Status" VALUES (637,2,3,'services','services');
INSERT INTO "Family_Status" VALUES (638,2,1,'at_home','other');
INSERT INTO "Family_Status" VALUES (639,2,1,'other','other');
INSERT INTO "Family_Status" VALUES (640,4,3,'health','other');
INSERT INTO "Family_Status" VALUES (641,2,2,'other','other');
INSERT INTO "Family_Status" VALUES (642,4,4,'teacher','teacher');
INSERT INTO "Family_Status" VALUES (643,4,4,'health','other');
INSERT INTO "Family_Status" VALUES (644,1,1,'other','other');
INSERT INTO "Family_Status" VALUES (645,3,2,'at_home','other');
INSERT INTO "Family_Status" VALUES (646,2,2,'other','other');
INSERT INTO "Family_Status" VALUES (647,2,1,'other','other');
INSERT INTO "Family_Status" VALUES (648,4,1,'other','other');
INSERT INTO "Family_Status" VALUES (649,2,4,'services','other');
INSERT INTO "Family_Status" VALUES (650,2,2,'at_home','services');
INSERT INTO "Family_Status" VALUES (651,3,3,'other','other');
INSERT INTO "Family_Status" VALUES (652,2,2,'other','at_home');
INSERT INTO "Family_Status" VALUES (653,4,4,'teacher','teacher');
INSERT INTO "Family_Status" VALUES (654,3,2,'other','other');
INSERT INTO "Family_Status" VALUES (655,1,1,'at_home','at_home');
INSERT INTO "Family_Status" VALUES (656,1,2,'other','other');
INSERT INTO "Family_Status" VALUES (657,2,1,'at_home','services');
INSERT INTO "Family_Status" VALUES (658,1,4,'other','other');
INSERT INTO "Family_Status" VALUES (659,2,2,'other','services');
INSERT INTO "Family_Status" VALUES (660,2,2,'other','other');
INSERT INTO "Family_Status" VALUES (661,1,1,'at_home','other');
INSERT INTO "Family_Status" VALUES (662,4,2,'teacher','other');
INSERT INTO "Family_Status" VALUES (663,4,3,'health','other');
INSERT INTO "Family_Status" VALUES (664,4,4,'teacher','other');
INSERT INTO "Family_Status" VALUES (665,4,3,'teacher','other');
INSERT INTO "Family_Status" VALUES (666,4,4,'services','services');
INSERT INTO "Family_Status" VALUES (667,4,4,'teacher','services');
INSERT INTO "Family_Status" VALUES (668,1,1,'other','other');
INSERT INTO "Family_Status" VALUES (669,3,3,'services','other');
INSERT INTO "Family_Status" VALUES (670,1,1,'at_home','other');
INSERT INTO "Family_Status" VALUES (671,2,1,'other','other');
INSERT INTO "Family_Status" VALUES (672,2,1,'other','other');
INSERT INTO "Family_Status" VALUES (673,1,1,'other','services');
INSERT INTO "Family_Status" VALUES (674,2,3,'other','other');
INSERT INTO "Family_Status" VALUES (675,3,1,'services','services');
INSERT INTO "Family_Status" VALUES (676,3,3,'other','services');
INSERT INTO "Family_Status" VALUES (677,0,2,'other','other');
INSERT INTO "Family_Status" VALUES (678,3,2,'services','other');
INSERT INTO "Family_Status" VALUES (679,3,3,'at_home','other');
INSERT INTO "Family_Status" VALUES (680,2,1,'services','services');
INSERT INTO "Family_Status" VALUES (681,2,1,'other','other');
INSERT INTO "Family_Status" VALUES (682,2,1,'other','other');
INSERT INTO "Family_Status" VALUES (683,1,1,'health','other');
INSERT INTO "Family_Status" VALUES (684,2,1,'other','other');
INSERT INTO "Family_Status" VALUES (685,4,2,'teacher','services');
INSERT INTO "Family_Status" VALUES (686,2,2,'services','services');
INSERT INTO "Family_Status" VALUES (687,2,1,'services','other');
INSERT INTO "Family_Status" VALUES (688,4,2,'other','other');
INSERT INTO "Family_Status" VALUES (689,1,1,'other','at_home');
INSERT INTO "Family_Status" VALUES (690,2,2,'other','other');
INSERT INTO "Family_Status" VALUES (691,4,3,'services','at_home');
INSERT INTO "Family_Status" VALUES (692,2,1,'other','other');
INSERT INTO "Family_Status" VALUES (693,2,2,'other','services');
INSERT INTO "Family_Status" VALUES (694,2,2,'services','services');
INSERT INTO "Family_Status" VALUES (695,2,1,'other','other');
INSERT INTO "Family_Status" VALUES (696,4,3,'services','other');
INSERT INTO "Family_Status" VALUES (697,4,3,'teacher','other');
INSERT INTO "Family_Status" VALUES (698,3,2,'other','other');
INSERT INTO "Family_Status" VALUES (699,3,3,'other','other');
INSERT INTO "Family_Status" VALUES (700,2,2,'at_home','services');
INSERT INTO "Family_Status" VALUES (701,2,2,'other','other');
INSERT INTO "Family_Status" VALUES (702,3,4,'other','other');
INSERT INTO "Family_Status" VALUES (703,3,1,'services','other');
INSERT INTO "Family_Status" VALUES (704,4,4,'teacher','other');
INSERT INTO "Family_Status" VALUES (705,4,2,'health','other');
INSERT INTO "Family_Status" VALUES (706,2,1,'other','other');
INSERT INTO "Family_Status" VALUES (707,3,3,'other','services');
INSERT INTO "Family_Status" VALUES (708,2,3,'other','services');
INSERT INTO "Family_Status" VALUES (709,1,1,'other','other');
INSERT INTO "Family_Status" VALUES (710,1,2,'at_home','at_home');
INSERT INTO "Family_Status" VALUES (711,2,1,'other','other');
INSERT INTO "Family_Status" VALUES (712,2,4,'at_home','health');
INSERT INTO "Family_Status" VALUES (713,2,2,'services','other');
INSERT INTO "Family_Status" VALUES (714,3,2,'other','services');
INSERT INTO "Family_Status" VALUES (715,4,4,'teacher','services');
INSERT INTO "Family_Status" VALUES (716,4,4,'health','health');
INSERT INTO "Family_Status" VALUES (717,2,2,'other','services');
INSERT INTO "Family_Status" VALUES (718,3,2,'services','services');
INSERT INTO "Family_Status" VALUES (719,4,3,'teacher','services');
INSERT INTO "Family_Status" VALUES (720,1,2,'at_home','other');
INSERT INTO "Family_Status" VALUES (721,4,1,'services','other');
INSERT INTO "Family_Status" VALUES (722,3,2,'teacher','services');
INSERT INTO "Family_Status" VALUES (723,1,1,'at_home','other');
INSERT INTO "Family_Status" VALUES (724,1,1,'other','other');
INSERT INTO "Family_Status" VALUES (725,2,2,'other','other');
INSERT INTO "Family_Status" VALUES (726,2,1,'other','other');
INSERT INTO "Family_Status" VALUES (727,1,1,'other','other');
INSERT INTO "Family_Status" VALUES (728,2,2,'at_home','at_home');
INSERT INTO "Family_Status" VALUES (729,1,1,'services','teacher');
INSERT INTO "Family_Status" VALUES (730,2,1,'services','services');
INSERT INTO "Family_Status" VALUES (731,4,4,'teacher','teacher');
INSERT INTO "Family_Status" VALUES (732,4,2,'teacher','other');
INSERT INTO "Family_Status" VALUES (733,4,3,'health','services');
INSERT INTO "Family_Status" VALUES (734,3,1,'services','other');
INSERT INTO "Family_Status" VALUES (735,3,2,'services','other');
INSERT INTO "Family_Status" VALUES (736,3,3,'health','other');
INSERT INTO "Family_Status" VALUES (737,4,4,'health','other');
INSERT INTO "Family_Status" VALUES (738,4,3,'other','other');
INSERT INTO "Family_Status" VALUES (739,4,3,'other','other');
INSERT INTO "Family_Status" VALUES (740,4,4,'teacher','teacher');
INSERT INTO "Family_Status" VALUES (741,4,4,'health','other');
INSERT INTO "Family_Status" VALUES (742,4,4,'other','teacher');
INSERT INTO "Family_Status" VALUES (743,4,4,'services','services');
INSERT INTO "Family_Status" VALUES (744,4,2,'other','other');
INSERT INTO "Family_Status" VALUES (745,3,2,'health','health');
INSERT INTO "Family_Status" VALUES (746,2,1,'at_home','services');
INSERT INTO "Family_Status" VALUES (747,3,2,'services','other');
INSERT INTO "Family_Status" VALUES (748,3,3,'other','services');
INSERT INTO "Family_Status" VALUES (749,1,4,'other','teacher');
INSERT INTO "Family_Status" VALUES (750,2,1,'services','other');
INSERT INTO "Family_Status" VALUES (751,2,3,'other','other');
INSERT INTO "Family_Status" VALUES (752,4,4,'teacher','teacher');
INSERT INTO "Family_Status" VALUES (753,4,3,'other','other');
INSERT INTO "Family_Status" VALUES (754,4,3,'health','services');
INSERT INTO "Family_Status" VALUES (755,3,4,'at_home','services');
INSERT INTO "Family_Status" VALUES (756,3,3,'at_home','other');
INSERT INTO "Family_Status" VALUES (757,4,2,'health','other');
INSERT INTO "Family_Status" VALUES (758,4,4,'teacher','other');
INSERT INTO "Family_Status" VALUES (759,3,4,'other','other');
INSERT INTO "Family_Status" VALUES (760,4,4,'health','health');
INSERT INTO "Family_Status" VALUES (761,4,3,'services','services');
INSERT INTO "Family_Status" VALUES (762,3,3,'services','other');
INSERT INTO "Family_Status" VALUES (763,2,1,'other','other');
INSERT INTO "Family_Status" VALUES (764,4,4,'other','other');
INSERT INTO "Family_Status" VALUES (765,1,1,'other','other');
INSERT INTO "Family_Status" VALUES (766,1,1,'other','other');
INSERT INTO "Family_Status" VALUES (767,2,2,'other','other');
INSERT INTO "Family_Status" VALUES (768,2,2,'other','other');
INSERT INTO "Family_Status" VALUES (769,2,2,'services','services');
INSERT INTO "Family_Status" VALUES (770,3,1,'services','services');
INSERT INTO "Family_Status" VALUES (771,0,2,'at_home','at_home');
INSERT INTO "Family_Status" VALUES (772,1,1,'other','other');
INSERT INTO "Family_Status" VALUES (773,4,4,'other','other');
INSERT INTO "Family_Status" VALUES (774,3,3,'other','services');
INSERT INTO "Family_Status" VALUES (775,2,2,'services','other');
INSERT INTO "Family_Status" VALUES (776,4,4,'teacher','services');
INSERT INTO "Family_Status" VALUES (777,4,4,'teacher','teacher');
INSERT INTO "Family_Status" VALUES (778,3,3,'at_home','other');
INSERT INTO "Family_Status" VALUES (779,2,2,'other','other');
INSERT INTO "Family_Status" VALUES (780,3,2,'at_home','services');
INSERT INTO "Family_Status" VALUES (781,2,2,'at_home','other');
INSERT INTO "Family_Status" VALUES (782,2,4,'at_home','other');
INSERT INTO "Family_Status" VALUES (783,2,2,'other','other');
INSERT INTO "Family_Status" VALUES (784,3,3,'services','services');
INSERT INTO "Family_Status" VALUES (785,2,2,'other','other');
INSERT INTO "Family_Status" VALUES (786,2,2,'at_home','other');
INSERT INTO "Family_Status" VALUES (787,3,4,'services','other');
INSERT INTO "Family_Status" VALUES (788,3,2,'other','other');
INSERT INTO "Family_Status" VALUES (789,3,3,'services','services');
INSERT INTO "Family_Status" VALUES (790,3,2,'other','other');
INSERT INTO "Family_Status" VALUES (791,4,4,'teacher','services');
INSERT INTO "Family_Status" VALUES (792,3,4,'services','other');
INSERT INTO "Family_Status" VALUES (793,2,2,'at_home','at_home');
INSERT INTO "Family_Status" VALUES (794,2,3,'at_home','other');
INSERT INTO "Family_Status" VALUES (795,3,2,'other','services');
INSERT INTO "Family_Status" VALUES (796,4,3,'teacher','services');
INSERT INTO "Family_Status" VALUES (797,4,3,'teacher','other');
INSERT INTO "Family_Status" VALUES (798,4,3,'health','other');
INSERT INTO "Family_Status" VALUES (799,2,1,'services','other');
INSERT INTO "Family_Status" VALUES (800,2,1,'services','other');
INSERT INTO "Family_Status" VALUES (801,2,3,'at_home','other');
INSERT INTO "Family_Status" VALUES (802,3,1,'other','at_home');
INSERT INTO "Family_Status" VALUES (803,4,4,'other','other');
INSERT INTO "Family_Status" VALUES (804,2,2,'services','services');
INSERT INTO "Family_Status" VALUES (805,3,4,'other','other');
INSERT INTO "Family_Status" VALUES (806,2,2,'services','services');
INSERT INTO "Family_Status" VALUES (807,4,4,'health','other');
INSERT INTO "Family_Status" VALUES (808,4,2,'teacher','other');
INSERT INTO "Family_Status" VALUES (809,1,1,'at_home','other');
INSERT INTO "Family_Status" VALUES (810,1,1,'other','other');
INSERT INTO "Family_Status" VALUES (811,4,4,'teacher','other');
INSERT INTO "Family_Status" VALUES (812,3,2,'other','other');
INSERT INTO "Family_Status" VALUES (813,3,2,'at_home','other');
INSERT INTO "Family_Status" VALUES (814,2,3,'other','services');
INSERT INTO "Family_Status" VALUES (815,2,1,'other','other');
INSERT INTO "Family_Status" VALUES (816,2,2,'services','other');
INSERT INTO "Family_Status" VALUES (817,1,0,'other','other');
INSERT INTO "Family_Status" VALUES (818,3,2,'services','other');
INSERT INTO "Family_Status" VALUES (819,1,3,'at_home','other');
INSERT INTO "Family_Status" VALUES (820,2,2,'other','other');
INSERT INTO "Family_Status" VALUES (821,1,1,'at_home','services');
INSERT INTO "Family_Status" VALUES (822,3,3,'at_home','other');
INSERT INTO "Family_Status" VALUES (823,2,3,'at_home','services');
INSERT INTO "Family_Status" VALUES (824,2,1,'at_home','other');
INSERT INTO "Family_Status" VALUES (825,4,4,'at_home','other');
INSERT INTO "Family_Status" VALUES (826,1,2,'other','other');
INSERT INTO "Family_Status" VALUES (827,3,2,'at_home','other');
INSERT INTO "Family_Status" VALUES (828,1,1,'other','other');
INSERT INTO "Family_Status" VALUES (829,4,4,'teacher','other');
INSERT INTO "Family_Status" VALUES (830,2,2,'at_home','other');
INSERT INTO "Family_Status" VALUES (831,1,1,'at_home','services');
INSERT INTO "Family_Status" VALUES (832,1,1,'other','services');
INSERT INTO "Family_Status" VALUES (833,0,2,'other','other');
INSERT INTO "Family_Status" VALUES (834,2,3,'other','other');
INSERT INTO "Family_Status" VALUES (835,3,3,'other','services');
INSERT INTO "Family_Status" VALUES (836,1,1,'at_home','services');
INSERT INTO "Family_Status" VALUES (837,1,1,'other','other');
INSERT INTO "Family_Status" VALUES (838,4,1,'health','services');
INSERT INTO "Family_Status" VALUES (839,4,1,'health','services');
INSERT INTO "Family_Status" VALUES (840,3,4,'other','health');
INSERT INTO "Family_Status" VALUES (841,1,1,'other','other');
INSERT INTO "Family_Status" VALUES (842,3,3,'at_home','at_home');
INSERT INTO "Family_Status" VALUES (843,2,1,'other','other');
INSERT INTO "Family_Status" VALUES (844,4,4,'teacher','teacher');
INSERT INTO "Family_Status" VALUES (845,1,2,'other','services');
INSERT INTO "Family_Status" VALUES (846,2,3,'other','services');
INSERT INTO "Family_Status" VALUES (847,1,2,'other','other');
INSERT INTO "Family_Status" VALUES (848,2,2,'other','other');
INSERT INTO "Family_Status" VALUES (849,1,2,'other','services');
INSERT INTO "Family_Status" VALUES (850,1,2,'other','services');
INSERT INTO "Family_Status" VALUES (851,2,1,'at_home','other');
INSERT INTO "Family_Status" VALUES (852,1,1,'at_home','other');
INSERT INTO "Family_Status" VALUES (853,1,2,'at_home','services');
INSERT INTO "Family_Status" VALUES (854,1,1,'other','other');
INSERT INTO "Family_Status" VALUES (855,1,1,'at_home','other');
INSERT INTO "Family_Status" VALUES (856,1,1,'at_home','other');
INSERT INTO "Family_Status" VALUES (857,1,1,'at_home','other');
INSERT INTO "Family_Status" VALUES (858,1,1,'at_home','at_home');
INSERT INTO "Family_Status" VALUES (859,2,2,'other','other');
INSERT INTO "Family_Status" VALUES (860,1,1,'at_home','other');
INSERT INTO "Family_Status" VALUES (861,1,2,'other','other');
INSERT INTO "Family_Status" VALUES (862,3,1,'other','services');
INSERT INTO "Family_Status" VALUES (863,2,2,'other','services');
INSERT INTO "Family_Status" VALUES (864,2,2,'health','other');
INSERT INTO "Family_Status" VALUES (865,4,4,'other','teacher');
INSERT INTO "Family_Status" VALUES (866,3,3,'services','other');
INSERT INTO "Family_Status" VALUES (867,2,2,'at_home','other');
INSERT INTO "Family_Status" VALUES (868,2,2,'other','other');
INSERT INTO "Family_Status" VALUES (869,2,1,'at_home','services');
INSERT INTO "Family_Status" VALUES (870,1,3,'at_home','other');
INSERT INTO "Family_Status" VALUES (871,2,2,'other','services');
INSERT INTO "Family_Status" VALUES (872,2,1,'other','other');
INSERT INTO "Family_Status" VALUES (873,3,3,'services','services');
INSERT INTO "Family_Status" VALUES (874,1,1,'at_home','other');
INSERT INTO "Family_Status" VALUES (875,2,2,'other','at_home');
INSERT INTO "Family_Status" VALUES (876,2,3,'at_home','services');
INSERT INTO "Family_Status" VALUES (877,2,1,'at_home','other');
INSERT INTO "Family_Status" VALUES (878,1,1,'at_home','other');
INSERT INTO "Family_Status" VALUES (879,2,2,'other','other');
INSERT INTO "Family_Status" VALUES (880,2,2,'other','other');
INSERT INTO "Family_Status" VALUES (881,2,2,'at_home','other');
INSERT INTO "Family_Status" VALUES (882,2,2,'other','services');
INSERT INTO "Family_Status" VALUES (883,3,2,'other','other');
INSERT INTO "Family_Status" VALUES (884,1,1,'at_home','services');
INSERT INTO "Family_Status" VALUES (885,1,1,'other','other');
INSERT INTO "Family_Status" VALUES (886,1,1,'at_home','at_home');
INSERT INTO "Family_Status" VALUES (887,1,1,'other','other');
INSERT INTO "Family_Status" VALUES (888,2,2,'health','other');
INSERT INTO "Family_Status" VALUES (889,0,1,'other','at_home');
INSERT INTO "Family_Status" VALUES (890,1,2,'at_home','other');
INSERT INTO "Family_Status" VALUES (891,3,3,'other','other');
INSERT INTO "Family_Status" VALUES (892,1,1,'services','services');
INSERT INTO "Family_Status" VALUES (893,3,3,'services','at_home');
INSERT INTO "Family_Status" VALUES (894,2,1,'other','services');
INSERT INTO "Family_Status" VALUES (895,2,2,'services','other');
INSERT INTO "Family_Status" VALUES (896,1,2,'other','other');
INSERT INTO "Family_Status" VALUES (897,4,3,'other','other');
INSERT INTO "Family_Status" VALUES (898,2,2,'services','services');
INSERT INTO "Family_Status" VALUES (899,1,1,'other','other');
INSERT INTO "Family_Status" VALUES (900,2,2,'other','other');
INSERT INTO "Family_Status" VALUES (901,1,1,'at_home','other');
INSERT INTO "Family_Status" VALUES (902,3,3,'at_home','services');
INSERT INTO "Family_Status" VALUES (903,1,1,'other','services');
INSERT INTO "Family_Status" VALUES (904,2,2,'other','other');
INSERT INTO "Family_Status" VALUES (905,1,1,'at_home','other');
INSERT INTO "Family_Status" VALUES (906,2,2,'other','other');
INSERT INTO "Family_Status" VALUES (907,1,0,'other','other');
INSERT INTO "Family_Status" VALUES (908,1,1,'at_home','other');
INSERT INTO "Family_Status" VALUES (909,3,1,'other','other');
INSERT INTO "Family_Status" VALUES (910,3,2,'services','at_home');
INSERT INTO "Family_Status" VALUES (911,1,1,'other','at_home');
INSERT INTO "Family_Status" VALUES (912,4,4,'health','teacher');
INSERT INTO "Family_Status" VALUES (913,1,2,'other','other');
INSERT INTO "Family_Status" VALUES (914,2,4,'other','services');
INSERT INTO "Family_Status" VALUES (915,2,1,'other','services');
INSERT INTO "Family_Status" VALUES (916,1,1,'at_home','other');
INSERT INTO "Family_Status" VALUES (917,2,3,'at_home','services');
INSERT INTO "Family_Status" VALUES (918,4,4,'health','health');
INSERT INTO "Family_Status" VALUES (919,4,4,'at_home','health');
INSERT INTO "Family_Status" VALUES (920,3,4,'at_home','other');
INSERT INTO "Family_Status" VALUES (921,4,4,'other','services');
INSERT INTO "Family_Status" VALUES (922,4,1,'other','other');
INSERT INTO "Family_Status" VALUES (923,2,2,'services','services');
INSERT INTO "Family_Status" VALUES (924,2,2,'at_home','other');
INSERT INTO "Family_Status" VALUES (925,4,4,'services','services');
INSERT INTO "Family_Status" VALUES (926,3,3,'services','services');
INSERT INTO "Family_Status" VALUES (927,1,1,'at_home','services');
INSERT INTO "Family_Status" VALUES (928,2,1,'health','services');
INSERT INTO "Family_Status" VALUES (929,2,1,'other','services');
INSERT INTO "Family_Status" VALUES (930,4,4,'teacher','health');
INSERT INTO "Family_Status" VALUES (931,1,2,'other','services');
INSERT INTO "Family_Status" VALUES (932,2,2,'other','other');
INSERT INTO "Family_Status" VALUES (933,2,1,'services','services');
INSERT INTO "Family_Status" VALUES (934,2,2,'other','other');
INSERT INTO "Family_Status" VALUES (935,4,1,'other','other');
INSERT INTO "Family_Status" VALUES (936,3,2,'at_home','other');
INSERT INTO "Family_Status" VALUES (937,2,2,'other','other');
INSERT INTO "Family_Status" VALUES (938,4,4,'teacher','services');
INSERT INTO "Family_Status" VALUES (939,4,4,'health','other');
INSERT INTO "Family_Status" VALUES (940,1,3,'other','other');
INSERT INTO "Family_Status" VALUES (941,3,4,'services','other');
INSERT INTO "Family_Status" VALUES (942,4,4,'health','health');
INSERT INTO "Family_Status" VALUES (943,4,1,'other','at_home');
INSERT INTO "Family_Status" VALUES (944,1,1,'at_home','at_home');
INSERT INTO "Family_Status" VALUES (945,4,2,'other','other');
INSERT INTO "Family_Status" VALUES (946,2,2,'other','services');
INSERT INTO "Family_Status" VALUES (947,3,2,'other','other');
INSERT INTO "Family_Status" VALUES (948,1,1,'other','other');
INSERT INTO "Family_Status" VALUES (949,1,0,'other','other');
INSERT INTO "Family_Status" VALUES (950,1,1,'at_home','at_home');
INSERT INTO "Family_Status" VALUES (951,1,2,'other','other');
INSERT INTO "Family_Status" VALUES (952,1,2,'other','at_home');
INSERT INTO "Family_Status" VALUES (953,3,1,'other','other');
INSERT INTO "Family_Status" VALUES (954,2,2,'other','other');
INSERT INTO "Family_Status" VALUES (955,1,0,'at_home','at_home');
INSERT INTO "Family_Status" VALUES (956,1,1,'other','services');
INSERT INTO "Family_Status" VALUES (957,1,1,'at_home','at_home');
INSERT INTO "Family_Status" VALUES (958,2,2,'other','services');
INSERT INTO "Family_Status" VALUES (959,2,2,'other','other');
INSERT INTO "Family_Status" VALUES (960,3,2,'services','other');
INSERT INTO "Family_Status" VALUES (961,1,1,'at_home','other');
INSERT INTO "Family_Status" VALUES (962,1,1,'services','other');
INSERT INTO "Family_Status" VALUES (963,3,2,'services','other');
INSERT INTO "Family_Status" VALUES (964,3,2,'at_home','services');
INSERT INTO "Family_Status" VALUES (965,3,3,'at_home','at_home');
INSERT INTO "Family_Status" VALUES (966,2,2,'services','services');
INSERT INTO "Family_Status" VALUES (967,2,1,'at_home','other');
INSERT INTO "Family_Status" VALUES (968,3,2,'services','at_home');
INSERT INTO "Family_Status" VALUES (969,1,1,'other','at_home');
INSERT INTO "Family_Status" VALUES (970,1,1,'other','other');
INSERT INTO "Family_Status" VALUES (971,4,3,'services','services');
INSERT INTO "Family_Status" VALUES (972,3,2,'other','other');
INSERT INTO "Family_Status" VALUES (973,1,1,'other','services');
INSERT INTO "Family_Status" VALUES (974,3,3,'health','other');
INSERT INTO "Family_Status" VALUES (975,1,3,'at_home','services');
INSERT INTO "Family_Status" VALUES (976,1,1,'other','other');
INSERT INTO "Family_Status" VALUES (977,1,2,'at_home','other');
INSERT INTO "Family_Status" VALUES (978,1,1,'at_home','other');
INSERT INTO "Family_Status" VALUES (979,2,2,'other','other');
INSERT INTO "Family_Status" VALUES (980,0,0,'at_home','other');
INSERT INTO "Family_Status" VALUES (981,3,1,'other','at_home');
INSERT INTO "Family_Status" VALUES (982,4,2,'teacher','services');
INSERT INTO "Family_Status" VALUES (983,2,2,'services','services');
INSERT INTO "Family_Status" VALUES (984,4,1,'health','at_home');
INSERT INTO "Family_Status" VALUES (985,1,2,'at_home','other');
INSERT INTO "Family_Status" VALUES (986,1,1,'other','other');
INSERT INTO "Family_Status" VALUES (987,2,2,'services','at_home');
INSERT INTO "Family_Status" VALUES (988,3,3,'services','services');
INSERT INTO "Family_Status" VALUES (989,1,2,'at_home','other');
INSERT INTO "Family_Status" VALUES (990,4,4,'teacher','teacher');
INSERT INTO "Family_Status" VALUES (991,4,4,'services','other');
INSERT INTO "Family_Status" VALUES (992,4,2,'other','other');
INSERT INTO "Family_Status" VALUES (993,2,2,'at_home','other');
INSERT INTO "Family_Status" VALUES (994,1,2,'at_home','services');
INSERT INTO "Family_Status" VALUES (995,4,4,'at_home','services');
INSERT INTO "Family_Status" VALUES (996,1,1,'other','services');
INSERT INTO "Family_Status" VALUES (997,2,2,'other','other');
INSERT INTO "Family_Status" VALUES (998,2,2,'services','services');
INSERT INTO "Family_Status" VALUES (999,4,2,'teacher','other');
INSERT INTO "Family_Status" VALUES (1000,1,1,'at_home','services');
INSERT INTO "Family_Status" VALUES (1001,1,1,'at_home','services');
INSERT INTO "Family_Status" VALUES (1002,4,2,'teacher','other');
INSERT INTO "Family_Status" VALUES (1003,2,1,'services','other');
INSERT INTO "Family_Status" VALUES (1004,1,1,'at_home','services');
INSERT INTO "Family_Status" VALUES (1005,1,2,'at_home','at_home');
INSERT INTO "Family_Status" VALUES (1006,1,1,'at_home','at_home');
INSERT INTO "Family_Status" VALUES (1007,2,2,'services','other');
INSERT INTO "Family_Status" VALUES (1008,4,3,'services','other');
INSERT INTO "Family_Status" VALUES (1009,3,3,'services','services');
INSERT INTO "Family_Status" VALUES (1010,4,4,'teacher','services');
INSERT INTO "Family_Status" VALUES (1011,3,2,'services','other');
INSERT INTO "Family_Status" VALUES (1012,1,1,'other','services');
INSERT INTO "Family_Status" VALUES (1013,1,1,'at_home','services');
INSERT INTO "Family_Status" VALUES (1014,1,2,'at_home','other');
INSERT INTO "Family_Status" VALUES (1015,3,3,'services','services');
INSERT INTO "Family_Status" VALUES (1016,4,4,'at_home','at_home');
INSERT INTO "Family_Status" VALUES (1017,1,2,'other','services');
INSERT INTO "Family_Status" VALUES (1018,1,3,'at_home','other');
INSERT INTO "Family_Status" VALUES (1019,4,4,'teacher','services');
INSERT INTO "Family_Status" VALUES (1020,1,1,'other','services');
INSERT INTO "Family_Status" VALUES (1021,2,3,'at_home','services');
INSERT INTO "Family_Status" VALUES (1022,4,4,'other','teacher');
INSERT INTO "Family_Status" VALUES (1023,1,2,'at_home','services');
INSERT INTO "Family_Status" VALUES (1024,2,2,'other','at_home');
INSERT INTO "Family_Status" VALUES (1025,1,2,'other','other');
INSERT INTO "Family_Status" VALUES (1026,4,4,'other','other');
INSERT INTO "Family_Status" VALUES (1027,1,1,'other','other');
INSERT INTO "Family_Status" VALUES (1028,1,1,'at_home','other');
INSERT INTO "Family_Status" VALUES (1029,4,4,'teacher','services');
INSERT INTO "Family_Status" VALUES (1030,3,3,'other','other');
INSERT INTO "Family_Status" VALUES (1031,3,1,'at_home','other');
INSERT INTO "Family_Status" VALUES (1032,4,4,'teacher','teacher');
INSERT INTO "Family_Status" VALUES (1033,2,1,'other','other');
INSERT INTO "Family_Status" VALUES (1034,2,3,'other','services');
INSERT INTO "Family_Status" VALUES (1035,1,1,'other','services');
INSERT INTO "Family_Status" VALUES (1036,4,2,'other','other');
INSERT INTO "Family_Status" VALUES (1037,2,2,'at_home','other');
INSERT INTO "Family_Status" VALUES (1038,4,3,'teacher','other');
INSERT INTO "Family_Status" VALUES (1039,4,4,'teacher','at_home');
INSERT INTO "Family_Status" VALUES (1040,2,3,'services','other');
INSERT INTO "Family_Status" VALUES (1041,3,1,'teacher','services');
INSERT INTO "Family_Status" VALUES (1042,1,1,'other','other');
INSERT INTO "Family_Status" VALUES (1043,3,1,'services','services');
INSERT INTO "Family_Status" VALUES (1044,3,2,'services','other');
INSERT INTO "Family_Dynamic" VALUES (1,'U','GT3','A','mother');
INSERT INTO "Family_Dynamic" VALUES (2,'U','GT3','T','father');
INSERT INTO "Family_Dynamic" VALUES (3,'U','LE3','T','mother');
INSERT INTO "Family_Dynamic" VALUES (4,'U','GT3','T','mother');
INSERT INTO "Family_Dynamic" VALUES (5,'U','GT3','T','father');
INSERT INTO "Family_Dynamic" VALUES (6,'U','LE3','T','mother');
INSERT INTO "Family_Dynamic" VALUES (7,'U','LE3','T','mother');
INSERT INTO "Family_Dynamic" VALUES (8,'U','GT3','A','mother');
INSERT INTO "Family_Dynamic" VALUES (9,'U','LE3','A','mother');
INSERT INTO "Family_Dynamic" VALUES (10,'U','GT3','T','mother');
INSERT INTO "Family_Dynamic" VALUES (11,'U','GT3','T','mother');
INSERT INTO "Family_Dynamic" VALUES (12,'U','GT3','T','father');
INSERT INTO "Family_Dynamic" VALUES (13,'U','LE3','T','father');
INSERT INTO "Family_Dynamic" VALUES (14,'U','GT3','T','mother');
INSERT INTO "Family_Dynamic" VALUES (15,'U','GT3','A','other');
INSERT INTO "Family_Dynamic" VALUES (16,'U','GT3','T','mother');
INSERT INTO "Family_Dynamic" VALUES (17,'U','GT3','T','mother');
INSERT INTO "Family_Dynamic" VALUES (18,'U','GT3','T','mother');
INSERT INTO "Family_Dynamic" VALUES (19,'U','GT3','T','mother');
INSERT INTO "Family_Dynamic" VALUES (20,'U','LE3','T','father');
INSERT INTO "Family_Dynamic" VALUES (21,'U','GT3','T','mother');
INSERT INTO "Family_Dynamic" VALUES (22,'U','GT3','T','father');
INSERT INTO "Family_Dynamic" VALUES (23,'U','LE3','T','mother');
INSERT INTO "Family_Dynamic" VALUES (24,'U','LE3','T','mother');
INSERT INTO "Family_Dynamic" VALUES (25,'R','GT3','T','mother');
INSERT INTO "Family_Dynamic" VALUES (26,'U','GT3','T','mother');
INSERT INTO "Family_Dynamic" VALUES (27,'U','GT3','T','mother');
INSERT INTO "Family_Dynamic" VALUES (28,'U','GT3','T','mother');
INSERT INTO "Family_Dynamic" VALUES (29,'U','LE3','A','mother');
INSERT INTO "Family_Dynamic" VALUES (30,'U','GT3','T','mother');
INSERT INTO "Family_Dynamic" VALUES (31,'U','GT3','T','mother');
INSERT INTO "Family_Dynamic" VALUES (32,'U','GT3','T','mother');
INSERT INTO "Family_Dynamic" VALUES (33,'R','GT3','T','mother');
INSERT INTO "Family_Dynamic" VALUES (34,'U','LE3','T','mother');
INSERT INTO "Family_Dynamic" VALUES (35,'U','GT3','T','mother');
INSERT INTO "Family_Dynamic" VALUES (36,'U','GT3','T','father');
INSERT INTO "Family_Dynamic" VALUES (37,'U','LE3','T','mother');
INSERT INTO "Family_Dynamic" VALUES (38,'R','GT3','A','mother');
INSERT INTO "Family_Dynamic" VALUES (39,'R','GT3','T','mother');
INSERT INTO "Family_Dynamic" VALUES (40,'R','GT3','T','mother');
INSERT INTO "Family_Dynamic" VALUES (41,'U','LE3','T','mother');
INSERT INTO "Family_Dynamic" VALUES (42,'U','LE3','T','other');
INSERT INTO "Family_Dynamic" VALUES (43,'U','GT3','T','father');
INSERT INTO "Family_Dynamic" VALUES (44,'U','GT3','T','father');
INSERT INTO "Family_Dynamic" VALUES (45,'U','LE3','T','father');
INSERT INTO "Family_Dynamic" VALUES (46,'U','LE3','A','mother');
INSERT INTO "Family_Dynamic" VALUES (47,'U','LE3','A','mother');
INSERT INTO "Family_Dynamic" VALUES (48,'U','GT3','T','mother');
INSERT INTO "Family_Dynamic" VALUES (49,'U','GT3','T','mother');
INSERT INTO "Family_Dynamic" VALUES (50,'U','GT3','T','father');
INSERT INTO "Family_Dynamic" VALUES (51,'U','LE3','T','mother');
INSERT INTO "Family_Dynamic" VALUES (52,'U','LE3','T','mother');
INSERT INTO "Family_Dynamic" VALUES (53,'U','LE3','A','father');
INSERT INTO "Family_Dynamic" VALUES (54,'U','GT3','T','mother');
INSERT INTO "Family_Dynamic" VALUES (55,'U','LE3','A','mother');
INSERT INTO "Family_Dynamic" VALUES (56,'U','GT3','A','mother');
INSERT INTO "Family_Dynamic" VALUES (57,'U','GT3','A','mother');
INSERT INTO "Family_Dynamic" VALUES (58,'U','GT3','T','mother');
INSERT INTO "Family_Dynamic" VALUES (59,'U','LE3','T','father');
INSERT INTO "Family_Dynamic" VALUES (60,'U','GT3','T','mother');
INSERT INTO "Family_Dynamic" VALUES (61,'R','GT3','T','mother');
INSERT INTO "Family_Dynamic" VALUES (62,'U','GT3','T','father');
INSERT INTO "Family_Dynamic" VALUES (63,'U','LE3','T','father');
INSERT INTO "Family_Dynamic" VALUES (64,'U','GT3','T','mother');
INSERT INTO "Family_Dynamic" VALUES (65,'U','LE3','T','father');
INSERT INTO "Family_Dynamic" VALUES (66,'U','LE3','T','mother');
INSERT INTO "Family_Dynamic" VALUES (67,'U','GT3','A','mother');
INSERT INTO "Family_Dynamic" VALUES (68,'U','GT3','T','mother');
INSERT INTO "Family_Dynamic" VALUES (69,'R','LE3','T','mother');
INSERT INTO "Family_Dynamic" VALUES (70,'R','LE3','T','father');
INSERT INTO "Family_Dynamic" VALUES (71,'U','GT3','T','father');
INSERT INTO "Family_Dynamic" VALUES (72,'U','GT3','T','mother');
INSERT INTO "Family_Dynamic" VALUES (73,'R','GT3','T','mother');
INSERT INTO "Family_Dynamic" VALUES (74,'U','GT3','T','mother');
INSERT INTO "Family_Dynamic" VALUES (75,'U','GT3','T','mother');
INSERT INTO "Family_Dynamic" VALUES (76,'U','GT3','T','mother');
INSERT INTO "Family_Dynamic" VALUES (77,'U','GT3','T','mother');
INSERT INTO "Family_Dynamic" VALUES (78,'U','GT3','T','mother');
INSERT INTO "Family_Dynamic" VALUES (79,'U','GT3','T','mother');
INSERT INTO "Family_Dynamic" VALUES (80,'U','GT3','T','mother');
INSERT INTO "Family_Dynamic" VALUES (81,'U','GT3','T','father');
INSERT INTO "Family_Dynamic" VALUES (82,'U','GT3','T','mother');
INSERT INTO "Family_Dynamic" VALUES (83,'U','LE3','T','mother');
INSERT INTO "Family_Dynamic" VALUES (84,'U','LE3','T','mother');
INSERT INTO "Family_Dynamic" VALUES (85,'U','GT3','T','father');
INSERT INTO "Family_Dynamic" VALUES (86,'U','GT3','T','father');
INSERT INTO "Family_Dynamic" VALUES (87,'U','LE3','T','mother');
INSERT INTO "Family_Dynamic" VALUES (88,'U','GT3','T','mother');
INSERT INTO "Family_Dynamic" VALUES (89,'U','GT3','T','father');
INSERT INTO "Family_Dynamic" VALUES (90,'U','LE3','A','mother');
INSERT INTO "Family_Dynamic" VALUES (91,'U','GT3','T','mother');
INSERT INTO "Family_Dynamic" VALUES (92,'U','GT3','T','mother');
INSERT INTO "Family_Dynamic" VALUES (93,'U','LE3','T','father');
INSERT INTO "Family_Dynamic" VALUES (94,'U','GT3','T','mother');
INSERT INTO "Family_Dynamic" VALUES (95,'U','LE3','T','mother');
INSERT INTO "Family_Dynamic" VALUES (96,'R','GT3','T','mother');
INSERT INTO "Family_Dynamic" VALUES (97,'R','GT3','T','mother');
INSERT INTO "Family_Dynamic" VALUES (98,'U','GT3','T','mother');
INSERT INTO "Family_Dynamic" VALUES (99,'U','GT3','T','mother');
INSERT INTO "Family_Dynamic" VALUES (100,'U','GT3','T','mother');
INSERT INTO "Family_Dynamic" VALUES (101,'U','GT3','T','mother');
INSERT INTO "Family_Dynamic" VALUES (102,'U','GT3','T','father');
INSERT INTO "Family_Dynamic" VALUES (103,'U','GT3','T','mother');
INSERT INTO "Family_Dynamic" VALUES (104,'U','GT3','T','mother');
INSERT INTO "Family_Dynamic" VALUES (105,'U','GT3','A','mother');
INSERT INTO "Family_Dynamic" VALUES (106,'U','GT3','A','father');
INSERT INTO "Family_Dynamic" VALUES (107,'U','GT3','T','mother');
INSERT INTO "Family_Dynamic" VALUES (108,'U','GT3','T','father');
INSERT INTO "Family_Dynamic" VALUES (109,'R','GT3','T','father');
INSERT INTO "Family_Dynamic" VALUES (110,'U','LE3','T','mother');
INSERT INTO "Family_Dynamic" VALUES (111,'U','LE3','A','mother');
INSERT INTO "Family_Dynamic" VALUES (112,'R','GT3','T','father');
INSERT INTO "Family_Dynamic" VALUES (113,'U','GT3','T','mother');
INSERT INTO "Family_Dynamic" VALUES (114,'U','LE3','T','mother');
INSERT INTO "Family_Dynamic" VALUES (115,'R','GT3','T','mother');
INSERT INTO "Family_Dynamic" VALUES (116,'U','GT3','T','father');
INSERT INTO "Family_Dynamic" VALUES (117,'U','GT3','T','father');
INSERT INTO "Family_Dynamic" VALUES (118,'U','GT3','T','father');
INSERT INTO "Family_Dynamic" VALUES (119,'R','GT3','T','father');
INSERT INTO "Family_Dynamic" VALUES (120,'U','GT3','T','father');
INSERT INTO "Family_Dynamic" VALUES (121,'U','GT3','T','mother');
INSERT INTO "Family_Dynamic" VALUES (122,'U','GT3','T','father');
INSERT INTO "Family_Dynamic" VALUES (123,'U','LE3','T','father');
INSERT INTO "Family_Dynamic" VALUES (124,'U','GT3','T','mother');
INSERT INTO "Family_Dynamic" VALUES (125,'U','GT3','T','mother');
INSERT INTO "Family_Dynamic" VALUES (126,'U','GT3','T','father');
INSERT INTO "Family_Dynamic" VALUES (127,'U','LE3','A','mother');
INSERT INTO "Family_Dynamic" VALUES (128,'U','GT3','T','other');
INSERT INTO "Family_Dynamic" VALUES (129,'R','GT3','T','mother');
INSERT INTO "Family_Dynamic" VALUES (130,'R','GT3','T','mother');
INSERT INTO "Family_Dynamic" VALUES (131,'R','GT3','T','father');
INSERT INTO "Family_Dynamic" VALUES (132,'U','GT3','T','mother');
INSERT INTO "Family_Dynamic" VALUES (133,'U','LE3','T','father');
INSERT INTO "Family_Dynamic" VALUES (134,'U','GT3','A','father');
INSERT INTO "Family_Dynamic" VALUES (135,'R','GT3','T','mother');
INSERT INTO "Family_Dynamic" VALUES (136,'U','GT3','T','mother');
INSERT INTO "Family_Dynamic" VALUES (137,'R','GT3','T','mother');
INSERT INTO "Family_Dynamic" VALUES (138,'U','GT3','A','other');
INSERT INTO "Family_Dynamic" VALUES (139,'U','LE3','T','mother');
INSERT INTO "Family_Dynamic" VALUES (140,'U','GT3','T','mother');
INSERT INTO "Family_Dynamic" VALUES (141,'U','GT3','T','father');
INSERT INTO "Family_Dynamic" VALUES (142,'U','LE3','T','father');
INSERT INTO "Family_Dynamic" VALUES (143,'U','GT3','T','mother');
INSERT INTO "Family_Dynamic" VALUES (144,'U','LE3','T','mother');
INSERT INTO "Family_Dynamic" VALUES (145,'U','GT3','T','mother');
INSERT INTO "Family_Dynamic" VALUES (146,'U','GT3','T','father');
INSERT INTO "Family_Dynamic" VALUES (147,'U','GT3','T','father');
INSERT INTO "Family_Dynamic" VALUES (148,'U','GT3','T','mother');
INSERT INTO "Family_Dynamic" VALUES (149,'U','GT3','T','mother');
INSERT INTO "Family_Dynamic" VALUES (150,'U','LE3','A','mother');
INSERT INTO "Family_Dynamic" VALUES (151,'U','LE3','T','mother');
INSERT INTO "Family_Dynamic" VALUES (152,'U','LE3','T','mother');
INSERT INTO "Family_Dynamic" VALUES (153,'R','GT3','T','other');
INSERT INTO "Family_Dynamic" VALUES (154,'U','GT3','T','mother');
INSERT INTO "Family_Dynamic" VALUES (155,'U','GT3','T','mother');
INSERT INTO "Family_Dynamic" VALUES (156,'R','GT3','T','mother');
INSERT INTO "Family_Dynamic" VALUES (157,'R','LE3','T','mother');
INSERT INTO "Family_Dynamic" VALUES (158,'R','GT3','T','mother');
INSERT INTO "Family_Dynamic" VALUES (159,'R','GT3','T','mother');
INSERT INTO "Family_Dynamic" VALUES (160,'U','GT3','T','father');
INSERT INTO "Family_Dynamic" VALUES (161,'R','LE3','T','mother');
INSERT INTO "Family_Dynamic" VALUES (162,'R','GT3','T','mother');
INSERT INTO "Family_Dynamic" VALUES (163,'U','LE3','T','mother');
INSERT INTO "Family_Dynamic" VALUES (164,'U','GT3','T','father');
INSERT INTO "Family_Dynamic" VALUES (165,'R','LE3','T','mother');
INSERT INTO "Family_Dynamic" VALUES (166,'U','GT3','T','mother');
INSERT INTO "Family_Dynamic" VALUES (167,'U','GT3','T','father');
INSERT INTO "Family_Dynamic" VALUES (168,'U','GT3','T','father');
INSERT INTO "Family_Dynamic" VALUES (169,'U','GT3','T','mother');
INSERT INTO "Family_Dynamic" VALUES (170,'U','GT3','T','mother');
INSERT INTO "Family_Dynamic" VALUES (171,'U','GT3','T','father');
INSERT INTO "Family_Dynamic" VALUES (172,'U','GT3','T','mother');
INSERT INTO "Family_Dynamic" VALUES (173,'U','LE3','T','mother');
INSERT INTO "Family_Dynamic" VALUES (174,'U','GT3','T','mother');
INSERT INTO "Family_Dynamic" VALUES (175,'U','LE3','T','mother');
INSERT INTO "Family_Dynamic" VALUES (176,'U','LE3','T','mother');
INSERT INTO "Family_Dynamic" VALUES (177,'U','GT3','T','mother');
INSERT INTO "Family_Dynamic" VALUES (178,'U','GT3','T','father');
INSERT INTO "Family_Dynamic" VALUES (179,'R','GT3','T','mother');
INSERT INTO "Family_Dynamic" VALUES (180,'U','GT3','T','mother');
INSERT INTO "Family_Dynamic" VALUES (181,'U','GT3','T','mother');
INSERT INTO "Family_Dynamic" VALUES (182,'U','GT3','T','mother');
INSERT INTO "Family_Dynamic" VALUES (183,'U','GT3','T','father');
INSERT INTO "Family_Dynamic" VALUES (184,'U','LE3','T','mother');
INSERT INTO "Family_Dynamic" VALUES (185,'U','GT3','T','mother');
INSERT INTO "Family_Dynamic" VALUES (186,'U','GT3','T','mother');
INSERT INTO "Family_Dynamic" VALUES (187,'U','GT3','T','mother');
INSERT INTO "Family_Dynamic" VALUES (188,'U','LE3','T','mother');
INSERT INTO "Family_Dynamic" VALUES (189,'U','GT3','A','mother');
INSERT INTO "Family_Dynamic" VALUES (190,'R','GT3','T','mother');
INSERT INTO "Family_Dynamic" VALUES (191,'U','GT3','T','mother');
INSERT INTO "Family_Dynamic" VALUES (192,'U','GT3','T','mother');
INSERT INTO "Family_Dynamic" VALUES (193,'U','GT3','T','other');
INSERT INTO "Family_Dynamic" VALUES (194,'R','GT3','T','mother');
INSERT INTO "Family_Dynamic" VALUES (195,'U','GT3','T','father');
INSERT INTO "Family_Dynamic" VALUES (196,'U','LE3','T','father');
INSERT INTO "Family_Dynamic" VALUES (197,'U','GT3','T','mother');
INSERT INTO "Family_Dynamic" VALUES (198,'R','LE3','T','father');
INSERT INTO "Family_Dynamic" VALUES (199,'U','GT3','T','mother');
INSERT INTO "Family_Dynamic" VALUES (200,'U','LE3','T','mother');
INSERT INTO "Family_Dynamic" VALUES (201,'U','GT3','T','mother');
INSERT INTO "Family_Dynamic" VALUES (202,'U','GT3','T','mother');
INSERT INTO "Family_Dynamic" VALUES (203,'U','GT3','T','mother');
INSERT INTO "Family_Dynamic" VALUES (204,'R','GT3','T','mother');
INSERT INTO "Family_Dynamic" VALUES (205,'R','GT3','T','mother');
INSERT INTO "Family_Dynamic" VALUES (206,'U','GT3','T','mother');
INSERT INTO "Family_Dynamic" VALUES (207,'U','GT3','A','mother');
INSERT INTO "Family_Dynamic" VALUES (208,'U','GT3','T','mother');
INSERT INTO "Family_Dynamic" VALUES (209,'U','GT3','T','mother');
INSERT INTO "Family_Dynamic" VALUES (210,'R','GT3','T','mother');
INSERT INTO "Family_Dynamic" VALUES (211,'U','GT3','T','other');
INSERT INTO "Family_Dynamic" VALUES (212,'U','LE3','T','mother');
INSERT INTO "Family_Dynamic" VALUES (213,'U','GT3','A','mother');
INSERT INTO "Family_Dynamic" VALUES (214,'U','GT3','T','mother');
INSERT INTO "Family_Dynamic" VALUES (215,'R','LE3','T','mother');
INSERT INTO "Family_Dynamic" VALUES (216,'U','LE3','T','mother');
INSERT INTO "Family_Dynamic" VALUES (217,'U','GT3','T','mother');
INSERT INTO "Family_Dynamic" VALUES (218,'U','LE3','T','father');
INSERT INTO "Family_Dynamic" VALUES (219,'U','GT3','T','father');
INSERT INTO "Family_Dynamic" VALUES (220,'U','GT3','T','mother');
INSERT INTO "Family_Dynamic" VALUES (221,'R','GT3','T','mother');
INSERT INTO "Family_Dynamic" VALUES (222,'U','GT3','T','mother');
INSERT INTO "Family_Dynamic" VALUES (223,'U','GT3','T','mother');
INSERT INTO "Family_Dynamic" VALUES (224,'U','GT3','T','mother');
INSERT INTO "Family_Dynamic" VALUES (225,'U','GT3','T','mother');
INSERT INTO "Family_Dynamic" VALUES (226,'R','GT3','T','mother');
INSERT INTO "Family_Dynamic" VALUES (227,'U','GT3','T','mother');
INSERT INTO "Family_Dynamic" VALUES (228,'U','LE3','T','father');
INSERT INTO "Family_Dynamic" VALUES (229,'U','LE3','T','mother');
INSERT INTO "Family_Dynamic" VALUES (230,'U','GT3','A','mother');
INSERT INTO "Family_Dynamic" VALUES (231,'U','LE3','T','father');
INSERT INTO "Family_Dynamic" VALUES (232,'R','GT3','T','father');
INSERT INTO "Family_Dynamic" VALUES (233,'U','GT3','T','mother');
INSERT INTO "Family_Dynamic" VALUES (234,'U','GT3','T','father');
INSERT INTO "Family_Dynamic" VALUES (235,'U','LE3','T','mother');
INSERT INTO "Family_Dynamic" VALUES (236,'U','GT3','T','mother');
INSERT INTO "Family_Dynamic" VALUES (237,'U','LE3','T','father');
INSERT INTO "Family_Dynamic" VALUES (238,'U','GT3','T','mother');
INSERT INTO "Family_Dynamic" VALUES (239,'R','GT3','T','mother');
INSERT INTO "Family_Dynamic" VALUES (240,'U','GT3','T','father');
INSERT INTO "Family_Dynamic" VALUES (241,'U','LE3','T','mother');
INSERT INTO "Family_Dynamic" VALUES (242,'R','LE3','A','mother');
INSERT INTO "Family_Dynamic" VALUES (243,'U','LE3','T','mother');
INSERT INTO "Family_Dynamic" VALUES (244,'U','GT3','T','mother');
INSERT INTO "Family_Dynamic" VALUES (245,'U','GT3','T','other');
INSERT INTO "Family_Dynamic" VALUES (246,'U','GT3','T','mother');
INSERT INTO "Family_Dynamic" VALUES (247,'U','GT3','T','father');
INSERT INTO "Family_Dynamic" VALUES (248,'U','GT3','T','mother');
INSERT INTO "Family_Dynamic" VALUES (249,'R','LE3','T','mother');
INSERT INTO "Family_Dynamic" VALUES (250,'U','GT3','T','mother');
INSERT INTO "Family_Dynamic" VALUES (251,'U','GT3','T','mother');
INSERT INTO "Family_Dynamic" VALUES (252,'U','GT3','T','other');
INSERT INTO "Family_Dynamic" VALUES (253,'U','GT3','T','mother');
INSERT INTO "Family_Dynamic" VALUES (254,'R','GT3','T','mother');
INSERT INTO "Family_Dynamic" VALUES (255,'R','GT3','T','mother');
INSERT INTO "Family_Dynamic" VALUES (256,'U','LE3','T','mother');
INSERT INTO "Family_Dynamic" VALUES (257,'U','LE3','T','mother');
INSERT INTO "Family_Dynamic" VALUES (258,'U','LE3','A','mother');
INSERT INTO "Family_Dynamic" VALUES (259,'U','GT3','T','mother');
INSERT INTO "Family_Dynamic" VALUES (260,'U','LE3','T','father');
INSERT INTO "Family_Dynamic" VALUES (261,'U','GT3','T','father');
INSERT INTO "Family_Dynamic" VALUES (262,'U','GT3','T','mother');
INSERT INTO "Family_Dynamic" VALUES (263,'R','GT3','T','mother');
INSERT INTO "Family_Dynamic" VALUES (264,'U','GT3','T','mother');
INSERT INTO "Family_Dynamic" VALUES (265,'U','GT3','T','mother');
INSERT INTO "Family_Dynamic" VALUES (266,'R','LE3','A','mother');
INSERT INTO "Family_Dynamic" VALUES (267,'U','GT3','T','mother');
INSERT INTO "Family_Dynamic" VALUES (268,'R','GT3','T','mother');
INSERT INTO "Family_Dynamic" VALUES (269,'U','GT3','T','father');
INSERT INTO "Family_Dynamic" VALUES (270,'R','GT3','T','mother');
INSERT INTO "Family_Dynamic" VALUES (271,'U','GT3','T','other');
INSERT INTO "Family_Dynamic" VALUES (272,'U','GT3','T','father');
INSERT INTO "Family_Dynamic" VALUES (273,'U','LE3','T','mother');
INSERT INTO "Family_Dynamic" VALUES (274,'R','GT3','T','mother');
INSERT INTO "Family_Dynamic" VALUES (275,'U','GT3','T','mother');
INSERT INTO "Family_Dynamic" VALUES (276,'U','LE3','T','mother');
INSERT INTO "Family_Dynamic" VALUES (277,'R','GT3','A','mother');
INSERT INTO "Family_Dynamic" VALUES (278,'U','GT3','T','mother');
INSERT INTO "Family_Dynamic" VALUES (279,'U','GT3','T','father');
INSERT INTO "Family_Dynamic" VALUES (280,'U','LE3','T','mother');
INSERT INTO "Family_Dynamic" VALUES (281,'U','LE3','A','mother');
INSERT INTO "Family_Dynamic" VALUES (282,'U','LE3','A','mother');
INSERT INTO "Family_Dynamic" VALUES (283,'R','LE3','T','mother');
INSERT INTO "Family_Dynamic" VALUES (284,'U','GT3','T','mother');
INSERT INTO "Family_Dynamic" VALUES (285,'U','GT3','T','mother');
INSERT INTO "Family_Dynamic" VALUES (286,'U','GT3','T','father');
INSERT INTO "Family_Dynamic" VALUES (287,'U','GT3','T','mother');
INSERT INTO "Family_Dynamic" VALUES (288,'U','GT3','T','mother');
INSERT INTO "Family_Dynamic" VALUES (289,'U','GT3','T','mother');
INSERT INTO "Family_Dynamic" VALUES (290,'U','LE3','A','mother');
INSERT INTO "Family_Dynamic" VALUES (291,'U','GT3','T','mother');
INSERT INTO "Family_Dynamic" VALUES (292,'U','GT3','T','mother');
INSERT INTO "Family_Dynamic" VALUES (293,'U','LE3','T','mother');
INSERT INTO "Family_Dynamic" VALUES (294,'R','LE3','T','mother');
INSERT INTO "Family_Dynamic" VALUES (295,'R','LE3','T','mother');
INSERT INTO "Family_Dynamic" VALUES (296,'U','GT3','T','mother');
INSERT INTO "Family_Dynamic" VALUES (297,'U','GT3','T','other');
INSERT INTO "Family_Dynamic" VALUES (298,'U','LE3','T','other');
INSERT INTO "Family_Dynamic" VALUES (299,'U','GT3','T','father');
INSERT INTO "Family_Dynamic" VALUES (300,'U','LE3','T','mother');
INSERT INTO "Family_Dynamic" VALUES (301,'U','LE3','A','mother');
INSERT INTO "Family_Dynamic" VALUES (302,'U','LE3','T','father');
INSERT INTO "Family_Dynamic" VALUES (303,'U','GT3','T','mother');
INSERT INTO "Family_Dynamic" VALUES (304,'U','GT3','T','father');
INSERT INTO "Family_Dynamic" VALUES (305,'U','GT3','T','other');
INSERT INTO "Family_Dynamic" VALUES (306,'U','GT3','T','other');
INSERT INTO "Family_Dynamic" VALUES (307,'U','GT3','A','other');
INSERT INTO "Family_Dynamic" VALUES (308,'U','GT3','T','other');
INSERT INTO "Family_Dynamic" VALUES (309,'R','GT3','T','father');
INSERT INTO "Family_Dynamic" VALUES (310,'U','LE3','T','other');
INSERT INTO "Family_Dynamic" VALUES (311,'U','LE3','T','other');
INSERT INTO "Family_Dynamic" VALUES (312,'U','GT3','T','other');
INSERT INTO "Family_Dynamic" VALUES (313,'U','GT3','T','other');
INSERT INTO "Family_Dynamic" VALUES (314,'U','LE3','T','other');
INSERT INTO "Family_Dynamic" VALUES (315,'U','GT3','T','other');
INSERT INTO "Family_Dynamic" VALUES (316,'R','GT3','T','other');
INSERT INTO "Family_Dynamic" VALUES (317,'U','GT3','T','mother');
INSERT INTO "Family_Dynamic" VALUES (318,'U','GT3','T','mother');
INSERT INTO "Family_Dynamic" VALUES (319,'R','GT3','T','father');
INSERT INTO "Family_Dynamic" VALUES (320,'U','GT3','T','mother');
INSERT INTO "Family_Dynamic" VALUES (321,'U','GT3','A','mother');
INSERT INTO "Family_Dynamic" VALUES (322,'U','GT3','T','mother');
INSERT INTO "Family_Dynamic" VALUES (323,'R','LE3','T','mother');
INSERT INTO "Family_Dynamic" VALUES (324,'U','GT3','T','father');
INSERT INTO "Family_Dynamic" VALUES (325,'U','LE3','T','father');
INSERT INTO "Family_Dynamic" VALUES (326,'U','GT3','T','mother');
INSERT INTO "Family_Dynamic" VALUES (327,'U','GT3','T','mother');
INSERT INTO "Family_Dynamic" VALUES (328,'R','GT3','T','mother');
INSERT INTO "Family_Dynamic" VALUES (329,'U','GT3','T','mother');
INSERT INTO "Family_Dynamic" VALUES (330,'U','GT3','T','mother');
INSERT INTO "Family_Dynamic" VALUES (331,'U','LE3','T','mother');
INSERT INTO "Family_Dynamic" VALUES (332,'R','GT3','T','father');
INSERT INTO "Family_Dynamic" VALUES (333,'U','GT3','T','mother');
INSERT INTO "Family_Dynamic" VALUES (334,'U','LE3','T','other');
INSERT INTO "Family_Dynamic" VALUES (335,'R','GT3','T','mother');
INSERT INTO "Family_Dynamic" VALUES (336,'U','GT3','T','mother');
INSERT INTO "Family_Dynamic" VALUES (337,'R','GT3','A','other');
INSERT INTO "Family_Dynamic" VALUES (338,'U','GT3','T','mother');
INSERT INTO "Family_Dynamic" VALUES (339,'U','LE3','T','mother');
INSERT INTO "Family_Dynamic" VALUES (340,'R','GT3','A','mother');
INSERT INTO "Family_Dynamic" VALUES (341,'U','GT3','T','other');
INSERT INTO "Family_Dynamic" VALUES (342,'U','GT3','T','father');
INSERT INTO "Family_Dynamic" VALUES (343,'U','LE3','T','mother');
INSERT INTO "Family_Dynamic" VALUES (344,'U','GT3','A','father');
INSERT INTO "Family_Dynamic" VALUES (345,'U','GT3','T','mother');
INSERT INTO "Family_Dynamic" VALUES (346,'U','GT3','T','mother');
INSERT INTO "Family_Dynamic" VALUES (347,'R','GT3','T','mother');
INSERT INTO "Family_Dynamic" VALUES (348,'U','GT3','T','mother');
INSERT INTO "Family_Dynamic" VALUES (349,'U','GT3','T','mother');
INSERT INTO "Family_Dynamic" VALUES (350,'R','GT3','T','mother');
INSERT INTO "Family_Dynamic" VALUES (351,'R','GT3','T','other');
INSERT INTO "Family_Dynamic" VALUES (352,'U','GT3','T','mother');
INSERT INTO "Family_Dynamic" VALUES (353,'U','LE3','T','mother');
INSERT INTO "Family_Dynamic" VALUES (354,'R','GT3','T','other');
INSERT INTO "Family_Dynamic" VALUES (355,'R','GT3','T','mother');
INSERT INTO "Family_Dynamic" VALUES (356,'U','GT3','T','father');
INSERT INTO "Family_Dynamic" VALUES (357,'R','GT3','T','father');
INSERT INTO "Family_Dynamic" VALUES (358,'U','LE3','A','mother');
INSERT INTO "Family_Dynamic" VALUES (359,'U','LE3','T','father');
INSERT INTO "Family_Dynamic" VALUES (360,'U','LE3','T','father');
INSERT INTO "Family_Dynamic" VALUES (361,'R','LE3','A','mother');
INSERT INTO "Family_Dynamic" VALUES (362,'R','LE3','T','mother');
INSERT INTO "Family_Dynamic" VALUES (363,'U','GT3','T','mother');
INSERT INTO "Family_Dynamic" VALUES (364,'U','LE3','T','mother');
INSERT INTO "Family_Dynamic" VALUES (365,'R','GT3','T','father');
INSERT INTO "Family_Dynamic" VALUES (366,'R','GT3','T','mother');
INSERT INTO "Family_Dynamic" VALUES (367,'U','LE3','T','mother');
INSERT INTO "Family_Dynamic" VALUES (368,'R','GT3','T','mother');
INSERT INTO "Family_Dynamic" VALUES (369,'U','GT3','T','father');
INSERT INTO "Family_Dynamic" VALUES (370,'R','GT3','T','father');
INSERT INTO "Family_Dynamic" VALUES (371,'U','LE3','T','other');
INSERT INTO "Family_Dynamic" VALUES (372,'R','LE3','T','father');
INSERT INTO "Family_Dynamic" VALUES (373,'U','GT3','T','mother');
INSERT INTO "Family_Dynamic" VALUES (374,'R','GT3','T','mother');
INSERT INTO "Family_Dynamic" VALUES (375,'R','LE3','T','mother');
INSERT INTO "Family_Dynamic" VALUES (376,'R','GT3','T','mother');
INSERT INTO "Family_Dynamic" VALUES (377,'U','GT3','T','other');
INSERT INTO "Family_Dynamic" VALUES (378,'R','LE3','T','mother');
INSERT INTO "Family_Dynamic" VALUES (379,'U','GT3','T','mother');
INSERT INTO "Family_Dynamic" VALUES (380,'R','GT3','T','mother');
INSERT INTO "Family_Dynamic" VALUES (381,'U','GT3','T','father');
INSERT INTO "Family_Dynamic" VALUES (382,'R','GT3','T','mother');
INSERT INTO "Family_Dynamic" VALUES (383,'U','GT3','T','father');
INSERT INTO "Family_Dynamic" VALUES (384,'R','GT3','T','mother');
INSERT INTO "Family_Dynamic" VALUES (385,'R','GT3','T','father');
INSERT INTO "Family_Dynamic" VALUES (386,'R','GT3','T','mother');
INSERT INTO "Family_Dynamic" VALUES (387,'R','GT3','T','mother');
INSERT INTO "Family_Dynamic" VALUES (388,'R','GT3','T','mother');
INSERT INTO "Family_Dynamic" VALUES (389,'U','LE3','T','mother');
INSERT INTO "Family_Dynamic" VALUES (390,'U','GT3','T','mother');
INSERT INTO "Family_Dynamic" VALUES (391,'U','LE3','A','other');
INSERT INTO "Family_Dynamic" VALUES (392,'U','LE3','T','mother');
INSERT INTO "Family_Dynamic" VALUES (393,'R','GT3','T','other');
INSERT INTO "Family_Dynamic" VALUES (394,'R','LE3','T','mother');
INSERT INTO "Family_Dynamic" VALUES (395,'U','LE3','T','father');
INSERT INTO "Family_Dynamic" VALUES (396,'U','GT3','A','mother');
INSERT INTO "Family_Dynamic" VALUES (397,'U','GT3','T','father');
INSERT INTO "Family_Dynamic" VALUES (398,'U','LE3','T','mother');
INSERT INTO "Family_Dynamic" VALUES (399,'U','GT3','T','mother');
INSERT INTO "Family_Dynamic" VALUES (400,'U','GT3','T','father');
INSERT INTO "Family_Dynamic" VALUES (401,'U','LE3','T','mother');
INSERT INTO "Family_Dynamic" VALUES (402,'U','LE3','T','mother');
INSERT INTO "Family_Dynamic" VALUES (403,'U','GT3','A','mother');
INSERT INTO "Family_Dynamic" VALUES (404,'U','LE3','A','mother');
INSERT INTO "Family_Dynamic" VALUES (405,'U','GT3','T','mother');
INSERT INTO "Family_Dynamic" VALUES (406,'U','GT3','T','mother');
INSERT INTO "Family_Dynamic" VALUES (407,'U','GT3','T','father');
INSERT INTO "Family_Dynamic" VALUES (408,'U','LE3','T','father');
INSERT INTO "Family_Dynamic" VALUES (409,'U','GT3','T','mother');
INSERT INTO "Family_Dynamic" VALUES (410,'U','GT3','A','other');
INSERT INTO "Family_Dynamic" VALUES (411,'U','GT3','T','mother');
INSERT INTO "Family_Dynamic" VALUES (412,'U','GT3','T','mother');
INSERT INTO "Family_Dynamic" VALUES (413,'U','GT3','T','mother');
INSERT INTO "Family_Dynamic" VALUES (414,'U','GT3','T','mother');
INSERT INTO "Family_Dynamic" VALUES (415,'U','LE3','T','father');
INSERT INTO "Family_Dynamic" VALUES (416,'U','GT3','T','mother');
INSERT INTO "Family_Dynamic" VALUES (417,'U','GT3','T','father');
INSERT INTO "Family_Dynamic" VALUES (418,'U','LE3','T','mother');
INSERT INTO "Family_Dynamic" VALUES (419,'U','LE3','T','mother');
INSERT INTO "Family_Dynamic" VALUES (420,'R','GT3','T','mother');
INSERT INTO "Family_Dynamic" VALUES (421,'U','GT3','T','mother');
INSERT INTO "Family_Dynamic" VALUES (422,'U','GT3','T','mother');
INSERT INTO "Family_Dynamic" VALUES (423,'U','GT3','T','mother');
INSERT INTO "Family_Dynamic" VALUES (424,'U','LE3','A','mother');
INSERT INTO "Family_Dynamic" VALUES (425,'U','GT3','T','mother');
INSERT INTO "Family_Dynamic" VALUES (426,'U','GT3','T','mother');
INSERT INTO "Family_Dynamic" VALUES (427,'U','GT3','T','mother');
INSERT INTO "Family_Dynamic" VALUES (428,'R','GT3','T','mother');
INSERT INTO "Family_Dynamic" VALUES (429,'U','LE3','T','mother');
INSERT INTO "Family_Dynamic" VALUES (430,'U','GT3','T','mother');
INSERT INTO "Family_Dynamic" VALUES (431,'U','GT3','T','father');
INSERT INTO "Family_Dynamic" VALUES (432,'U','LE3','T','mother');
INSERT INTO "Family_Dynamic" VALUES (433,'R','GT3','A','mother');
INSERT INTO "Family_Dynamic" VALUES (434,'R','GT3','T','mother');
INSERT INTO "Family_Dynamic" VALUES (435,'R','GT3','T','mother');
INSERT INTO "Family_Dynamic" VALUES (436,'U','LE3','T','mother');
INSERT INTO "Family_Dynamic" VALUES (437,'U','LE3','T','other');
INSERT INTO "Family_Dynamic" VALUES (438,'U','GT3','T','father');
INSERT INTO "Family_Dynamic" VALUES (439,'U','GT3','T','father');
INSERT INTO "Family_Dynamic" VALUES (440,'U','LE3','T','father');
INSERT INTO "Family_Dynamic" VALUES (441,'U','LE3','A','mother');
INSERT INTO "Family_Dynamic" VALUES (442,'U','LE3','A','mother');
INSERT INTO "Family_Dynamic" VALUES (443,'U','GT3','T','mother');
INSERT INTO "Family_Dynamic" VALUES (444,'U','GT3','T','mother');
INSERT INTO "Family_Dynamic" VALUES (445,'U','GT3','T','father');
INSERT INTO "Family_Dynamic" VALUES (446,'U','LE3','T','mother');
INSERT INTO "Family_Dynamic" VALUES (447,'U','LE3','T','mother');
INSERT INTO "Family_Dynamic" VALUES (448,'U','LE3','A','father');
INSERT INTO "Family_Dynamic" VALUES (449,'U','GT3','T','mother');
INSERT INTO "Family_Dynamic" VALUES (450,'U','LE3','A','mother');
INSERT INTO "Family_Dynamic" VALUES (451,'U','GT3','A','mother');
INSERT INTO "Family_Dynamic" VALUES (452,'U','GT3','A','mother');
INSERT INTO "Family_Dynamic" VALUES (453,'U','GT3','T','mother');
INSERT INTO "Family_Dynamic" VALUES (454,'U','LE3','T','father');
INSERT INTO "Family_Dynamic" VALUES (455,'U','GT3','T','mother');
INSERT INTO "Family_Dynamic" VALUES (456,'R','GT3','T','mother');
INSERT INTO "Family_Dynamic" VALUES (457,'U','GT3','T','father');
INSERT INTO "Family_Dynamic" VALUES (458,'U','LE3','T','father');
INSERT INTO "Family_Dynamic" VALUES (459,'U','GT3','T','mother');
INSERT INTO "Family_Dynamic" VALUES (460,'U','LE3','T','father');
INSERT INTO "Family_Dynamic" VALUES (461,'U','LE3','T','mother');
INSERT INTO "Family_Dynamic" VALUES (462,'U','GT3','A','mother');
INSERT INTO "Family_Dynamic" VALUES (463,'U','GT3','T','mother');
INSERT INTO "Family_Dynamic" VALUES (464,'R','LE3','T','mother');
INSERT INTO "Family_Dynamic" VALUES (465,'R','LE3','T','father');
INSERT INTO "Family_Dynamic" VALUES (466,'U','GT3','T','father');
INSERT INTO "Family_Dynamic" VALUES (467,'U','GT3','T','mother');
INSERT INTO "Family_Dynamic" VALUES (468,'R','GT3','T','mother');
INSERT INTO "Family_Dynamic" VALUES (469,'U','GT3','T','mother');
INSERT INTO "Family_Dynamic" VALUES (470,'U','GT3','T','mother');
INSERT INTO "Family_Dynamic" VALUES (471,'U','GT3','T','mother');
INSERT INTO "Family_Dynamic" VALUES (472,'U','GT3','T','mother');
INSERT INTO "Family_Dynamic" VALUES (473,'U','GT3','T','mother');
INSERT INTO "Family_Dynamic" VALUES (474,'U','GT3','T','mother');
INSERT INTO "Family_Dynamic" VALUES (475,'U','GT3','T','mother');
INSERT INTO "Family_Dynamic" VALUES (476,'U','GT3','T','father');
INSERT INTO "Family_Dynamic" VALUES (477,'U','GT3','T','mother');
INSERT INTO "Family_Dynamic" VALUES (478,'U','LE3','T','mother');
INSERT INTO "Family_Dynamic" VALUES (479,'U','LE3','T','mother');
INSERT INTO "Family_Dynamic" VALUES (480,'U','GT3','T','father');
INSERT INTO "Family_Dynamic" VALUES (481,'U','GT3','T','father');
INSERT INTO "Family_Dynamic" VALUES (482,'U','LE3','T','mother');
INSERT INTO "Family_Dynamic" VALUES (483,'U','GT3','T','mother');
INSERT INTO "Family_Dynamic" VALUES (484,'U','GT3','T','father');
INSERT INTO "Family_Dynamic" VALUES (485,'U','LE3','A','mother');
INSERT INTO "Family_Dynamic" VALUES (486,'U','GT3','T','mother');
INSERT INTO "Family_Dynamic" VALUES (487,'U','GT3','T','mother');
INSERT INTO "Family_Dynamic" VALUES (488,'U','LE3','T','father');
INSERT INTO "Family_Dynamic" VALUES (489,'U','GT3','T','mother');
INSERT INTO "Family_Dynamic" VALUES (490,'U','LE3','T','mother');
INSERT INTO "Family_Dynamic" VALUES (491,'R','GT3','T','mother');
INSERT INTO "Family_Dynamic" VALUES (492,'R','GT3','T','mother');
INSERT INTO "Family_Dynamic" VALUES (493,'U','GT3','T','mother');
INSERT INTO "Family_Dynamic" VALUES (494,'U','GT3','T','mother');
INSERT INTO "Family_Dynamic" VALUES (495,'U','GT3','T','mother');
INSERT INTO "Family_Dynamic" VALUES (496,'U','GT3','T','mother');
INSERT INTO "Family_Dynamic" VALUES (497,'U','GT3','T','father');
INSERT INTO "Family_Dynamic" VALUES (498,'U','GT3','T','mother');
INSERT INTO "Family_Dynamic" VALUES (499,'U','GT3','T','mother');
INSERT INTO "Family_Dynamic" VALUES (500,'U','GT3','A','mother');
INSERT INTO "Family_Dynamic" VALUES (501,'U','GT3','A','father');
INSERT INTO "Family_Dynamic" VALUES (502,'U','GT3','T','mother');
INSERT INTO "Family_Dynamic" VALUES (503,'U','GT3','T','father');
INSERT INTO "Family_Dynamic" VALUES (504,'R','GT3','T','father');
INSERT INTO "Family_Dynamic" VALUES (505,'U','LE3','T','mother');
INSERT INTO "Family_Dynamic" VALUES (506,'U','LE3','A','mother');
INSERT INTO "Family_Dynamic" VALUES (507,'R','GT3','T','father');
INSERT INTO "Family_Dynamic" VALUES (508,'U','GT3','T','mother');
INSERT INTO "Family_Dynamic" VALUES (509,'U','LE3','T','mother');
INSERT INTO "Family_Dynamic" VALUES (510,'R','GT3','T','mother');
INSERT INTO "Family_Dynamic" VALUES (511,'U','GT3','T','father');
INSERT INTO "Family_Dynamic" VALUES (512,'U','GT3','T','father');
INSERT INTO "Family_Dynamic" VALUES (513,'U','GT3','T','father');
INSERT INTO "Family_Dynamic" VALUES (514,'R','GT3','T','father');
INSERT INTO "Family_Dynamic" VALUES (515,'U','GT3','T','father');
INSERT INTO "Family_Dynamic" VALUES (516,'U','GT3','T','mother');
INSERT INTO "Family_Dynamic" VALUES (517,'U','GT3','T','father');
INSERT INTO "Family_Dynamic" VALUES (518,'U','LE3','T','father');
INSERT INTO "Family_Dynamic" VALUES (519,'U','GT3','T','mother');
INSERT INTO "Family_Dynamic" VALUES (520,'U','GT3','T','mother');
INSERT INTO "Family_Dynamic" VALUES (521,'U','GT3','T','father');
INSERT INTO "Family_Dynamic" VALUES (522,'U','LE3','A','mother');
INSERT INTO "Family_Dynamic" VALUES (523,'U','GT3','T','other');
INSERT INTO "Family_Dynamic" VALUES (524,'R','GT3','T','mother');
INSERT INTO "Family_Dynamic" VALUES (525,'U','GT3','T','mother');
INSERT INTO "Family_Dynamic" VALUES (526,'R','GT3','T','father');
INSERT INTO "Family_Dynamic" VALUES (527,'U','GT3','T','mother');
INSERT INTO "Family_Dynamic" VALUES (528,'U','LE3','A','mother');
INSERT INTO "Family_Dynamic" VALUES (529,'U','GT3','T','mother');
INSERT INTO "Family_Dynamic" VALUES (530,'U','LE3','T','father');
INSERT INTO "Family_Dynamic" VALUES (531,'U','GT3','A','father');
INSERT INTO "Family_Dynamic" VALUES (532,'U','GT3','T','mother');
INSERT INTO "Family_Dynamic" VALUES (533,'U','GT3','A','mother');
INSERT INTO "Family_Dynamic" VALUES (534,'R','GT3','T','mother');
INSERT INTO "Family_Dynamic" VALUES (535,'U','GT3','T','mother');
INSERT INTO "Family_Dynamic" VALUES (536,'R','GT3','T','mother');
INSERT INTO "Family_Dynamic" VALUES (537,'R','GT3','T','mother');
INSERT INTO "Family_Dynamic" VALUES (538,'U','LE3','T','mother');
INSERT INTO "Family_Dynamic" VALUES (539,'U','GT3','A','other');
INSERT INTO "Family_Dynamic" VALUES (540,'R','GT3','T','mother');
INSERT INTO "Family_Dynamic" VALUES (541,'U','GT3','A','other');
INSERT INTO "Family_Dynamic" VALUES (542,'U','LE3','T','mother');
INSERT INTO "Family_Dynamic" VALUES (543,'U','GT3','T','mother');
INSERT INTO "Family_Dynamic" VALUES (544,'R','GT3','T','mother');
INSERT INTO "Family_Dynamic" VALUES (545,'U','GT3','T','father');
INSERT INTO "Family_Dynamic" VALUES (546,'U','GT3','A','mother');
INSERT INTO "Family_Dynamic" VALUES (547,'U','GT3','T','mother');
INSERT INTO "Family_Dynamic" VALUES (548,'U','LE3','T','father');
INSERT INTO "Family_Dynamic" VALUES (549,'U','GT3','T','mother');
INSERT INTO "Family_Dynamic" VALUES (550,'U','LE3','T','mother');
INSERT INTO "Family_Dynamic" VALUES (551,'U','GT3','T','mother');
INSERT INTO "Family_Dynamic" VALUES (552,'U','GT3','T','father');
INSERT INTO "Family_Dynamic" VALUES (553,'U','LE3','A','mother');
INSERT INTO "Family_Dynamic" VALUES (554,'U','GT3','T','father');
INSERT INTO "Family_Dynamic" VALUES (555,'U','GT3','T','mother');
INSERT INTO "Family_Dynamic" VALUES (556,'U','GT3','T','father');
INSERT INTO "Family_Dynamic" VALUES (557,'U','GT3','T','mother');
INSERT INTO "Family_Dynamic" VALUES (558,'U','LE3','A','mother');
INSERT INTO "Family_Dynamic" VALUES (559,'U','LE3','T','mother');
INSERT INTO "Family_Dynamic" VALUES (560,'U','LE3','T','mother');
INSERT INTO "Family_Dynamic" VALUES (561,'R','GT3','T','other');
INSERT INTO "Family_Dynamic" VALUES (562,'U','GT3','T','mother');
INSERT INTO "Family_Dynamic" VALUES (563,'U','GT3','T','mother');
INSERT INTO "Family_Dynamic" VALUES (564,'R','GT3','T','mother');
INSERT INTO "Family_Dynamic" VALUES (565,'R','LE3','T','mother');
INSERT INTO "Family_Dynamic" VALUES (566,'R','GT3','T','mother');
INSERT INTO "Family_Dynamic" VALUES (567,'R','GT3','T','mother');
INSERT INTO "Family_Dynamic" VALUES (568,'U','GT3','T','father');
INSERT INTO "Family_Dynamic" VALUES (569,'U','LE3','T','mother');
INSERT INTO "Family_Dynamic" VALUES (570,'R','LE3','T','mother');
INSERT INTO "Family_Dynamic" VALUES (571,'R','GT3','T','mother');
INSERT INTO "Family_Dynamic" VALUES (572,'U','LE3','T','mother');
INSERT INTO "Family_Dynamic" VALUES (573,'U','GT3','T','father');
INSERT INTO "Family_Dynamic" VALUES (574,'R','LE3','T','mother');
INSERT INTO "Family_Dynamic" VALUES (575,'U','GT3','T','mother');
INSERT INTO "Family_Dynamic" VALUES (576,'U','GT3','T','father');
INSERT INTO "Family_Dynamic" VALUES (577,'U','GT3','T','father');
INSERT INTO "Family_Dynamic" VALUES (578,'U','GT3','T','mother');
INSERT INTO "Family_Dynamic" VALUES (579,'U','GT3','T','mother');
INSERT INTO "Family_Dynamic" VALUES (580,'U','GT3','T','father');
INSERT INTO "Family_Dynamic" VALUES (581,'U','GT3','T','mother');
INSERT INTO "Family_Dynamic" VALUES (582,'U','LE3','T','mother');
INSERT INTO "Family_Dynamic" VALUES (583,'U','GT3','T','mother');
INSERT INTO "Family_Dynamic" VALUES (584,'U','LE3','T','mother');
INSERT INTO "Family_Dynamic" VALUES (585,'U','LE3','T','mother');
INSERT INTO "Family_Dynamic" VALUES (586,'U','GT3','T','mother');
INSERT INTO "Family_Dynamic" VALUES (587,'U','GT3','T','father');
INSERT INTO "Family_Dynamic" VALUES (588,'R','GT3','T','mother');
INSERT INTO "Family_Dynamic" VALUES (589,'U','GT3','T','mother');
INSERT INTO "Family_Dynamic" VALUES (590,'U','GT3','T','mother');
INSERT INTO "Family_Dynamic" VALUES (591,'U','GT3','T','mother');
INSERT INTO "Family_Dynamic" VALUES (592,'U','GT3','T','father');
INSERT INTO "Family_Dynamic" VALUES (593,'U','LE3','T','mother');
INSERT INTO "Family_Dynamic" VALUES (594,'U','GT3','T','mother');
INSERT INTO "Family_Dynamic" VALUES (595,'U','GT3','T','mother');
INSERT INTO "Family_Dynamic" VALUES (596,'U','GT3','T','mother');
INSERT INTO "Family_Dynamic" VALUES (597,'U','LE3','T','mother');
INSERT INTO "Family_Dynamic" VALUES (598,'U','GT3','A','mother');
INSERT INTO "Family_Dynamic" VALUES (599,'R','GT3','T','mother');
INSERT INTO "Family_Dynamic" VALUES (600,'U','GT3','T','mother');
INSERT INTO "Family_Dynamic" VALUES (601,'U','GT3','T','mother');
INSERT INTO "Family_Dynamic" VALUES (602,'U','GT3','T','other');
INSERT INTO "Family_Dynamic" VALUES (603,'R','GT3','T','mother');
INSERT INTO "Family_Dynamic" VALUES (604,'U','GT3','T','father');
INSERT INTO "Family_Dynamic" VALUES (605,'U','LE3','T','father');
INSERT INTO "Family_Dynamic" VALUES (606,'U','GT3','T','mother');
INSERT INTO "Family_Dynamic" VALUES (607,'R','LE3','T','father');
INSERT INTO "Family_Dynamic" VALUES (608,'U','GT3','T','mother');
INSERT INTO "Family_Dynamic" VALUES (609,'U','LE3','T','mother');
INSERT INTO "Family_Dynamic" VALUES (610,'U','GT3','T','mother');
INSERT INTO "Family_Dynamic" VALUES (611,'U','GT3','T','mother');
INSERT INTO "Family_Dynamic" VALUES (612,'U','GT3','T','mother');
INSERT INTO "Family_Dynamic" VALUES (613,'R','GT3','T','mother');
INSERT INTO "Family_Dynamic" VALUES (614,'R','GT3','T','mother');
INSERT INTO "Family_Dynamic" VALUES (615,'U','GT3','T','mother');
INSERT INTO "Family_Dynamic" VALUES (616,'U','GT3','A','mother');
INSERT INTO "Family_Dynamic" VALUES (617,'U','GT3','T','mother');
INSERT INTO "Family_Dynamic" VALUES (618,'U','GT3','T','mother');
INSERT INTO "Family_Dynamic" VALUES (619,'R','GT3','T','mother');
INSERT INTO "Family_Dynamic" VALUES (620,'U','GT3','T','other');
INSERT INTO "Family_Dynamic" VALUES (621,'U','LE3','T','mother');
INSERT INTO "Family_Dynamic" VALUES (622,'U','GT3','A','mother');
INSERT INTO "Family_Dynamic" VALUES (623,'U','GT3','T','mother');
INSERT INTO "Family_Dynamic" VALUES (624,'R','LE3','T','mother');
INSERT INTO "Family_Dynamic" VALUES (625,'U','LE3','T','mother');
INSERT INTO "Family_Dynamic" VALUES (626,'U','GT3','T','mother');
INSERT INTO "Family_Dynamic" VALUES (627,'U','LE3','T','father');
INSERT INTO "Family_Dynamic" VALUES (628,'U','GT3','T','father');
INSERT INTO "Family_Dynamic" VALUES (629,'U','GT3','T','mother');
INSERT INTO "Family_Dynamic" VALUES (630,'R','GT3','T','mother');
INSERT INTO "Family_Dynamic" VALUES (631,'U','GT3','T','mother');
INSERT INTO "Family_Dynamic" VALUES (632,'U','GT3','T','mother');
INSERT INTO "Family_Dynamic" VALUES (633,'U','GT3','T','mother');
INSERT INTO "Family_Dynamic" VALUES (634,'U','GT3','T','mother');
INSERT INTO "Family_Dynamic" VALUES (635,'R','GT3','T','mother');
INSERT INTO "Family_Dynamic" VALUES (636,'U','GT3','T','mother');
INSERT INTO "Family_Dynamic" VALUES (637,'U','LE3','T','father');
INSERT INTO "Family_Dynamic" VALUES (638,'U','LE3','T','mother');
INSERT INTO "Family_Dynamic" VALUES (639,'U','GT3','A','mother');
INSERT INTO "Family_Dynamic" VALUES (640,'U','LE3','T','father');
INSERT INTO "Family_Dynamic" VALUES (641,'R','GT3','T','father');
INSERT INTO "Family_Dynamic" VALUES (642,'U','GT3','T','mother');
INSERT INTO "Family_Dynamic" VALUES (643,'U','GT3','T','father');
INSERT INTO "Family_Dynamic" VALUES (644,'U','LE3','T','mother');
INSERT INTO "Family_Dynamic" VALUES (645,'U','GT3','T','mother');
INSERT INTO "Family_Dynamic" VALUES (646,'U','LE3','T','father');
INSERT INTO "Family_Dynamic" VALUES (647,'U','GT3','T','mother');
INSERT INTO "Family_Dynamic" VALUES (648,'U','GT3','A','mother');
INSERT INTO "Family_Dynamic" VALUES (649,'U','LE3','A','mother');
INSERT INTO "Family_Dynamic" VALUES (650,'U','LE3','T','mother');
INSERT INTO "Family_Dynamic" VALUES (651,'U','GT3','T','mother');
INSERT INTO "Family_Dynamic" VALUES (652,'U','GT3','T','other');
INSERT INTO "Family_Dynamic" VALUES (653,'U','GT3','T','mother');
INSERT INTO "Family_Dynamic" VALUES (654,'U','GT3','T','father');
INSERT INTO "Family_Dynamic" VALUES (655,'U','LE3','T','mother');
INSERT INTO "Family_Dynamic" VALUES (656,'U','GT3','T','mother');
INSERT INTO "Family_Dynamic" VALUES (657,'R','GT3','T','mother');
INSERT INTO "Family_Dynamic" VALUES (658,'R','LE3','A','other');
INSERT INTO "Family_Dynamic" VALUES (659,'U','GT3','T','father');
INSERT INTO "Family_Dynamic" VALUES (660,'U','LE3','A','mother');
INSERT INTO "Family_Dynamic" VALUES (661,'R','LE3','T','mother');
INSERT INTO "Family_Dynamic" VALUES (662,'U','LE3','A','mother');
INSERT INTO "Family_Dynamic" VALUES (663,'U','LE3','T','mother');
INSERT INTO "Family_Dynamic" VALUES (664,'R','LE3','A','mother');
INSERT INTO "Family_Dynamic" VALUES (665,'U','LE3','T','mother');
INSERT INTO "Family_Dynamic" VALUES (666,'U','GT3','T','mother');
INSERT INTO "Family_Dynamic" VALUES (667,'U','GT3','T','mother');
INSERT INTO "Family_Dynamic" VALUES (668,'R','GT3','T','father');
INSERT INTO "Family_Dynamic" VALUES (669,'U','GT3','T','mother');
INSERT INTO "Family_Dynamic" VALUES (670,'U','GT3','T','mother');
INSERT INTO "Family_Dynamic" VALUES (671,'U','GT3','T','other');
INSERT INTO "Family_Dynamic" VALUES (672,'U','GT3','T','mother');
INSERT INTO "Family_Dynamic" VALUES (673,'U','GT3','T','father');
INSERT INTO "Family_Dynamic" VALUES (674,'U','GT3','T','father');
INSERT INTO "Family_Dynamic" VALUES (675,'U','GT3','T','mother');
INSERT INTO "Family_Dynamic" VALUES (676,'R','LE3','T','mother');
INSERT INTO "Family_Dynamic" VALUES (677,'U','GT3','T','mother');
INSERT INTO "Family_Dynamic" VALUES (678,'U','GT3','T','mother');
INSERT INTO "Family_Dynamic" VALUES (679,'U','GT3','T','other');
INSERT INTO "Family_Dynamic" VALUES (680,'U','GT3','T','mother');
INSERT INTO "Family_Dynamic" VALUES (681,'R','GT3','T','mother');
INSERT INTO "Family_Dynamic" VALUES (682,'R','GT3','T','mother');
INSERT INTO "Family_Dynamic" VALUES (683,'U','LE3','T','mother');
INSERT INTO "Family_Dynamic" VALUES (684,'U','LE3','A','mother');
INSERT INTO "Family_Dynamic" VALUES (685,'U','LE3','T','mother');
INSERT INTO "Family_Dynamic" VALUES (686,'U','GT3','T','mother');
INSERT INTO "Family_Dynamic" VALUES (687,'U','LE3','T','mother');
INSERT INTO "Family_Dynamic" VALUES (688,'R','GT3','T','mother');
INSERT INTO "Family_Dynamic" VALUES (689,'U','LE3','T','mother');
INSERT INTO "Family_Dynamic" VALUES (690,'R','GT3','T','mother');
INSERT INTO "Family_Dynamic" VALUES (691,'U','LE3','A','mother');
INSERT INTO "Family_Dynamic" VALUES (692,'U','GT3','T','mother');
INSERT INTO "Family_Dynamic" VALUES (693,'R','GT3','T','mother');
INSERT INTO "Family_Dynamic" VALUES (694,'U','LE3','T','father');
INSERT INTO "Family_Dynamic" VALUES (695,'R','GT3','T','other');
INSERT INTO "Family_Dynamic" VALUES (696,'U','GT3','T','father');
INSERT INTO "Family_Dynamic" VALUES (697,'U','GT3','T','mother');
INSERT INTO "Family_Dynamic" VALUES (698,'R','GT3','T','mother');
INSERT INTO "Family_Dynamic" VALUES (699,'U','GT3','T','mother');
INSERT INTO "Family_Dynamic" VALUES (700,'U','GT3','T','mother');
INSERT INTO "Family_Dynamic" VALUES (701,'U','GT3','T','father');
INSERT INTO "Family_Dynamic" VALUES (702,'R','LE3','A','mother');
INSERT INTO "Family_Dynamic" VALUES (703,'U','GT3','T','mother');
INSERT INTO "Family_Dynamic" VALUES (704,'R','GT3','T','mother');
INSERT INTO "Family_Dynamic" VALUES (705,'U','GT3','T','father');
INSERT INTO "Family_Dynamic" VALUES (706,'R','GT3','T','mother');
INSERT INTO "Family_Dynamic" VALUES (707,'U','GT3','T','other');
INSERT INTO "Family_Dynamic" VALUES (708,'U','GT3','T','father');
INSERT INTO "Family_Dynamic" VALUES (709,'U','LE3','T','mother');
INSERT INTO "Family_Dynamic" VALUES (710,'R','GT3','T','mother');
INSERT INTO "Family_Dynamic" VALUES (711,'U','GT3','T','mother');
INSERT INTO "Family_Dynamic" VALUES (712,'U','GT3','T','mother');
INSERT INTO "Family_Dynamic" VALUES (713,'U','LE3','T','mother');
INSERT INTO "Family_Dynamic" VALUES (714,'R','GT3','A','mother');
INSERT INTO "Family_Dynamic" VALUES (715,'U','GT3','T','mother');
INSERT INTO "Family_Dynamic" VALUES (716,'U','GT3','T','father');
INSERT INTO "Family_Dynamic" VALUES (717,'U','GT3','T','father');
INSERT INTO "Family_Dynamic" VALUES (718,'R','GT3','T','father');
INSERT INTO "Family_Dynamic" VALUES (719,'U','LE3','T','mother');
INSERT INTO "Family_Dynamic" VALUES (720,'U','GT3','T','other');
INSERT INTO "Family_Dynamic" VALUES (721,'U','LE3','A','mother');
INSERT INTO "Family_Dynamic" VALUES (722,'U','LE3','A','mother');
INSERT INTO "Family_Dynamic" VALUES (723,'R','LE3','T','mother');
INSERT INTO "Family_Dynamic" VALUES (724,'U','GT3','T','mother');
INSERT INTO "Family_Dynamic" VALUES (725,'U','GT3','T','mother');
INSERT INTO "Family_Dynamic" VALUES (726,'U','GT3','T','mother');
INSERT INTO "Family_Dynamic" VALUES (727,'U','GT3','T','father');
INSERT INTO "Family_Dynamic" VALUES (728,'U','GT3','T','mother');
INSERT INTO "Family_Dynamic" VALUES (729,'U','GT3','T','mother');
INSERT INTO "Family_Dynamic" VALUES (730,'U','GT3','T','mother');
INSERT INTO "Family_Dynamic" VALUES (731,'U','LE3','A','mother');
INSERT INTO "Family_Dynamic" VALUES (732,'U','GT3','T','mother');
INSERT INTO "Family_Dynamic" VALUES (733,'U','GT3','T','mother');
INSERT INTO "Family_Dynamic" VALUES (734,'R','LE3','T','mother');
INSERT INTO "Family_Dynamic" VALUES (735,'R','LE3','T','mother');
INSERT INTO "Family_Dynamic" VALUES (736,'U','GT3','T','mother');
INSERT INTO "Family_Dynamic" VALUES (737,'U','GT3','T','other');
INSERT INTO "Family_Dynamic" VALUES (738,'U','LE3','T','other');
INSERT INTO "Family_Dynamic" VALUES (739,'U','GT3','T','father');
INSERT INTO "Family_Dynamic" VALUES (740,'U','LE3','T','mother');
INSERT INTO "Family_Dynamic" VALUES (741,'U','LE3','A','mother');
INSERT INTO "Family_Dynamic" VALUES (742,'U','LE3','T','father');
INSERT INTO "Family_Dynamic" VALUES (743,'R','GT3','T','mother');
INSERT INTO "Family_Dynamic" VALUES (744,'U','GT3','T','mother');
INSERT INTO "Family_Dynamic" VALUES (745,'U','GT3','T','father');
INSERT INTO "Family_Dynamic" VALUES (746,'R','LE3','T','mother');
INSERT INTO "Family_Dynamic" VALUES (747,'U','GT3','A','other');
INSERT INTO "Family_Dynamic" VALUES (748,'R','GT3','T','father');
INSERT INTO "Family_Dynamic" VALUES (749,'U','GT3','T','mother');
INSERT INTO "Family_Dynamic" VALUES (750,'U','GT3','T','mother');
INSERT INTO "Family_Dynamic" VALUES (751,'U','GT3','T','father');
INSERT INTO "Family_Dynamic" VALUES (752,'R','GT3','T','mother');
INSERT INTO "Family_Dynamic" VALUES (753,'U','GT3','T','mother');
INSERT INTO "Family_Dynamic" VALUES (754,'U','LE3','T','mother');
INSERT INTO "Family_Dynamic" VALUES (755,'R','GT3','T','father');
INSERT INTO "Family_Dynamic" VALUES (756,'U','GT3','T','father');
INSERT INTO "Family_Dynamic" VALUES (757,'U','GT3','T','mother');
INSERT INTO "Family_Dynamic" VALUES (758,'U','GT3','T','mother');
INSERT INTO "Family_Dynamic" VALUES (759,'U','GT3','T','mother');
INSERT INTO "Family_Dynamic" VALUES (760,'U','GT3','T','mother');
INSERT INTO "Family_Dynamic" VALUES (761,'U','GT3','A','mother');
INSERT INTO "Family_Dynamic" VALUES (762,'U','LE3','A','mother');
INSERT INTO "Family_Dynamic" VALUES (763,'U','LE3','T','father');
INSERT INTO "Family_Dynamic" VALUES (764,'U','LE3','T','father');
INSERT INTO "Family_Dynamic" VALUES (765,'U','GT3','T','other');
INSERT INTO "Family_Dynamic" VALUES (766,'U','LE3','A','other');
INSERT INTO "Family_Dynamic" VALUES (767,'U','GT3','T','mother');
INSERT INTO "Family_Dynamic" VALUES (768,'U','GT3','T','mother');
INSERT INTO "Family_Dynamic" VALUES (769,'R','LE3','T','mother');
INSERT INTO "Family_Dynamic" VALUES (770,'U','GT3','T','father');
INSERT INTO "Family_Dynamic" VALUES (771,'U','LE3','T','father');
INSERT INTO "Family_Dynamic" VALUES (772,'U','GT3','T','mother');
INSERT INTO "Family_Dynamic" VALUES (773,'U','GT3','T','mother');
INSERT INTO "Family_Dynamic" VALUES (774,'U','GT3','T','mother');
INSERT INTO "Family_Dynamic" VALUES (775,'R','GT3','T','mother');
INSERT INTO "Family_Dynamic" VALUES (776,'U','GT3','T','mother');
INSERT INTO "Family_Dynamic" VALUES (777,'U','GT3','T','mother');
INSERT INTO "Family_Dynamic" VALUES (778,'U','GT3','T','mother');
INSERT INTO "Family_Dynamic" VALUES (779,'U','LE3','T','mother');
INSERT INTO "Family_Dynamic" VALUES (780,'R','GT3','T','other');
INSERT INTO "Family_Dynamic" VALUES (781,'U','GT3','T','mother');
INSERT INTO "Family_Dynamic" VALUES (782,'R','GT3','T','father');
INSERT INTO "Family_Dynamic" VALUES (783,'U','GT3','T','mother');
INSERT INTO "Family_Dynamic" VALUES (784,'U','GT3','T','mother');
INSERT INTO "Family_Dynamic" VALUES (785,'U','LE3','T','other');
INSERT INTO "Family_Dynamic" VALUES (786,'R','GT3','T','mother');
INSERT INTO "Family_Dynamic" VALUES (787,'U','GT3','T','mother');
INSERT INTO "Family_Dynamic" VALUES (788,'U','GT3','T','mother');
INSERT INTO "Family_Dynamic" VALUES (789,'U','LE3','T','mother');
INSERT INTO "Family_Dynamic" VALUES (790,'R','GT3','A','mother');
INSERT INTO "Family_Dynamic" VALUES (791,'U','GT3','T','father');
INSERT INTO "Family_Dynamic" VALUES (792,'U','LE3','T','mother');
INSERT INTO "Family_Dynamic" VALUES (793,'U','GT3','A','father');
INSERT INTO "Family_Dynamic" VALUES (794,'U','GT3','T','mother');
INSERT INTO "Family_Dynamic" VALUES (795,'U','GT3','T','mother');
INSERT INTO "Family_Dynamic" VALUES (796,'R','GT3','T','mother');
INSERT INTO "Family_Dynamic" VALUES (797,'U','GT3','T','mother');
INSERT INTO "Family_Dynamic" VALUES (798,'U','GT3','T','mother');
INSERT INTO "Family_Dynamic" VALUES (799,'U','GT3','T','mother');
INSERT INTO "Family_Dynamic" VALUES (800,'U','GT3','T','mother');
INSERT INTO "Family_Dynamic" VALUES (801,'U','LE3','A','other');
INSERT INTO "Family_Dynamic" VALUES (802,'U','GT3','T','mother');
INSERT INTO "Family_Dynamic" VALUES (803,'U','LE3','T','other');
INSERT INTO "Family_Dynamic" VALUES (804,'U','LE3','T','mother');
INSERT INTO "Family_Dynamic" VALUES (805,'U','LE3','A','other');
INSERT INTO "Family_Dynamic" VALUES (806,'U','GT3','T','mother');
INSERT INTO "Family_Dynamic" VALUES (807,'U','LE3','A','mother');
INSERT INTO "Family_Dynamic" VALUES (808,'U','LE3','T','mother');
INSERT INTO "Family_Dynamic" VALUES (809,'R','LE3','T','other');
INSERT INTO "Family_Dynamic" VALUES (810,'R','GT3','T','other');
INSERT INTO "Family_Dynamic" VALUES (811,'U','GT3','T','other');
INSERT INTO "Family_Dynamic" VALUES (812,'U','LE3','A','mother');
INSERT INTO "Family_Dynamic" VALUES (813,'U','GT3','T','father');
INSERT INTO "Family_Dynamic" VALUES (814,'R','GT3','T','father');
INSERT INTO "Family_Dynamic" VALUES (815,'U','GT3','T','mother');
INSERT INTO "Family_Dynamic" VALUES (816,'U','LE3','A','mother');
INSERT INTO "Family_Dynamic" VALUES (817,'U','GT3','T','mother');
INSERT INTO "Family_Dynamic" VALUES (818,'U','GT3','T','mother');
INSERT INTO "Family_Dynamic" VALUES (819,'U','GT3','T','father');
INSERT INTO "Family_Dynamic" VALUES (820,'R','GT3','T','mother');
INSERT INTO "Family_Dynamic" VALUES (821,'R','GT3','T','mother');
INSERT INTO "Family_Dynamic" VALUES (822,'R','GT3','T','mother');
INSERT INTO "Family_Dynamic" VALUES (823,'R','GT3','T','mother');
INSERT INTO "Family_Dynamic" VALUES (824,'R','LE3','T','mother');
INSERT INTO "Family_Dynamic" VALUES (825,'R','LE3','A','mother');
INSERT INTO "Family_Dynamic" VALUES (826,'U','GT3','A','mother');
INSERT INTO "Family_Dynamic" VALUES (827,'R','GT3','T','father');
INSERT INTO "Family_Dynamic" VALUES (828,'R','GT3','T','father');
INSERT INTO "Family_Dynamic" VALUES (829,'R','GT3','T','mother');
INSERT INTO "Family_Dynamic" VALUES (830,'U','LE3','A','mother');
INSERT INTO "Family_Dynamic" VALUES (831,'R','LE3','T','father');
INSERT INTO "Family_Dynamic" VALUES (832,'R','LE3','T','mother');
INSERT INTO "Family_Dynamic" VALUES (833,'R','GT3','T','mother');
INSERT INTO "Family_Dynamic" VALUES (834,'R','GT3','T','mother');
INSERT INTO "Family_Dynamic" VALUES (835,'R','GT3','T','father');
INSERT INTO "Family_Dynamic" VALUES (836,'U','GT3','T','mother');
INSERT INTO "Family_Dynamic" VALUES (837,'U','GT3','T','mother');
INSERT INTO "Family_Dynamic" VALUES (838,'R','LE3','T','father');
INSERT INTO "Family_Dynamic" VALUES (839,'R','LE3','T','father');
INSERT INTO "Family_Dynamic" VALUES (840,'R','GT3','T','mother');
INSERT INTO "Family_Dynamic" VALUES (841,'R','GT3','T','mother');
INSERT INTO "Family_Dynamic" VALUES (842,'U','LE3','T','father');
INSERT INTO "Family_Dynamic" VALUES (843,'R','GT3','T','mother');
INSERT INTO "Family_Dynamic" VALUES (844,'R','GT3','T','mother');
INSERT INTO "Family_Dynamic" VALUES (845,'R','GT3','T','mother');
INSERT INTO "Family_Dynamic" VALUES (846,'R','GT3','T','mother');
INSERT INTO "Family_Dynamic" VALUES (847,'R','GT3','T','father');
INSERT INTO "Family_Dynamic" VALUES (848,'R','GT3','T','mother');
INSERT INTO "Family_Dynamic" VALUES (849,'U','GT3','T','mother');
INSERT INTO "Family_Dynamic" VALUES (850,'U','GT3','T','mother');
INSERT INTO "Family_Dynamic" VALUES (851,'U','GT3','T','mother');
INSERT INTO "Family_Dynamic" VALUES (852,'U','GT3','T','father');
INSERT INTO "Family_Dynamic" VALUES (853,'R','LE3','T','mother');
INSERT INTO "Family_Dynamic" VALUES (854,'R','GT3','T','father');
INSERT INTO "Family_Dynamic" VALUES (855,'R','GT3','T','father');
INSERT INTO "Family_Dynamic" VALUES (856,'R','GT3','T','father');
INSERT INTO "Family_Dynamic" VALUES (857,'R','GT3','T','mother');
INSERT INTO "Family_Dynamic" VALUES (858,'R','GT3','T','father');
INSERT INTO "Family_Dynamic" VALUES (859,'R','LE3','T','father');
INSERT INTO "Family_Dynamic" VALUES (860,'R','GT3','T','father');
INSERT INTO "Family_Dynamic" VALUES (861,'U','GT3','T','father');
INSERT INTO "Family_Dynamic" VALUES (862,'U','GT3','T','mother');
INSERT INTO "Family_Dynamic" VALUES (863,'R','GT3','T','father');
INSERT INTO "Family_Dynamic" VALUES (864,'U','GT3','T','mother');
INSERT INTO "Family_Dynamic" VALUES (865,'U','GT3','T','father');
INSERT INTO "Family_Dynamic" VALUES (866,'R','GT3','T','mother');
INSERT INTO "Family_Dynamic" VALUES (867,'R','GT3','T','mother');
INSERT INTO "Family_Dynamic" VALUES (868,'R','LE3','T','father');
INSERT INTO "Family_Dynamic" VALUES (869,'U','LE3','T','mother');
INSERT INTO "Family_Dynamic" VALUES (870,'R','LE3','T','father');
INSERT INTO "Family_Dynamic" VALUES (871,'U','GT3','T','mother');
INSERT INTO "Family_Dynamic" VALUES (872,'R','LE3','T','mother');
INSERT INTO "Family_Dynamic" VALUES (873,'U','GT3','T','father');
INSERT INTO "Family_Dynamic" VALUES (874,'R','GT3','T','father');
INSERT INTO "Family_Dynamic" VALUES (875,'U','GT3','T','mother');
INSERT INTO "Family_Dynamic" VALUES (876,'U','GT3','T','other');
INSERT INTO "Family_Dynamic" VALUES (877,'R','GT3','T','mother');
INSERT INTO "Family_Dynamic" VALUES (878,'R','LE3','T','mother');
INSERT INTO "Family_Dynamic" VALUES (879,'R','GT3','T','father');
INSERT INTO "Family_Dynamic" VALUES (880,'U','LE3','A','mother');
INSERT INTO "Family_Dynamic" VALUES (881,'R','GT3','T','mother');
INSERT INTO "Family_Dynamic" VALUES (882,'U','GT3','T','father');
INSERT INTO "Family_Dynamic" VALUES (883,'R','LE3','A','other');
INSERT INTO "Family_Dynamic" VALUES (884,'U','GT3','T','mother');
INSERT INTO "Family_Dynamic" VALUES (885,'R','GT3','T','mother');
INSERT INTO "Family_Dynamic" VALUES (886,'R','GT3','T','mother');
INSERT INTO "Family_Dynamic" VALUES (887,'U','GT3','T','other');
INSERT INTO "Family_Dynamic" VALUES (888,'R','GT3','A','mother');
INSERT INTO "Family_Dynamic" VALUES (889,'U','GT3','T','father');
INSERT INTO "Family_Dynamic" VALUES (890,'R','LE3','T','mother');
INSERT INTO "Family_Dynamic" VALUES (891,'U','GT3','T','mother');
INSERT INTO "Family_Dynamic" VALUES (892,'R','LE3','T','mother');
INSERT INTO "Family_Dynamic" VALUES (893,'U','GT3','T','mother');
INSERT INTO "Family_Dynamic" VALUES (894,'U','GT3','T','mother');
INSERT INTO "Family_Dynamic" VALUES (895,'U','GT3','T','mother');
INSERT INTO "Family_Dynamic" VALUES (896,'U','GT3','T','father');
INSERT INTO "Family_Dynamic" VALUES (897,'U','LE3','T','father');
INSERT INTO "Family_Dynamic" VALUES (898,'R','LE3','T','mother');
INSERT INTO "Family_Dynamic" VALUES (899,'U','GT3','T','other');
INSERT INTO "Family_Dynamic" VALUES (900,'U','LE3','T','mother');
INSERT INTO "Family_Dynamic" VALUES (901,'R','GT3','T','mother');
INSERT INTO "Family_Dynamic" VALUES (902,'U','GT3','T','mother');
INSERT INTO "Family_Dynamic" VALUES (903,'U','LE3','T','father');
INSERT INTO "Family_Dynamic" VALUES (904,'R','GT3','T','mother');
INSERT INTO "Family_Dynamic" VALUES (905,'R','LE3','T','father');
INSERT INTO "Family_Dynamic" VALUES (906,'R','GT3','T','mother');
INSERT INTO "Family_Dynamic" VALUES (907,'U','GT3','A','mother');
INSERT INTO "Family_Dynamic" VALUES (908,'R','GT3','T','mother');
INSERT INTO "Family_Dynamic" VALUES (909,'U','GT3','T','mother');
INSERT INTO "Family_Dynamic" VALUES (910,'U','GT3','T','mother');
INSERT INTO "Family_Dynamic" VALUES (911,'U','LE3','T','mother');
INSERT INTO "Family_Dynamic" VALUES (912,'R','GT3','T','father');
INSERT INTO "Family_Dynamic" VALUES (913,'R','LE3','T','mother');
INSERT INTO "Family_Dynamic" VALUES (914,'U','GT3','A','father');
INSERT INTO "Family_Dynamic" VALUES (915,'R','GT3','T','mother');
INSERT INTO "Family_Dynamic" VALUES (916,'U','LE3','T','mother');
INSERT INTO "Family_Dynamic" VALUES (917,'R','GT3','T','mother');
INSERT INTO "Family_Dynamic" VALUES (918,'U','GT3','T','mother');
INSERT INTO "Family_Dynamic" VALUES (919,'U','LE3','T','mother');
INSERT INTO "Family_Dynamic" VALUES (920,'R','LE3','T','mother');
INSERT INTO "Family_Dynamic" VALUES (921,'U','LE3','T','mother');
INSERT INTO "Family_Dynamic" VALUES (922,'R','GT3','T','mother');
INSERT INTO "Family_Dynamic" VALUES (923,'U','LE3','T','mother');
INSERT INTO "Family_Dynamic" VALUES (924,'R','GT3','T','mother');
INSERT INTO "Family_Dynamic" VALUES (925,'U','LE3','T','father');
INSERT INTO "Family_Dynamic" VALUES (926,'U','GT3','T','mother');
INSERT INTO "Family_Dynamic" VALUES (927,'U','GT3','T','mother');
INSERT INTO "Family_Dynamic" VALUES (928,'U','GT3','T','mother');
INSERT INTO "Family_Dynamic" VALUES (929,'U','LE3','T','mother');
INSERT INTO "Family_Dynamic" VALUES (930,'U','LE3','T','father');
INSERT INTO "Family_Dynamic" VALUES (931,'R','GT3','T','mother');
INSERT INTO "Family_Dynamic" VALUES (932,'U','LE3','A','mother');
INSERT INTO "Family_Dynamic" VALUES (933,'U','LE3','A','mother');
INSERT INTO "Family_Dynamic" VALUES (934,'R','LE3','T','mother');
INSERT INTO "Family_Dynamic" VALUES (935,'U','LE3','T','mother');
INSERT INTO "Family_Dynamic" VALUES (936,'U','GT3','T','mother');
INSERT INTO "Family_Dynamic" VALUES (937,'R','GT3','T','mother');
INSERT INTO "Family_Dynamic" VALUES (938,'U','GT3','T','mother');
INSERT INTO "Family_Dynamic" VALUES (939,'R','GT3','T','father');
INSERT INTO "Family_Dynamic" VALUES (940,'R','LE3','T','father');
INSERT INTO "Family_Dynamic" VALUES (941,'U','GT3','T','mother');
INSERT INTO "Family_Dynamic" VALUES (942,'U','GT3','T','father');
INSERT INTO "Family_Dynamic" VALUES (943,'R','LE3','T','father');
INSERT INTO "Family_Dynamic" VALUES (944,'U','GT3','A','mother');
INSERT INTO "Family_Dynamic" VALUES (945,'R','GT3','T','mother');
INSERT INTO "Family_Dynamic" VALUES (946,'U','LE3','A','father');
INSERT INTO "Family_Dynamic" VALUES (947,'U','GT3','T','father');
INSERT INTO "Family_Dynamic" VALUES (948,'U','GT3','T','mother');
INSERT INTO "Family_Dynamic" VALUES (949,'U','LE3','A','mother');
INSERT INTO "Family_Dynamic" VALUES (950,'R','GT3','T','father');
INSERT INTO "Family_Dynamic" VALUES (951,'R','GT3','T','father');
INSERT INTO "Family_Dynamic" VALUES (952,'R','LE3','T','mother');
INSERT INTO "Family_Dynamic" VALUES (953,'R','GT3','T','mother');
INSERT INTO "Family_Dynamic" VALUES (954,'R','GT3','T','mother');
INSERT INTO "Family_Dynamic" VALUES (955,'R','GT3','T','other');
INSERT INTO "Family_Dynamic" VALUES (956,'R','GT3','T','mother');
INSERT INTO "Family_Dynamic" VALUES (957,'U','LE3','T','mother');
INSERT INTO "Family_Dynamic" VALUES (958,'R','LE3','T','father');
INSERT INTO "Family_Dynamic" VALUES (959,'U','GT3','T','mother');
INSERT INTO "Family_Dynamic" VALUES (960,'R','GT3','T','father');
INSERT INTO "Family_Dynamic" VALUES (961,'R','LE3','T','mother');
INSERT INTO "Family_Dynamic" VALUES (962,'R','GT3','T','other');
INSERT INTO "Family_Dynamic" VALUES (963,'R','GT3','T','mother');
INSERT INTO "Family_Dynamic" VALUES (964,'U','GT3','T','mother');
INSERT INTO "Family_Dynamic" VALUES (965,'U','GT3','T','mother');
INSERT INTO "Family_Dynamic" VALUES (966,'R','GT3','T','mother');
INSERT INTO "Family_Dynamic" VALUES (967,'U','GT3','T','other');
INSERT INTO "Family_Dynamic" VALUES (968,'U','GT3','A','mother');
INSERT INTO "Family_Dynamic" VALUES (969,'U','GT3','T','mother');
INSERT INTO "Family_Dynamic" VALUES (970,'R','GT3','T','other');
INSERT INTO "Family_Dynamic" VALUES (971,'R','GT3','A','mother');
INSERT INTO "Family_Dynamic" VALUES (972,'R','GT3','T','mother');
INSERT INTO "Family_Dynamic" VALUES (973,'R','GT3','T','other');
INSERT INTO "Family_Dynamic" VALUES (974,'U','GT3','T','mother');
INSERT INTO "Family_Dynamic" VALUES (975,'U','LE3','T','mother');
INSERT INTO "Family_Dynamic" VALUES (976,'R','GT3','T','other');
INSERT INTO "Family_Dynamic" VALUES (977,'U','GT3','A','mother');
INSERT INTO "Family_Dynamic" VALUES (978,'U','LE3','A','mother');
INSERT INTO "Family_Dynamic" VALUES (979,'R','GT3','T','mother');
INSERT INTO "Family_Dynamic" VALUES (980,'R','GT3','T','mother');
INSERT INTO "Family_Dynamic" VALUES (981,'R','LE3','A','other');
INSERT INTO "Family_Dynamic" VALUES (982,'U','GT3','T','mother');
INSERT INTO "Family_Dynamic" VALUES (983,'R','LE3','T','mother');
INSERT INTO "Family_Dynamic" VALUES (984,'U','GT3','T','mother');
INSERT INTO "Family_Dynamic" VALUES (985,'U','LE3','T','father');
INSERT INTO "Family_Dynamic" VALUES (986,'U','GT3','T','mother');
INSERT INTO "Family_Dynamic" VALUES (987,'U','GT3','T','father');
INSERT INTO "Family_Dynamic" VALUES (988,'U','GT3','T','mother');
INSERT INTO "Family_Dynamic" VALUES (989,'U','LE3','A','mother');
INSERT INTO "Family_Dynamic" VALUES (990,'U','GT3','T','mother');
INSERT INTO "Family_Dynamic" VALUES (991,'U','LE3','T','mother');
INSERT INTO "Family_Dynamic" VALUES (992,'U','GT3','T','mother');
INSERT INTO "Family_Dynamic" VALUES (993,'R','GT3','T','mother');
INSERT INTO "Family_Dynamic" VALUES (994,'U','LE3','T','mother');
INSERT INTO "Family_Dynamic" VALUES (995,'R','GT3','T','mother');
INSERT INTO "Family_Dynamic" VALUES (996,'R','GT3','T','father');
INSERT INTO "Family_Dynamic" VALUES (997,'U','GT3','T','mother');
INSERT INTO "Family_Dynamic" VALUES (998,'U','LE3','T','father');
INSERT INTO "Family_Dynamic" VALUES (999,'R','LE3','A','mother');
INSERT INTO "Family_Dynamic" VALUES (1000,'U','GT3','T','mother');
INSERT INTO "Family_Dynamic" VALUES (1001,'U','GT3','T','father');
INSERT INTO "Family_Dynamic" VALUES (1002,'U','GT3','T','father');
INSERT INTO "Family_Dynamic" VALUES (1003,'R','LE3','A','mother');
INSERT INTO "Family_Dynamic" VALUES (1004,'U','LE3','A','mother');
INSERT INTO "Family_Dynamic" VALUES (1005,'U','GT3','T','father');
INSERT INTO "Family_Dynamic" VALUES (1006,'R','GT3','A','other');
INSERT INTO "Family_Dynamic" VALUES (1007,'R','GT3','T','mother');
INSERT INTO "Family_Dynamic" VALUES (1008,'R','GT3','T','mother');
INSERT INTO "Family_Dynamic" VALUES (1009,'U','GT3','T','father');
INSERT INTO "Family_Dynamic" VALUES (1010,'R','GT3','T','father');
INSERT INTO "Family_Dynamic" VALUES (1011,'U','LE3','A','mother');
INSERT INTO "Family_Dynamic" VALUES (1012,'U','LE3','T','father');
INSERT INTO "Family_Dynamic" VALUES (1013,'U','LE3','T','father');
INSERT INTO "Family_Dynamic" VALUES (1014,'R','LE3','A','mother');
INSERT INTO "Family_Dynamic" VALUES (1015,'U','GT3','T','mother');
INSERT INTO "Family_Dynamic" VALUES (1016,'U','LE3','T','mother');
INSERT INTO "Family_Dynamic" VALUES (1017,'R','GT3','T','father');
INSERT INTO "Family_Dynamic" VALUES (1018,'R','GT3','T','mother');
INSERT INTO "Family_Dynamic" VALUES (1019,'U','LE3','T','mother');
INSERT INTO "Family_Dynamic" VALUES (1020,'R','GT3','T','mother');
INSERT INTO "Family_Dynamic" VALUES (1021,'U','GT3','T','father');
INSERT INTO "Family_Dynamic" VALUES (1022,'R','GT3','T','father');
INSERT INTO "Family_Dynamic" VALUES (1023,'R','LE3','T','father');
INSERT INTO "Family_Dynamic" VALUES (1024,'U','GT3','T','mother');
INSERT INTO "Family_Dynamic" VALUES (1025,'R','GT3','T','mother');
INSERT INTO "Family_Dynamic" VALUES (1026,'R','LE3','T','mother');
INSERT INTO "Family_Dynamic" VALUES (1027,'R','GT3','T','mother');
INSERT INTO "Family_Dynamic" VALUES (1028,'R','GT3','T','other');
INSERT INTO "Family_Dynamic" VALUES (1029,'R','LE3','T','mother');
INSERT INTO "Family_Dynamic" VALUES (1030,'U','GT3','T','mother');
INSERT INTO "Family_Dynamic" VALUES (1031,'R','GT3','T','mother');
INSERT INTO "Family_Dynamic" VALUES (1032,'U','GT3','T','father');
INSERT INTO "Family_Dynamic" VALUES (1033,'R','GT3','T','mother');
INSERT INTO "Family_Dynamic" VALUES (1034,'U','GT3','T','father');
INSERT INTO "Family_Dynamic" VALUES (1035,'R','GT3','T','mother');
INSERT INTO "Family_Dynamic" VALUES (1036,'R','GT3','T','father');
INSERT INTO "Family_Dynamic" VALUES (1037,'R','GT3','T','mother');
INSERT INTO "Family_Dynamic" VALUES (1038,'U','GT3','T','mother');
INSERT INTO "Family_Dynamic" VALUES (1039,'R','GT3','T','mother');
INSERT INTO "Family_Dynamic" VALUES (1040,'R','GT3','T','mother');
INSERT INTO "Family_Dynamic" VALUES (1041,'U','LE3','T','mother');
INSERT INTO "Family_Dynamic" VALUES (1042,'U','GT3','T','mother');
INSERT INTO "Family_Dynamic" VALUES (1043,'U','LE3','T','mother');
INSERT INTO "Family_Dynamic" VALUES (1044,'R','LE3','T','mother');
COMMIT;
